# id	rating	judges
# INTERNATIONAL scale, one local judge. NOT the same scale as
# difficulty.tsv; see export_enriched.py before merging them.
000c504a053e	7.00	1
000f34a0ed1f	4.00	1
0016693534d7	5.00	1
001e58eb81e1	9.00	1
002993d8b130	7.00	1
0029b67289f3	5.00	1
003744b54c56	3.00	1
005011b49e80	9.00	1
006c3ea083a9	1.00	1
006eacb8f226	8.00	1
006ef69b09b5	0.00	1
0079ef54959e	3.00	1
007cfb8122d5	10.00	1
007f17e03d01	5.00	1
0084d3d114e3	7.00	1
0085b67458e7	4.00	1
00877f55efe7	1.00	1
008e3a4a52b3	4.00	1
009157e7cd87	5.00	1
0099e3dee3e8	1.00	1
009baa0e5c50	9.00	1
009eb90edfee	4.00	1
00a204ad549b	7.00	1
00a56ea4ed12	9.00	1
00ad048834a0	2.00	1
00b261848a5d	1.00	1
00cc104d73c3	6.00	1
00d50cb959ca	0.00	1
00d7f27ace87	3.00	1
00e729356533	1.00	1
00ec61f2ec79	9.00	1
00ec8a649750	8.00	1
00f85e44a80e	2.00	1
0102225d5a20	7.00	1
010b5a33dab4	5.00	1
0115f8ebc1b8	7.00	1
0116c0cdd601	2.00	1
0122aa65fb9e	7.00	1
012e83f56353	3.00	1
012ed1e99c09	1.00	1
01316cbd2b80	9.00	1
0132d77c2911	9.00	1
0143e2055bc8	2.00	1
0146eee58821	6.00	1
01496fd21179	5.00	1
014cf9df8cd4	5.00	1
015185d9be4e	7.00	1
015a31dc0215	8.00	1
015de666beee	9.00	1
0165efbf3c6a	5.00	1
017bde6285ae	6.00	1
017d9c89dc5a	9.00	1
018a973a0977	5.00	1
018be87d629a	2.00	1
0193e0299b04	3.00	1
01a7e4dfd759	5.00	1
01ad2d46c8bb	5.00	1
01b35cc8693b	3.00	1
01b588d27921	7.00	1
01b76ced5be3	8.00	1
01bc9467ff1e	1.00	1
01c0171caa6a	7.00	1
01ccae3e263f	8.00	1
01cda580dd8d	2.00	1
01cde3912928	2.00	1
01e53b073b65	2.00	1
01e864831142	5.00	1
01f0a5a1b5f5	7.00	1
01f3fa21c5e7	6.00	1
01fbc0b6e06f	3.00	1
01fc9fbcbd66	2.00	1
0200ddfe6dcc	7.00	1
02093b9cec62	5.00	1
020b43800fdc	9.00	1
020d6fd20e85	1.00	1
02168bbc5b08	1.00	1
0218058033a4	5.00	1
022c8433b2de	5.00	1
023365b99dde	8.00	1
0233d87c0a8b	8.00	1
023959000a48	7.00	1
023a8e4a22f7	0.00	1
023b58132323	7.00	1
023c6d1e6299	5.00	1
0244d9bb449b	2.00	1
024fb74831d6	5.00	1
0265aa77d6e1	1.00	1
0266ca3207bf	7.00	1
0267363ee739	7.00	1
0267f3c5a61c	5.00	1
026aba6d9b75	3.00	1
0286b47d5b8c	1.00	1
028c12a85102	5.00	1
029d67aa78aa	8.00	1
02a100aa46cb	8.00	1
02b13a1096a2	7.00	1
02c54e5e0c68	2.00	1
02c6df2e4060	5.00	1
02c7eded25a2	9.00	1
02d4ef9b5a51	9.00	1
02deea29452c	2.00	1
02e01f3cea06	3.00	1
02e128f8dcec	4.00	1
02e137558ee9	2.00	1
02fb8656d85c	9.00	1
0302322194fe	5.00	1
031a246c9d54	9.00	1
032549851194	9.00	1
0332ff9bb754	5.00	1
034f18195cff	2.00	1
034f6de920a6	3.00	1
034f9cbb2869	5.00	1
035eee590b67	1.00	1
0362d41a36c2	7.00	1
0371b8f625ff	10.00	1
03745374eeb2	1.00	1
0378d3d330a6	5.00	1
0379f400fb8e	7.00	1
037fc19817cd	2.00	1
0382f368cc08	6.00	1
038a569e63a7	6.00	1
03916071c970	7.00	1
03933e0f3bc1	9.00	1
0395cee52024	5.00	1
03999bc38d62	5.00	1
039ab5193420	5.00	1
03a34783fdb7	8.00	1
03b177ca4c8b	3.00	1
03b2a535f1cc	3.00	1
03b6105a8169	5.00	1
03bb53b95b75	0.00	1
03bd21c3628b	1.00	1
03bf47adf2d8	5.00	1
03cb8f7549b3	4.00	1
03cddde0c7ec	8.00	1
03d8b951e8ed	7.00	1
03dc61cd1ed4	4.00	1
03e10cc59f82	5.00	1
03e2aadb9e24	1.00	1
03e361bd0f47	9.00	1
03e57d245c5d	8.00	1
03e7ad0f14d2	1.00	1
03f5293a6baa	5.00	1
03fec4157592	7.00	1
04003ddc1b2f	7.00	1
040544a7c332	5.00	1
04061df3f3ea	2.00	1
040722a0a6cf	8.00	1
040da6076aaa	4.00	1
040e7872b60b	2.00	1
04101f936229	7.00	1
0417df073960	2.00	1
041bcb9340d6	7.00	1
041c2aff5656	7.00	1
041d8673cf9c	2.00	1
0421b44d97e6	5.00	1
042c81e009b6	6.00	1
043eb2823499	5.00	1
0440f8883792	5.00	1
044438f5d5a6	9.00	1
046ba554fc9e	4.00	1
046c64cf0d63	5.00	1
047172cb567c	8.00	1
04791d8e4cdd	5.00	1
0486b21993ae	9.00	1
048770919c6a	5.00	1
04915a108c72	3.00	1
04923bbe0021	5.00	1
0492f816687f	1.00	1
0498f4fe2ca1	3.00	1
049a5a6ad343	9.00	1
04a2c3659ff2	3.00	1
04cabe2f0d4b	7.00	1
04ce621d6b99	7.00	1
04deeef9f00c	7.00	1
04df21b77bcd	8.00	1
04e20bf43890	5.00	1
04e28a51fb1a	6.00	1
04ebf4cc4f6a	3.00	1
04f175bd9762	6.00	1
04fb07cdf11c	5.00	1
05088394bf31	5.00	1
0515192810e2	5.00	1
0517d426339f	2.00	1
051c70522c9b	1.00	1
052900eaf946	4.00	1
052c3aa2f4fd	1.00	1
0532955471c9	4.00	1
0544e43c8283	9.00	1
054977a8c666	1.00	1
054a8e093a88	2.00	1
054ad6fa4854	7.00	1
054ce7e7b415	0.00	1
0551d47f81c4	8.00	1
055da5864ac4	4.00	1
0560438ac440	9.00	1
056e0ae4df70	8.00	1
0579b58ba814	9.00	1
0579f211e692	1.00	1
057e0abf352c	1.00	1
057ebc803ee8	0.00	1
057faa008a80	6.00	1
05875a190c47	7.00	1
058903f0f0dc	9.00	1
0596e8bee107	2.00	1
05a7d7c99f27	1.00	1
05ab8407aecd	9.00	1
05c1744845df	7.00	1
05c1f28a42fd	5.00	1
05c32677b377	9.00	1
05cdc44468c7	6.00	1
05d0942c4ae3	7.00	1
05d61179b6f8	1.00	1
05d94081e2eb	5.00	1
05db1519b26f	2.00	1
05dee4db44a0	6.00	1
05e3fd12ac82	4.00	1
05ecff65aaeb	4.00	1
05ef347df277	2.00	1
05f028f0aaf0	8.00	1
05f21cff0100	1.00	1
05f2994feef9	4.00	1
05f38e5e88bf	1.00	1
05fb6b31a034	5.00	1
05fcb0a13ca9	1.00	1
060ce659c2f6	1.00	1
060e4ec7093f	8.00	1
06125d922ddf	5.00	1
0613924d6c6f	5.00	1
061529876593	5.00	1
061ae79d9e13	9.00	1
062075b729fc	7.00	1
062165d74702	7.00	1
0621a7386917	9.00	1
062dec0ad9df	2.00	1
0634a13c1b8c	9.00	1
063f1842906d	0.00	1
0653f4ec1fd1	8.00	1
0657f4156d1b	8.00	1
0658c1d4a28a	5.00	1
06629e1b0588	0.00	1
067995a92a07	5.00	1
067b01bd1265	5.00	1
06866e361cff	5.00	1
068d140c5a00	9.00	1
069c2aee31d7	4.00	1
06a18a1f4782	5.00	1
06a58324035a	7.00	1
06a9ed8168f7	2.00	1
06ae2bff8834	5.00	1
06b2306ac352	5.00	1
06c4193efcdc	7.00	1
06c4d911d584	5.00	1
06ca8233252e	7.00	1
06cce9da87a6	5.00	1
06d110cfc6be	2.00	1
06d23868bbc5	2.00	1
06e056e34067	7.00	1
06e1b2f4edac	7.00	1
06e247f4ef9b	5.00	1
06e8308c9c62	9.00	1
06ee51046ee8	4.00	1
06eeaf022443	2.00	1
06f419eb4599	3.00	1
07083c33e009	8.00	1
0710e463795b	9.00	1
07120173757b	1.00	1
071a74433259	0.00	1
071f548932e9	8.00	1
07209716bea3	9.00	1
072988b78d93	3.00	1
072d5c51c902	7.00	1
0734cb9de44c	8.00	1
0736517969bb	5.00	1
07381dc9b8c0	7.00	1
0751b550f92e	8.00	1
0751e65ef3f5	0.00	1
07593eaf29e8	7.00	1
075d10757a13	4.00	1
0760ede5607a	2.00	1
07650d01b835	1.00	1
0776bd2e6533	5.00	1
07791712c1b7	8.00	1
0782bfb41b4f	5.00	1
07953f1e64c6	2.00	1
079f7eb0a0fd	3.00	1
07b74284dd86	8.00	1
07c5f4618538	1.00	1
07cbb987c600	1.00	1
07cd46f4b721	10.00	1
07d24d517abe	4.00	1
07dbffde7386	9.00	1
07e81c937fea	1.00	1
07f69124d11d	9.00	1
07f69c724c16	2.00	1
080046ec7fd7	2.00	1
080056a0032f	9.00	1
081b01b4090b	7.00	1
0820293988c3	7.00	1
0825e89530a6	2.00	1
083bb3076234	8.00	1
0844cf1d1238	5.00	1
084c8de86569	5.00	1
084ea970992a	5.00	1
085fc8c7087f	4.00	1
0862d985eb72	5.00	1
0864cf08b1c3	1.00	1
08650ccd1587	7.00	1
0866dab3094c	9.00	1
0877585effd3	5.00	1
08795d51da8b	9.00	1
087b52db1e95	5.00	1
088639863b35	7.00	1
0890a30cb1ea	1.00	1
0891d04ea97e	8.00	1
0892a68ddc4b	2.00	1
08b24a0fc45f	8.00	1
08c387e92a79	2.00	1
08c415048ca1	7.00	1
08c6fa4fe0c3	9.00	1
08cc79e234b9	9.00	1
08d3d7a1f54b	5.00	1
08d5d05eef66	7.00	1
08d638370f9a	0.00	1
08d8b9a4d408	3.00	1
08e08b6fc9db	9.00	1
08efc8cd266f	2.00	1
08f4033bef0d	7.00	1
08f449debeed	8.00	1
08fb06f37f02	9.00	1
090a50bdde64	7.00	1
090eb2fc3a3a	1.00	1
09155b8280c6	5.00	1
091750d45d00	5.00	1
092318e773b0	2.00	1
092350126c41	5.00	1
092b91a0c1d3	3.00	1
09432a8d6b71	3.00	1
094d64d6f193	0.00	1
0953fca8c1ff	2.00	1
0958998607dd	9.00	1
09657b543641	1.00	1
096fdb769fc9	3.00	1
097d2dc36227	4.00	1
0982a754ac8b	6.00	1
09881ec02030	3.00	1
098a29bec6ad	5.00	1
098bfc34cb6f	3.00	1
0991fef3d39c	10.00	1
099716f1de1d	7.00	1
099ec1835970	1.00	1
09a0bf32b904	9.00	1
09b4902f9d08	9.00	1
09b5de57ed79	5.00	1
09b677703706	2.00	1
09c40ad3449f	5.00	1
09c964db9b27	5.00	1
09ea63f466a1	8.00	1
09f377b0562b	9.00	1
09faea7b3eb6	5.00	1
0a0499012055	5.00	1
0a05bb7fe4f9	7.00	1
0a0802333a68	0.00	1
0a0ae98377b7	4.00	1
0a0af904bff0	9.00	1
0a13559541da	7.00	1
0a13f0f621d0	3.00	1
0a1a379099f4	6.00	1
0a2fc6842b74	9.00	1
0a3f4ebc879b	9.00	1
0a411a95ecb7	1.00	1
0a4f91fae77f	7.00	1
0a4fc8e5053b	5.00	1
0a4fef0fe682	7.00	1
0a544fd9789a	6.00	1
0a63276de62f	3.00	1
0a7060facb22	9.00	1
0a711f660878	7.00	1
0a786de400f2	3.00	1
0a7b04ff14c3	2.00	1
0a8a6dede2f6	5.00	1
0a8d8a6971e9	5.00	1
0a95b9eb4e94	4.00	1
0aa90652226d	0.00	1
0ab3b4fd7127	6.00	1
0ab808282b98	8.00	1
0ac1b72eb27e	8.00	1
0ac27411ec9e	2.00	1
0aca510687a0	1.00	1
0acb5932ca8e	7.00	1
0acfd0eef07a	7.00	1
0adc720b44cf	3.00	1
0adc79c384c0	5.00	1
0aec025c2ed8	3.00	1
0aec4c08824b	8.00	1
0af665c12c7b	4.00	1
0af7d65db917	5.00	1
0af930b91542	1.00	1
0afbad6ffa81	7.00	1
0b01403f3de0	4.00	1
0b03be123b94	7.00	1
0b068da7346b	4.00	1
0b110fbf43df	7.00	1
0b16ee706163	4.00	1
0b18c737b324	1.00	1
0b20db6e4b89	3.00	1
0b231a772e3b	4.00	1
0b231adff8ea	2.00	1
0b30909d0280	0.00	1
0b3775ee1559	0.00	1
0b3fd8b6fcde	7.00	1
0b4be6511c48	1.00	1
0b4e8f519012	5.00	1
0b533c38d9b4	0.00	1
0b61b4f4a993	7.00	1
0b71cb4abe8e	2.00	1
0b7a2264226e	9.00	1
0b83aea85c3d	5.00	1
0b8c121a1114	2.00	1
0b91a17830f3	2.00	1
0b9e5845a598	4.00	1
0ba427626ce9	1.00	1
0bae2fd7304b	6.00	1
0bc29bccff1b	2.00	1
0bd7f2a50e2b	5.00	1
0bdd5ae090f9	4.00	1
0be1313aa785	3.00	1
0be6ea7cdd58	2.00	1
0bf9e9e142f8	8.00	1
0bfaa357c7e4	0.00	1
0bfd37788df6	8.00	1
0c003409d566	8.00	1
0c0733a123e6	9.00	1
0c17e4132f47	1.00	1
0c1abfbf06df	4.00	1
0c1e213d19aa	8.00	1
0c20e5e47805	5.00	1
0c3f89c72e16	4.00	1
0c456be35ddf	9.00	1
0c48902942f3	9.00	1
0c578daeae28	9.00	1
0c61d81b7aee	5.00	1
0c6ea5405624	1.00	1
0c744726d152	1.00	1
0c8713a166dd	2.00	1
0c91e8e51956	7.00	1
0c9c84a3c73e	7.00	1
0cab011aa5f3	5.00	1
0cb743fe4532	9.00	1
0cb89695b1e9	8.00	1
0cb8d51818da	5.00	1
0cbd69c3eb30	8.00	1
0cc171bc7ec5	5.00	1
0cc458a5688c	2.00	1
0cc55f1640a8	7.00	1
0cc62b250a97	5.00	1
0cc85d38dbe0	2.00	1
0ccec002a9f2	9.00	1
0cd2b1785335	7.00	1
0cd3c3906e78	3.00	1
0cd66c828457	8.00	1
0ce0dbe573dc	7.00	1
0ce18565438a	6.00	1
0cea3c1fb913	9.00	1
0cf805776f07	1.00	1
0cfb3ac86a19	4.00	1
0d00bdb5b72f	9.00	1
0d214e892577	9.00	1
0d35fbf61e73	1.00	1
0d3b7ade83fc	3.00	1
0d4077090b93	5.00	1
0d4f45d9a081	1.00	1
0d58dd080709	1.00	1
0d640313aa03	4.00	1
0d684deefb3c	7.00	1
0d70e0860b87	6.00	1
0d76b7e53018	5.00	1
0d8111d0b9d0	6.00	1
0d81b95cbb6f	5.00	1
0d82f14dd304	5.00	1
0d85146fca55	3.00	1
0d88e23d5dfa	1.00	1
0da98868bd2f	7.00	1
0daf4eeee611	5.00	1
0dc1dafc5afb	4.00	1
0dc5cacf7fa2	8.00	1
0dc752cb3ed0	9.00	1
0dd16b915728	8.00	1
0dda0dddb702	2.00	1
0de0a9e8321e	7.00	1
0de20b7ad0be	7.00	1
0de7c1b1ac39	2.00	1
0de8f220223f	3.00	1
0e0974293764	3.00	1
0e0f5ed5c718	2.00	1
0e21ee6c069e	8.00	1
0e26ca109664	2.00	1
0e2ae3547be0	10.00	1
0e2f9583c2b8	9.00	1
0e2fa05e6ece	9.00	1
0e308ab087d0	6.00	1
0e38d733379a	3.00	1
0e3a7bf2ed6b	3.00	1
0e3b274e8c6d	9.00	1
0e3f90b019d3	1.00	1
0e45c779074e	8.00	1
0e4b10a71a15	3.00	1
0e543259fb0c	8.00	1
0e55a2f4c1db	0.00	1
0e585d497abe	5.00	1
0e5b5c56557c	2.00	1
0e5e5f4870cf	9.00	1
0e613ef46beb	0.00	1
0e6229406a76	8.00	1
0e697873b029	3.00	1
0e71cce666ee	3.00	1
0e75c40c837e	0.00	1
0e76c47e9936	5.00	1
0e8b888e4035	5.00	1
0e934e166b76	4.00	1
0e94f4f3bc3a	9.00	1
0e97b327772a	3.00	1
0e99f344e5a6	6.00	1
0ea4c6d09a93	2.00	1
0eb1890c6aa7	1.00	1
0eb206916fe8	5.00	1
0ec3991cac3a	7.00	1
0ec5f5eda23f	4.00	1
0ec820006e1d	0.00	1
0ec982091c1e	9.00	1
0ecf35d1dbd6	2.00	1
0ed7b8a13a15	3.00	1
0ee0188031e9	5.00	1
0ee05be2fc7a	2.00	1
0ee985d07448	10.00	1
0ef39a6f6600	5.00	1
0f04d41f9241	1.00	1
0f0f2c1c2b06	2.00	1
0f12a9e03194	9.00	1
0f20d6500b44	1.00	1
0f21ccd10e6d	2.00	1
0f2cd2268997	8.00	1
0f447c427fc4	3.00	1
0f52ec7ff81a	5.00	1
0f58d60cee5a	5.00	1
0f647db76630	5.00	1
0f69ec6a4bc5	7.00	1
0f75f6b8ee5a	1.00	1
0f8159032f9a	4.00	1
0f8b65baed43	3.00	1
0f9f3aedf802	9.00	1
0fb5050a843e	9.00	1
0fb7c0969b74	1.00	1
0fbca8aa0fa7	8.00	1
0fc6a26494d2	8.00	1
0fcaa83dbec7	2.00	1
0fcfdf7f04e9	8.00	1
0fe6969d2706	5.00	1
0ff22c00db99	5.00	1
0ff73a7f1f8c	5.00	1
100ba080ea98	5.00	1
100be380fffa	5.00	1
100ff7a1b567	7.00	1
101318e8ecfc	3.00	1
101a184d4e15	7.00	1
101ee2ec5bf3	5.00	1
102b8cadfacc	4.00	1
102c59989895	2.00	1
1038b8b4f4ce	5.00	1
103ab8cc5f2e	2.00	1
103fd6141279	9.00	1
104441a8b960	9.00	1
1047c4c7edac	7.00	1
104d08a770b8	7.00	1
104df300236b	9.00	1
105567d8bf0d	9.00	1
1055da1ce48e	8.00	1
1069a06f5952	9.00	1
106f8345a8ab	2.00	1
1075a6521a98	3.00	1
108110a65047	4.00	1
108a92b075e6	9.00	1
109455da6f10	8.00	1
109832ad7c8b	5.00	1
10a22e5ddfd9	9.00	1
10b1ae4c7a38	7.00	1
10c844c176f5	2.00	1
10cd5db25990	9.00	1
10cf3ae57831	3.00	1
10d3ffa70f8c	6.00	1
10dc4cdfb3d9	9.00	1
10dd82a29248	9.00	1
10ec5ae41b2f	6.00	1
11033b52362f	1.00	1
11051091a266	1.00	1
110abc42a2fc	5.00	1
110d39ca411f	8.00	1
111c34f592e7	7.00	1
11202367a46c	6.00	1
11338042a289	1.00	1
113906bc3932	5.00	1
113a03ba3b78	7.00	1
113c6dd399a7	7.00	1
113c9387acb6	9.00	1
113cb11f56d1	4.00	1
1140a19fc1e9	7.00	1
11486a47ca66	8.00	1
1154c4d3b73b	0.00	1
1164696cf0de	7.00	1
1178dbca1854	2.00	1
118b6fd9fc01	5.00	1
118e65022c48	4.00	1
1195bf529fbe	5.00	1
11a35ec5c7ef	8.00	1
11af10cf2cde	2.00	1
11b3937fc790	7.00	1
11dd338dc1d3	5.00	1
11df2bea3c03	1.00	1
11ece9e87b3c	7.00	1
11ed10275dd3	4.00	1
11f56fb85a96	9.00	1
11f6b3b0cd52	7.00	1
11fbb915733e	9.00	1
11fd0b41296a	3.00	1
12029cfc6ef4	7.00	1
120b68b04a4e	7.00	1
120b802046af	2.00	1
121097f94a66	4.00	1
1214e23f3e4a	4.00	1
121be0ad8faf	5.00	1
122e441d7cbf	7.00	1
1236f7308e7c	2.00	1
123bf85ac7f3	7.00	1
1241c2d43f58	0.00	1
124b93dcfc5d	2.00	1
12629123bbed	5.00	1
1265e8e677fa	8.00	1
126a0d9bb664	7.00	1
126ba4f6c3a0	1.00	1
126be3ed6380	9.00	1
126da7bba2f9	9.00	1
126f3b60080d	7.00	1
127187b2d7e6	1.00	1
1275fe851a3c	6.00	1
1276b9c449d4	2.00	1
12859a030640	9.00	1
12890e14d102	8.00	1
128bd920cbce	5.00	1
128c162fcf85	1.00	1
1295bd949a4d	4.00	1
1297b92235f1	6.00	1
129ce61a54e8	8.00	1
129ff537ae6e	7.00	1
12a48bc902cc	4.00	1
12a7e20870a8	3.00	1
12ad0f716bfb	5.00	1
12b695bff397	5.00	1
12b6bb0807be	2.00	1
12b7c624cbbb	4.00	1
12bb643e57c0	9.00	1
12c3ec6921e1	3.00	1
12c5ca1b0f94	6.00	1
12cd10d69bef	0.00	1
12cd3d90011c	3.00	1
12ceb6434d7b	1.00	1
12d13716a80b	10.00	1
12d1474cb58b	4.00	1
12e10d2b772f	0.00	1
12ea7d21c466	10.00	1
12fd1bc519c1	7.00	1
13000cee78ea	9.00	1
1306d7ed0c49	3.00	1
130778155517	5.00	1
130e68feec39	2.00	1
131189d051b9	3.00	1
13215ea850cd	5.00	1
1340b5aa1ddb	5.00	1
13483700f9b7	6.00	1
135c3ff1e86c	9.00	1
137a0c5f6e03	5.00	1
137d336b3f14	8.00	1
1380ad4385ef	9.00	1
138d2d0f4f94	0.00	1
138de405decf	5.00	1
139d06ac1d36	2.00	1
13a00788c726	8.00	1
13a2773ef4d5	3.00	1
13b2569c1544	1.00	1
13b53c644571	7.00	1
13bc4e834201	2.00	1
13bfbc40bf12	5.00	1
13cd7ba57d18	1.00	1
13d00b8ba100	8.00	1
13d05c709287	9.00	1
13e12dcfa92d	7.00	1
13e6472b234d	5.00	1
13e807a452a5	3.00	1
13ec27a162bf	7.00	1
13fa0d4c8c49	2.00	1
13fbe830cd5b	5.00	1
13ff1fa073eb	5.00	1
1400c7f101e2	8.00	1
1400f645489c	2.00	1
140b3a302b15	1.00	1
140f6ce84f99	0.00	1
14117551306a	7.00	1
1411a5c7207e	5.00	1
141cf1052611	7.00	1
1428940c62f6	4.00	1
142bd43b7ccc	9.00	1
143019071c00	2.00	1
1446af07aba6	8.00	1
1447476d452e	3.00	1
144fe65660c3	1.00	1
145c872c4dca	8.00	1
145ce91117d1	4.00	1
146b20fd7551	3.00	1
146ee333d73b	1.00	1
146f2a7d7f9b	9.00	1
146fd2842b28	8.00	1
147361f1c4ee	5.00	1
1484a7c6fa5d	7.00	1
149d15e15218	5.00	1
14a6252d99ce	5.00	1
14ac6ac5041a	9.00	1
14ad32cf2cae	4.00	1
14bb7923256c	3.00	1
14c758be0722	5.00	1
14c75922a9aa	5.00	1
14d1d3cee36d	5.00	1
14d2a60af2ec	7.00	1
14db695d4f64	2.00	1
14e0d3d9a921	5.00	1
14f1d7d871a3	7.00	1
14f4b673bc9a	6.00	1
15010737652b	5.00	1
15056e5a0821	9.00	1
1509e03bef13	2.00	1
150f4d77ed2e	2.00	1
15169735cbda	8.00	1
1516e403106c	7.00	1
151d134b865e	3.00	1
1523d2c0c66d	5.00	1
152f6e16a448	5.00	1
1536d4367a1f	2.00	1
1539eee23509	6.00	1
1549f5215e2e	7.00	1
15543a5bf59a	1.00	1
155745ad246b	7.00	1
155ab5f144b5	5.00	1
155aeaa4b787	7.00	1
1563a4ec5d88	3.00	1
156b7b28f5e7	10.00	1
15700936d00c	8.00	1
157235f91041	8.00	1
15739edf881b	4.00	1
157d28dae371	6.00	1
1582ff73f320	9.00	1
158be09f1640	9.00	1
15937664c6c9	3.00	1
15993b813842	5.00	1
15a2005274ce	1.00	1
15a700c99244	3.00	1
15aff087f294	5.00	1
15b16dbc6174	5.00	1
15b61e12964c	3.00	1
15d0f33e745c	6.00	1
15d687f720e2	7.00	1
15dda0ea9ca2	9.00	1
15e092394451	7.00	1
15e218439132	0.00	1
15e7c590be83	5.00	1
15ea00fccb1c	9.00	1
15f5c4f86a49	4.00	1
15f84282be1c	5.00	1
15f9cb49c961	9.00	1
15fd8fad1ff1	0.00	1
15fe16a652d5	2.00	1
1610610aee5b	5.00	1
1628d8193964	8.00	1
162aa843963a	9.00	1
1634ee547f1e	8.00	1
1649e45746d6	8.00	1
164ba9673475	5.00	1
166359d452a4	9.00	1
16660110fc0a	0.00	1
166747d1215a	2.00	1
16688ddfcebb	4.00	1
16693294cd20	9.00	1
166ec8028ec8	8.00	1
16739af59f8d	7.00	1
1673d134c5d6	6.00	1
16785ddbdaeb	9.00	1
167be89e9463	1.00	1
167f470962ce	3.00	1
1680766b5e08	2.00	1
1697aad56018	4.00	1
16aab34bb08a	4.00	1
16bcfc5570e4	5.00	1
16c2abc79ca7	7.00	1
16c573fd12bd	6.00	1
16c639452840	5.00	1
16dca92f6cda	3.00	1
16e2b543b55e	1.00	1
16e3f21857f5	1.00	1
16ea294254ca	3.00	1
16ea6cda942e	1.00	1
16eab743e1e9	1.00	1
16f7757e8775	5.00	1
170312c83510	7.00	1
1710624a820a	9.00	1
171073b24a9b	7.00	1
1718c8108dd3	5.00	1
1719c5169063	7.00	1
1724a8c51189	3.00	1
1724bff4cbca	8.00	1
17334c44c54b	5.00	1
173a77aad86c	4.00	1
173ca0ab42e2	4.00	1
1743dbeae715	8.00	1
174e6ca00931	7.00	1
174ef162e9f9	3.00	1
17500c4cbf43	0.00	1
17526f7aa16b	9.00	1
175cb6c98e35	7.00	1
175f08d98393	9.00	1
1760945c5544	8.00	1
176255918611	5.00	1
176f894f7535	0.00	1
176fa2b3f0d5	5.00	1
17769d528673	1.00	1
1779bd267bdd	9.00	1
177f7204682d	7.00	1
1796bc2e8fef	3.00	1
17a1c60f7e25	5.00	1
17a7ad1abbae	3.00	1
17adc481410d	2.00	1
17b1e7eb6c77	3.00	1
17d62f77b2cc	1.00	1
17dd3565f396	0.00	1
17dd8319c74f	1.00	1
17e3b7df18e4	2.00	1
180039ecd39d	3.00	1
180a53a0bec6	7.00	1
18130314c3cd	7.00	1
1819b57c1215	4.00	1
181a64ef6fd9	8.00	1
181fe413b999	1.00	1
1821b3e3057d	3.00	1
1821f84601dd	3.00	1
1827446ee253	7.00	1
1827aa5fab5e	8.00	1
1827dd1f0027	9.00	1
1828c7d66b45	2.00	1
1832f87e12e8	5.00	1
183491d1d274	7.00	1
1834c4053676	5.00	1
1843c5a69740	4.00	1
1846873ce190	8.00	1
184a06d8038c	5.00	1
184b5bd6860e	9.00	1
184ec84a6635	5.00	1
18554e51d194	3.00	1
185617b541cc	6.00	1
1862b69f0839	8.00	1
18689b5eafab	9.00	1
186b05419d14	5.00	1
186e648e7f50	5.00	1
18725d173bbf	4.00	1
1880c2cfa3c0	9.00	1
188bd97d366e	10.00	1
1893e3980aba	8.00	1
18985f0617df	4.00	1
18994ee2038b	9.00	1
189d54fba0d5	5.00	1
18a3efa76079	8.00	1
18ac821d6a38	2.00	1
18acab282164	5.00	1
18ba5f8d25ce	5.00	1
18c17e8d65c8	5.00	1
18c61a467008	5.00	1
18cf5aaca9d4	5.00	1
18d5071707b0	2.00	1
18d9d145161f	2.00	1
18e0a3dc38fb	5.00	1
18e33b7e153e	0.00	1
18e49ca27dc0	5.00	1
18eb3e7a97a7	8.00	1
18eb6e3f9f0e	7.00	1
18f9374b448f	3.00	1
190126af17a8	3.00	1
190212c9854d	2.00	1
19067bfa4556	4.00	1
1906a5d7cb62	9.00	1
1914d0063ba8	5.00	1
1915789362de	7.00	1
191924e0b228	7.00	1
1921a561aa07	7.00	1
19283617b339	1.00	1
192c843ff16d	3.00	1
1935ca72c841	1.00	1
193c8c868a39	9.00	1
193cd2617c9e	1.00	1
194b720a91a8	5.00	1
19555aa97452	6.00	1
195b5fa356af	5.00	1
196ac68ea86f	3.00	1
196c5ea17679	7.00	1
196f43f92a62	9.00	1
1976f60eeb23	2.00	1
197704c7cd93	5.00	1
197d3b1ae503	5.00	1
198b39207bce	8.00	1
198ecd65ad31	4.00	1
199753b2fc66	8.00	1
19aa15b6c40c	5.00	1
19acd2a9c6d2	3.00	1
19bdff98942d	2.00	1
19c2377ad1a0	5.00	1
19c931cf6a04	6.00	1
19caf717796b	9.00	1
19cd33ea43b1	2.00	1
19d718f55d19	1.00	1
19d759b51cb7	9.00	1
19dbe95646bf	9.00	1
19df75c98d83	8.00	1
19e2ad058dd1	1.00	1
19e2f5d3ef95	3.00	1
19e5b41fa971	8.00	1
19ea22aa66d7	5.00	1
19f041128e49	7.00	1
19f5043d6590	10.00	1
19fd634987f5	8.00	1
1a017722a24e	5.00	1
1a0487b5fd20	8.00	1
1a09ddf776ae	7.00	1
1a0b44a7418c	2.00	1
1a0ec217788d	5.00	1
1a11aa4ffe75	5.00	1
1a18dd50ee53	9.00	1
1a215d6d98d9	8.00	1
1a240f67d2fa	7.00	1
1a2a0f22ad10	0.00	1
1a2dc9c02ed9	5.00	1
1a30c2817d16	8.00	1
1a3e9eaabed1	5.00	1
1a417e7396b1	4.00	1
1a425ec276b5	9.00	1
1a4276870464	2.00	1
1a53550c22c8	9.00	1
1a5c577020e2	2.00	1
1a5fe1ea6cfd	3.00	1
1a6197b6ae25	1.00	1
1a6855ca8f27	7.00	1
1a707e3abc13	4.00	1
1a80b698d4ed	3.00	1
1a80ce06a194	5.00	1
1a822ed528b2	0.00	1
1a8e68e1c1ad	3.00	1
1a91942529bd	3.00	1
1a9206d6afe2	9.00	1
1a9313a81822	7.00	1
1a93282191a4	8.00	1
1a961e1f0692	5.00	1
1a971bf5f85d	8.00	1
1a9d5f7a0d3e	9.00	1
1aa220960c53	7.00	1
1aa9a04a07f5	2.00	1
1ab11f4ee5c8	1.00	1
1ab25f6d944c	5.00	1
1abfd298b8ef	9.00	1
1ac610712d2e	2.00	1
1ad053b8c9ab	5.00	1
1ada1a2acb0d	2.00	1
1aeb85c865d4	5.00	1
1aeca91d4376	0.00	1
1af0b982ba72	0.00	1
1af7d189f21e	5.00	1
1af8e2713507	7.00	1
1b02845201a4	7.00	1
1b081ae23ff7	9.00	1
1b124678d4b2	5.00	1
1b1292be06c3	3.00	1
1b1968308c4e	5.00	1
1b1b15bfb75d	5.00	1
1b1ca563d92b	1.00	1
1b4002c2472b	2.00	1
1b450ff114a5	3.00	1
1b45ec41a657	1.00	1
1b520920fc04	5.00	1
1b67a0af9594	5.00	1
1b6914a8139a	7.00	1
1b6a34cd155e	3.00	1
1b73f4ecab4e	5.00	1
1b77d16c1e10	7.00	1
1b7be13bd63a	5.00	1
1b8dd719ce84	6.00	1
1b904f921ed8	5.00	1
1b95668f7a19	5.00	1
1b9d5f160a4b	5.00	1
1ba0c09f1bbc	4.00	1
1ba28db78f77	5.00	1
1ba6e05ed3ef	8.00	1
1bb68fa8b9c9	0.00	1
1bbb93df8510	2.00	1
1bbf56a48a7d	9.00	1
1bcc6134e647	1.00	1
1bd1cc53305d	9.00	1
1bdb06324a98	7.00	1
1bed81a5ae01	4.00	1
1bf3c57ca131	7.00	1
1c024e0a2979	2.00	1
1c08e9f06ed2	9.00	1
1c1759f1a869	9.00	1
1c17da3508d8	5.00	1
1c18146ddf83	5.00	1
1c1e3f47d5ac	6.00	1
1c22c3fd52f4	5.00	1
1c2a41674e9d	5.00	1
1c2f2502fa73	5.00	1
1c4a67d03212	8.00	1
1c573f576ded	1.00	1
1c5a876ffb3d	9.00	1
1c6747209126	8.00	1
1c6f659660d0	8.00	1
1c727b91eb25	7.00	1
1c73f2411124	9.00	1
1c76846f68ad	5.00	1
1c7befa0c117	5.00	1
1c7ce2d7d54a	7.00	1
1c86cce28a6f	8.00	1
1c967df60bc8	1.00	1
1c9a47875f57	7.00	1
1c9e07e7237a	1.00	1
1ca531871796	1.00	1
1cac2e3fdd10	5.00	1
1cb0f567bd83	8.00	1
1cbd8f7464fb	9.00	1
1cbe52fa82a4	5.00	1
1cbfac57adce	4.00	1
1cc7c4467c20	2.00	1
1cc9404fa8b2	4.00	1
1cd119507108	6.00	1
1cd94383dd4f	7.00	1
1cdd19c5aa3d	1.00	1
1cde07202fa7	10.00	1
1ce36927a9bd	7.00	1
1d04b1bf0e09	9.00	1
1d061c1acbc8	1.00	1
1d08046e6a8e	4.00	1
1d16ff8063c4	5.00	1
1d227a44a962	4.00	1
1d24216d7486	1.00	1
1d25489844bf	9.00	1
1d288e578fd4	2.00	1
1d35944430d0	8.00	1
1d41ce7bc980	1.00	1
1d46a49f6835	4.00	1
1d49388a579a	9.00	1
1d4a20605133	7.00	1
1d4d1752e403	7.00	1
1d4fc70b9e5b	5.00	1
1d655d65a902	7.00	1
1d6dd39b4fcc	1.00	1
1d7386b9b03e	9.00	1
1d767bd59c8b	8.00	1
1d7c7496c74f	4.00	1
1d8b9ada7478	3.00	1
1d93bf85d428	4.00	1
1d967def225c	5.00	1
1d9a9d6d9011	9.00	1
1d9bfbdcf910	5.00	1
1da430b59ad4	4.00	1
1dbd8e98e090	1.00	1
1dd7c2dc8b79	5.00	1
1dd90a23b85b	9.00	1
1de6bd489da2	4.00	1
1defc8c3f57f	5.00	1
1df296b97835	1.00	1
1dfa0410f072	9.00	1
1dfad3d904b8	3.00	1
1e00a6c01e35	2.00	1
1e06130f8269	2.00	1
1e083c8cea58	7.00	1
1e0e097f738a	3.00	1
1e102892e2af	10.00	1
1e16ea6a4295	5.00	1
1e174c941113	3.00	1
1e1831d35629	6.00	1
1e3472498097	1.00	1
1e359869ec5d	5.00	1
1e4708c56cca	6.00	1
1e56590483fe	2.00	1
1e572d2737bc	5.00	1
1e5df09740ca	8.00	1
1e5f804da68c	5.00	1
1e612b1f90ca	8.00	1
1e67d68a6086	3.00	1
1e74a8dc5534	3.00	1
1e880a8ba8a7	9.00	1
1e98b74decfa	5.00	1
1e9d08c1f17f	7.00	1
1eb6300a740e	9.00	1
1ebcde41a269	4.00	1
1ec6c0093421	9.00	1
1ed6ce006083	9.00	1
1ee1ad84d91e	0.00	1
1ee83f91e378	9.00	1
1eeafaee4ed7	8.00	1
1f017de4782d	5.00	1
1f05b7c8018a	9.00	1
1f14a3fe5fe7	9.00	1
1f14bfdaa45a	6.00	1
1f1cfe6c8b1d	6.00	1
1f20d4dff515	1.00	1
1f2707781807	5.00	1
1f34941786ff	5.00	1
1f38d5f12064	2.00	1
1f433b2387fe	3.00	1
1f44864bb1bd	1.00	1
1f4a4a8fb8a2	2.00	1
1f519b7af684	3.00	1
1f59348bbbd7	7.00	1
1f5b77b4b0d1	5.00	1
1f5e1797f22c	3.00	1
1f69834adcf6	2.00	1
1f700f05d627	3.00	1
1f7b99814569	2.00	1
1f844a56ccfa	7.00	1
1f9fce44efe0	10.00	1
1fb5e0e5c443	9.00	1
1fc081c683e6	7.00	1
1fc80eb2cd7e	5.00	1
1fdcb4de3230	7.00	1
1fe9c928876e	6.00	1
1fea384222d7	2.00	1
1ff2e83556ad	1.00	1
1ff664199d27	3.00	1
1ff6a0064a3d	6.00	1
1ffd48d355c9	3.00	1
1ffdf86a837f	2.00	1
200036d45ee5	5.00	1
2005bbf6d962	5.00	1
2008a5dea9a2	6.00	1
2013a9bab3cb	1.00	1
201691073d09	5.00	1
2022e3d75781	9.00	1
2024dd3c51a1	9.00	1
20295bf50aa2	2.00	1
202a0dfa5866	4.00	1
202b6eb3353d	5.00	1
202eaa59fb77	3.00	1
203422457c10	5.00	1
2034879634b8	5.00	1
2036e179fd3b	5.00	1
203793a044d9	8.00	1
204886adb568	0.00	1
204991897e41	5.00	1
2050fed96503	1.00	1
205928d939cc	1.00	1
2061cc2ace25	1.00	1
20654ac4851f	7.00	1
206a54afe60b	9.00	1
206bbbbb9bc7	8.00	1
206e3fade466	2.00	1
207e25f445e6	9.00	1
2081321d3e47	4.00	1
208550af0149	6.00	1
208688049c2f	1.00	1
208fed4230b2	3.00	1
20979974b3f3	7.00	1
209a2190cc60	5.00	1
20af38d00b40	6.00	1
20c44aa107c4	1.00	1
20cbb89ebd07	5.00	1
20ccba701a44	2.00	1
20dc12334bb3	9.00	1
20decf1e5143	0.00	1
20edf5b40822	3.00	1
20fb4b080e45	1.00	1
21129d022260	9.00	1
2117c363a8ce	3.00	1
211fe4b6d432	5.00	1
21220affad40	5.00	1
2122ed1a0a67	3.00	1
2129b6139880	3.00	1
212d878e13d1	5.00	1
212ffe34b0a3	8.00	1
21310a1e8d59	7.00	1
2132dcd74a8e	5.00	1
21363de2b9b3	3.00	1
213669181ed4	8.00	1
213e9f0fc465	7.00	1
21404ba7cb3a	8.00	1
2149e596534f	4.00	1
214a3e9e8351	3.00	1
214ca5402002	9.00	1
214f97a06861	5.00	1
215272fd4097	1.00	1
2156173bf8c8	9.00	1
215777d9b364	5.00	1
215b430a87be	1.00	1
215c81758450	9.00	1
2162725639c1	9.00	1
21642a418edf	4.00	1
21654afb814c	8.00	1
21681d063d50	7.00	1
216f4283dc46	4.00	1
217c339df2e9	5.00	1
21850ebad55b	9.00	1
21960cd47ea7	8.00	1
219648164828	3.00	1
2198a96781ce	7.00	1
21aa7821bb54	0.00	1
21c4e45ad5d9	7.00	1
21c570a309c6	8.00	1
21c92059a414	8.00	1
21ddbaedf6a1	3.00	1
21de63e488ea	4.00	1
21e9df71e8f1	8.00	1
21ec0220c1db	5.00	1
21f5e7a57f66	3.00	1
21f9e5a544f3	6.00	1
21fdc0c574d8	5.00	1
2203ce441957	2.00	1
220506a94217	1.00	1
22117adf5289	3.00	1
2217531c53f1	5.00	1
2217affd4a85	5.00	1
221a76c69cd6	8.00	1
22290a1db0e9	7.00	1
2239818aa12f	3.00	1
223cd5c800f8	1.00	1
224100823e49	5.00	1
2247d53c337a	7.00	1
22581c2d1158	3.00	1
225cec9643d0	5.00	1
2261cd0536a0	9.00	1
226b9bf0bb40	2.00	1
226bc1c90aa7	8.00	1
226d35ce7c18	5.00	1
22812ba9c20c	9.00	1
228f89c4affe	7.00	1
22922501def2	3.00	1
2296e9283817	7.00	1
229afa1f8e28	1.00	1
229f5e0f8a91	9.00	1
229f74e27160	7.00	1
22a1951a80d0	9.00	1
22bd5d8ea182	8.00	1
22d45baeebc1	3.00	1
22d638741c36	4.00	1
22d81b3d5593	5.00	1
22d90ca281e5	7.00	1
22db52713b06	8.00	1
22dd46cceaf4	7.00	1
22eb154284f2	2.00	1
22f0207f9ce1	5.00	1
22f37a8aaa59	5.00	1
22f68b638c76	2.00	1
22f937ef7169	9.00	1
230ec1950cd4	1.00	1
23215d1c9fb8	5.00	1
232771b650d9	5.00	1
23277780ece4	3.00	1
23358e3fc166	9.00	1
2341def63746	8.00	1
23436a63839c	0.00	1
2343b9212f50	8.00	1
234df3819ca5	4.00	1
23584033bf03	2.00	1
235de7c2040b	8.00	1
23606c9c7254	8.00	1
236402cb74c3	5.00	1
23671d1b5a7c	5.00	1
23763a66f4aa	7.00	1
238214422718	2.00	1
238240733b7e	5.00	1
23827903a4e4	9.00	1
238bddf569d4	5.00	1
23937aa84642	7.00	1
2394040c79aa	7.00	1
23a0a1ca34f6	9.00	1
23a0f1c96a19	2.00	1
23a6d7a06f60	3.00	1
23a819e17c2b	4.00	1
23ab72d1503e	1.00	1
23ae1e2c0eb3	0.00	1
23b502473fb1	8.00	1
23c0e2f44b79	7.00	1
23c9dfb522e6	10.00	1
23db0a512ffb	7.00	1
23db23c76837	7.00	1
23df1bdec789	2.00	1
23e4caf6be1b	7.00	1
23e7a9225a48	8.00	1
23f118f8fa24	9.00	1
23fae3f0463e	5.00	1
24002b38fd14	5.00	1
24035100d8cf	0.00	1
2413cb04af80	1.00	1
24179ebafc8f	1.00	1
241e6559af05	2.00	1
2423aae99352	8.00	1
242913a625bb	7.00	1
2434f659244c	5.00	1
2440945ba0e1	3.00	1
245478041515	1.00	1
2457fd349b1e	5.00	1
245d0ed7c2ea	1.00	1
246664e910fc	0.00	1
246fdd44c0cb	8.00	1
24755514de3b	5.00	1
2476affd3503	5.00	1
24812c28f89e	9.00	1
2484c22af6ca	2.00	1
248c637f74ef	9.00	1
24906ef2dc09	5.00	1
2492ff0e88b1	2.00	1
24a74b75588a	8.00	1
24af1d02f075	1.00	1
24b003c649bf	0.00	1
24b153ada096	9.00	1
24b73075c19b	5.00	1
24bde30cfa97	5.00	1
24bf408496ee	8.00	1
24c26f8c5633	3.00	1
24c6f9aad358	9.00	1
24cd08de15e0	0.00	1
24d9346d51e4	7.00	1
24e7c6267245	2.00	1
24e8627ba616	1.00	1
24e97166284a	5.00	1
24efd6b86119	3.00	1
24f2ad939161	7.00	1
250a48e02d97	8.00	1
250e1f68e7fd	6.00	1
25106be7b011	9.00	1
25128628a911	6.00	1
2515151a9fe9	7.00	1
2515d722e6b1	8.00	1
251880e6c814	5.00	1
2518cc92422e	9.00	1
251a23b81577	8.00	1
2524fc2be7d1	7.00	1
253c87ac5682	4.00	1
25402400c731	5.00	1
2540273e705a	1.00	1
2543247a2201	1.00	1
254a57b406d2	5.00	1
25527ab84592	7.00	1
25551ff4d649	0.00	1
25644742e539	3.00	1
25690d8ff8a3	9.00	1
2569db5613be	2.00	1
256e5a76d9a8	9.00	1
25747648e575	5.00	1
257a30ac03af	4.00	1
257f8374bc49	2.00	1
2584c78ef86f	0.00	1
2590a09d7345	1.00	1
2591441c5dbd	3.00	1
25930cf6c5b0	2.00	1
25981c6cee04	9.00	1
2598373a3b62	8.00	1
2599fb84ef3f	7.00	1
259e43574b7b	10.00	1
25b724cd6ecd	9.00	1
25b9dece12a1	7.00	1
25bc1d3d9e83	2.00	1
25d48d9b5022	8.00	1
25e2201e0343	1.00	1
25e2bd9dc8b4	9.00	1
25e4fe291438	3.00	1
25e90dbac266	1.00	1
25f7e45342e8	4.00	1
25f9ceabed81	1.00	1
260755728719	5.00	1
260bbaccc158	6.00	1
2619f658c95f	3.00	1
2622c13a8a78	9.00	1
2624826e16ad	10.00	1
2628daeb8fd9	3.00	1
262aa663515e	1.00	1
2635bcabedd1	9.00	1
263cee7f271a	0.00	1
26459d7e6bcb	5.00	1
26492d00053d	5.00	1
265683933a42	3.00	1
26741dcd534b	4.00	1
2679de21c993	3.00	1
267a226aacdc	5.00	1
267fea23f773	3.00	1
2680f12e902d	2.00	1
26817dbd2a98	8.00	1
26950cec241d	3.00	1
269b6882186e	5.00	1
26c2537505c0	8.00	1
26dc24a7c1c4	0.00	1
26e08e2fed44	2.00	1
26ec03ddc420	6.00	1
26f2ee9a7188	3.00	1
26f8014bfa4d	1.00	1
27042c5b06dd	9.00	1
270881d410e5	1.00	1
2709a81cf133	8.00	1
2714e95085df	7.00	1
272ad35d001c	5.00	1
272bb76d69dc	6.00	1
27426c45844d	5.00	1
274cc85823c1	7.00	1
2766556960e0	3.00	1
276c1abc9a93	5.00	1
27793fff754b	2.00	1
2784502b7382	1.00	1
2789e40405db	2.00	1
27904615e920	5.00	1
279060ab0268	5.00	1
2791a6cf3217	7.00	1
2791f6583929	9.00	1
279d4fa7a51f	9.00	1
27a12e1a9bd9	3.00	1
27b4544447ec	0.00	1
27b503777748	2.00	1
27c0b8c77ff9	9.00	1
27c139416d95	5.00	1
27c8d4379272	4.00	1
27cba98eefeb	5.00	1
27d026ccdcce	5.00	1
27d4ead08d67	6.00	1
27e8e805bb3a	8.00	1
27e962b08f92	8.00	1
27ec1d3ffbef	2.00	1
27f5445c9ce2	1.00	1
27f830b73779	7.00	1
27f955d0dc02	6.00	1
27fc48bbe50f	7.00	1
27fec66657b0	5.00	1
280aaaf610c5	7.00	1
2811ab7f0c0d	7.00	1
2813dfde32a4	2.00	1
2817d8f39993	3.00	1
281aa484fb58	7.00	1
282213023e5e	9.00	1
2828883d181f	3.00	1
282a9003cea8	7.00	1
28359cf899fd	1.00	1
28385b78ef35	5.00	1
283969b6548b	7.00	1
283d05090a8a	4.00	1
2841fb923e21	1.00	1
28454b576110	4.00	1
284b58ab4fb0	9.00	1
28528d32ec77	5.00	1
28594310cc31	4.00	1
285cc8c0a911	2.00	1
28648cfb0ae6	8.00	1
286fdb458bc1	2.00	1
287e420867be	8.00	1
28832158a937	7.00	1
288558559a49	1.00	1
288764999078	9.00	1
288890ee0c0f	3.00	1
288ca5e712c1	7.00	1
2890c0dd0b35	7.00	1
289597e773cb	5.00	1
28aafdc2cb3a	1.00	1
28abd5e83d76	7.00	1
28b122379a83	7.00	1
28b3a57cad96	1.00	1
28ba7600eb70	1.00	1
28c14750726c	0.00	1
28c1b1b7a200	2.00	1
28cdeeaecb10	7.00	1
28d77e2d608d	7.00	1
28d78019b418	5.00	1
28d7805d374d	5.00	1
28ec8cffb8d6	6.00	1
28efa8cea03d	3.00	1
28f1fb5c523f	2.00	1
28fb7b058f40	5.00	1
29030c128d02	8.00	1
2904355eaccb	2.00	1
290c71beb2bd	9.00	1
290ed88e470c	1.00	1
2913886ff43b	1.00	1
29153cc3e1e6	9.00	1
291f075f16ea	7.00	1
2920ce4f1dbd	5.00	1
2927043b9d76	5.00	1
292a554b47fa	6.00	1
2937e0ca7717	9.00	1
29447a035356	7.00	1
29502984e8d5	5.00	1
2971b25beb90	2.00	1
29731c7159b9	8.00	1
297704d02a98	0.00	1
2979723ba85a	9.00	1
297a44040951	9.00	1
298c7bd87941	10.00	1
298ffb643119	0.00	1
29a5f1870b05	5.00	1
29a630d02c8b	3.00	1
29a8fcb1cd16	2.00	1
29a903f5e923	3.00	1
29a97be12eb6	9.00	1
29b4d47c52fc	2.00	1
29c03c53c321	8.00	1
29c0c8d7c287	5.00	1
29cd43770ba2	5.00	1
29d09d8f3ff9	8.00	1
29d8b1cb55d1	8.00	1
29e0e74a1cac	8.00	1
29e2261deef4	0.00	1
29fca0fb269e	1.00	1
29fdbae124b1	9.00	1
2a00f3817ac5	5.00	1
2a029a217bfb	5.00	1
2a04668369d1	4.00	1
2a224b49d64d	7.00	1
2a2b5543bc51	5.00	1
2a34ff6e8c2c	5.00	1
2a5165211fee	9.00	1
2a519c581316	7.00	1
2a5a39d2e7b9	5.00	1
2a71fc0ce1ee	9.00	1
2a73e13f9d5d	5.00	1
2a7439869423	8.00	1
2a8d259d8304	3.00	1
2a908a68f450	0.00	1
2a990c0f66d4	1.00	1
2aa0581903b7	3.00	1
2aa269f7a611	6.00	1
2aa44ea86a74	9.00	1
2aad1d60d86f	2.00	1
2aae96094ac1	5.00	1
2ab25d68be8b	4.00	1
2ab317d7074a	7.00	1
2ab4ad9a4069	2.00	1
2ab53434b6ab	5.00	1
2ab66123574a	2.00	1
2ab95cdf04dc	5.00	1
2ac58d2f1fe3	6.00	1
2acb04455e66	9.00	1
2acb3238d7f7	0.00	1
2ad4bcc3b35d	5.00	1
2aeba20a1fb6	8.00	1
2aecd6ca4ad8	9.00	1
2aee60060c58	7.00	1
2af195073621	9.00	1
2af9449dadc7	6.00	1
2afbeda52423	5.00	1
2b0651b8ebb2	8.00	1
2b0ba230a964	3.00	1
2b1072dc2009	0.00	1
2b17231aac64	3.00	1
2b19f3cab296	3.00	1
2b1b0a80c04e	4.00	1
2b2c5bdd951e	9.00	1
2b32b2c7625c	2.00	1
2b362eec379b	9.00	1
2b3b46520388	3.00	1
2b4412568eab	8.00	1
2b452ae04bf0	0.00	1
2b56bbfc889a	5.00	1
2b5df84f414a	7.00	1
2b60a25be12f	2.00	1
2b66d44cd845	10.00	1
2b6995b0853c	5.00	1
2b6b0df9838e	2.00	1
2b6b25ba55e7	9.00	1
2b72cbdb1f05	1.00	1
2b754d346b45	7.00	1
2b76f45d011e	7.00	1
2b7a53a4a273	5.00	1
2b7df713194b	4.00	1
2b87d93588f6	8.00	1
2b8867f760ea	8.00	1
2b9a7f2a95f2	8.00	1
2b9b7b9244dd	9.00	1
2b9c59b14cb6	1.00	1
2b9d9212c28d	1.00	1
2ba5b737470b	9.00	1
2baec925a933	3.00	1
2bbea0bf15d9	8.00	1
2bc17ea5e380	1.00	1
2bc287573d4e	5.00	1
2bc8ebb22d98	8.00	1
2bcfcafb8e88	7.00	1
2bd2bd8c9b8c	1.00	1
2bd367eac0b7	2.00	1
2bd3b8981f8d	5.00	1
2bdb5212a7cc	0.00	1
2bde6ebfcfe6	1.00	1
2be42bf99655	5.00	1
2bf0902ca750	5.00	1
2bfb00d45181	4.00	1
2bfcddccc6a8	3.00	1
2c073b96eb58	2.00	1
2c0c38109ef2	6.00	1
2c0cc8823fab	5.00	1
2c1184649735	7.00	1
2c1e9cb12d58	9.00	1
2c221f44f489	6.00	1
2c22969057f5	8.00	1
2c22e4f60740	2.00	1
2c258908e4bf	1.00	1
2c291c0f4960	5.00	1
2c2ad591dc46	5.00	1
2c2d2e583d4c	9.00	1
2c315fbc8bc2	1.00	1
2c3d090f72f6	7.00	1
2c418f2656f1	5.00	1
2c42d2208e53	9.00	1
2c45b89a56d6	9.00	1
2c48e80adbb9	5.00	1
2c536ee8d4e2	6.00	1
2c57a1704407	5.00	1
2c5ce3ebe146	7.00	1
2c6022ba1347	1.00	1
2c602b91fc26	3.00	1
2c6a0d30f241	5.00	1
2c6ba96070d5	5.00	1
2c726110aeee	8.00	1
2c76c458f2cf	1.00	1
2c7d21a481b3	7.00	1
2c8abc8247bc	3.00	1
2c90917847a7	6.00	1
2c91dad7bb24	5.00	1
2c993bc68897	9.00	1
2c99f4f7e2ce	9.00	1
2c9d486ec58c	2.00	1
2c9d4c6a17eb	7.00	1
2c9dfe247a9e	9.00	1
2c9e561b6172	2.00	1
2ca0487e67ff	9.00	1
2ca3a978d6e6	9.00	1
2ca6c1f6eb3e	7.00	1
2ca7d88a5e2a	7.00	1
2caa513b9030	1.00	1
2cb15003eaa0	0.00	1
2cb5da1e1e82	4.00	1
2cb5ea48fba9	9.00	1
2cc1c22cc72f	3.00	1
2cc2b4717ccf	3.00	1
2cc7d3bf160d	4.00	1
2ccfcc6e4b6e	5.00	1
2cdcef74188b	5.00	1
2cde9ac498cd	1.00	1
2ce002efaeab	9.00	1
2ce167ab4190	1.00	1
2ce74b7e7cd8	9.00	1
2cef3960e77d	9.00	1
2cf5f92e9965	0.00	1
2cfb1ffb7e59	3.00	1
2cfdd308231c	2.00	1
2cff8c3cb972	5.00	1
2d1a2882e33e	0.00	1
2d1be79d8d78	3.00	1
2d1dc86ad8c7	5.00	1
2d2deeb38877	9.00	1
2d2e210db46f	2.00	1
2d308d35e155	0.00	1
2d3b4fc314f3	0.00	1
2d42d0aff97f	5.00	1
2d4777af4c05	4.00	1
2d48ec54e2da	2.00	1
2d4e9ec5e638	9.00	1
2d50df0679b5	9.00	1
2d5593b05432	5.00	1
2d61deb3eaec	3.00	1
2d660d2e3f6d	9.00	1
2d6d0c24271d	8.00	1
2d7c5e1c1cc4	1.00	1
2d7d9de2aa33	0.00	1
2d7de2c87078	0.00	1
2d80773c88e3	3.00	1
2d816c5b66c7	5.00	1
2d91c92c2077	5.00	1
2d922918cb29	7.00	1
2d93c291345f	2.00	1
2d9a51e8b72e	9.00	1
2d9ab62000ef	1.00	1
2d9c7ac9ea9a	9.00	1
2da3dc128191	2.00	1
2daac406343e	1.00	1
2dc2868cf2c3	2.00	1
2dcbba5bf2cb	5.00	1
2dd18491da3a	9.00	1
2dd5998c568e	4.00	1
2de2afbc6db5	8.00	1
2de58632e2f4	3.00	1
2defaf63fd1b	8.00	1
2df215064ba1	7.00	1
2df475e93556	2.00	1
2dfc0baac375	3.00	1
2dfeda06ebca	4.00	1
2e083e2f5a7a	5.00	1
2e22ebf89f70	9.00	1
2e2a5217ab89	1.00	1
2e30d410e5ce	1.00	1
2e31bf7226a4	5.00	1
2e347319ef1c	4.00	1
2e47119cc55e	1.00	1
2e4730114f16	2.00	1
2e607622e51b	9.00	1
2e63b4f4c199	5.00	1
2e6db3a38fdc	1.00	1
2e7253054410	5.00	1
2e7ed1a03e0c	7.00	1
2e8041df102f	8.00	1
2e85894b7679	9.00	1
2e8821802b7d	1.00	1
2e8a03e2ef08	1.00	1
2e8f6db73b21	2.00	1
2e96d314901d	7.00	1
2e99b81eded9	4.00	1
2ea115faf35f	10.00	1
2ea25c25fc09	7.00	1
2ea85ac81870	4.00	1
2eacdcd90231	1.00	1
2eb0f3b4fd68	0.00	1
2eb6a41378a8	2.00	1
2eb7c3570268	9.00	1
2ed099ea8c56	5.00	1
2ed29cbe39c8	2.00	1
2ed482ef4ba1	8.00	1
2ee8f2fea3c9	1.00	1
2eee6dfb2cb1	1.00	1
2eef019ccc82	9.00	1
2f00a6cc7eca	2.00	1
2f0a613f6cbd	7.00	1
2f0bba9b4d16	1.00	1
2f0e7749a7f7	9.00	1
2f0eddce18b8	9.00	1
2f104e51d26e	8.00	1
2f140e77f0e1	10.00	1
2f16f2c34ca5	9.00	1
2f1f1af3f1ec	1.00	1
2f221d90fb45	7.00	1
2f27725b485b	4.00	1
2f3138471ac0	2.00	1
2f3c2aa2dffe	0.00	1
2f4176824f83	7.00	1
2f41b91d790d	0.00	1
2f43b5bf86f1	1.00	1
2f46c342e66b	9.00	1
2f52b2a1267e	4.00	1
2f5a7baf071f	0.00	1
2f5ccbab4ffc	5.00	1
2f61b4705503	0.00	1
2f67a016ed32	8.00	1
2f6e6679a111	4.00	1
2f788184a626	5.00	1
2f7a720920a7	8.00	1
2f83389224a3	5.00	1
2f84a67c9018	8.00	1
2f8563ef4afa	2.00	1
2f88ed0efd43	7.00	1
2f934dbbb652	2.00	1
2f9c80c96e86	3.00	1
2fa8ad5f6c25	3.00	1
2fad60f38d72	0.00	1
2fb521c337e8	5.00	1
2fb725e0f076	7.00	1
2fba14b81108	7.00	1
2fbbb31f677f	8.00	1
2fc8203716f2	5.00	1
2fc881e700f1	7.00	1
2fd09cc32d64	1.00	1
2fdc06df6a96	3.00	1
2fe74a50be48	5.00	1
2fe90ad166c8	6.00	1
2fe94bee0998	8.00	1
2fea7e238162	6.00	1
2ff6bc7c766f	1.00	1
2ff7a8ba3a6c	9.00	1
2ffdc8692d3f	0.00	1
30011de53b2c	1.00	1
30022216d153	3.00	1
300fa8e957cd	3.00	1
301471e7d2a6	2.00	1
301e04db8844	0.00	1
302079eb3a21	3.00	1
30283f55c24e	5.00	1
302894e836e9	5.00	1
3034b0bdb568	8.00	1
303a43fad136	1.00	1
303babb30145	8.00	1
30465d866314	5.00	1
30513f52cab4	1.00	1
30598d0a7868	9.00	1
305d45266cdc	5.00	1
3064337dcbe8	1.00	1
30667ad4bc0e	1.00	1
307d40da4d63	2.00	1
3081573731a5	7.00	1
308edbf23cce	8.00	1
309b8a8ee70a	5.00	1
30a756e58a58	7.00	1
30a9a05684de	9.00	1
30ab338dcb39	5.00	1
30b1ae5e5055	7.00	1
30b1d2add025	3.00	1
30bb630fbf0f	2.00	1
30bed29528ed	9.00	1
30c30bab5edc	3.00	1
30c4523330f8	3.00	1
30c6cb0d83d1	1.00	1
30cb22bf5829	2.00	1
30d97fefd75b	5.00	1
30df0ee9a234	5.00	1
30df6b2fe924	4.00	1
30dfa6dcb5e0	7.00	1
30e292e2ba69	1.00	1
30f3592aad16	8.00	1
31028b1ebbe8	10.00	1
310de693e0e1	5.00	1
311280f6bca5	1.00	1
31171f85bfc2	2.00	1
31190f2beb1a	9.00	1
314310622045	9.00	1
3143d6616e77	0.00	1
3147821a407a	5.00	1
314f520f7c3b	9.00	1
31555188c2df	3.00	1
315721ef0989	4.00	1
315b6549f048	8.00	1
315bc6295cce	2.00	1
317d3202e440	5.00	1
3183ae676b9e	3.00	1
3185353baa57	8.00	1
318573c597cc	6.00	1
318b779aaf91	7.00	1
318c569d7a81	7.00	1
3193c29994dc	0.00	1
3193ef4c6ed5	1.00	1
319454f697e5	5.00	1
31a1d20b2180	6.00	1
31a5edb61c1d	1.00	1
31a60868b758	4.00	1
31ad11790ba6	7.00	1
31b8a335d4ce	3.00	1
31bcd4267728	1.00	1
31bf2f59e634	7.00	1
31c74cef0128	5.00	1
31ccc6ecb029	1.00	1
31d79d38f3d3	1.00	1
31d803b3efdc	5.00	1
31da3631a305	8.00	1
31dd8974d020	5.00	1
31e050f25808	6.00	1
31e1adf27586	2.00	1
31e98d923a5f	9.00	1
31f48aa48f02	2.00	1
3202cbaa2fc7	4.00	1
3209d00b460a	0.00	1
3212464f1279	7.00	1
321421b7fc7d	9.00	1
321863c5f0e1	5.00	1
32275b377396	10.00	1
322e5c15780b	1.00	1
322eb8c402f9	8.00	1
3235c76c8b8e	2.00	1
32382b18f8c5	5.00	1
324469c876ad	6.00	1
3245a65ab50d	2.00	1
3248fbcd5271	6.00	1
325078bbc7ea	1.00	1
3254e2e46463	5.00	1
325a47560e37	1.00	1
325bed428d9b	7.00	1
3261b28c6c86	3.00	1
3263c4bf9dbb	8.00	1
32735fe1a950	7.00	1
32748235b858	3.00	1
32788c498586	7.00	1
3284b076cfed	4.00	1
328bd4380d23	5.00	1
328c5a2861d0	5.00	1
328dedbe0edc	6.00	1
32918bc052d3	5.00	1
3297faf19ea8	1.00	1
32987f07282e	7.00	1
329c46e531ab	1.00	1
329ee2f89d06	7.00	1
329ef866ea6c	0.00	1
32a126cd7625	9.00	1
32b0e5f66ae4	5.00	1
32b1708751d3	2.00	1
32b1fa771ac8	9.00	1
32b5ede40687	0.00	1
32b76139d322	7.00	1
32b83ee81f38	1.00	1
32c1fe791012	5.00	1
32d36249f01d	7.00	1
32d8bae252a0	3.00	1
32dd963a3386	8.00	1
32e93b264c30	1.00	1
32f5cdb5814b	4.00	1
32f6ea1d1c9e	9.00	1
32f73ed338b9	8.00	1
32f996376a08	2.00	1
32fc02d7aeaf	9.00	1
32ffb1a44dca	9.00	1
3307df619742	5.00	1
330b1187b6c9	5.00	1
33117254e013	5.00	1
331f3c945f94	9.00	1
3326307fa2c2	6.00	1
3326b8f33c60	1.00	1
332fadea89b1	2.00	1
33356d88f780	7.00	1
335399cf3640	1.00	1
335c7e00c964	3.00	1
336197384269	0.00	1
3364c97dcb94	9.00	1
3375f14907b8	1.00	1
337910775146	5.00	1
33898c3b3ade	9.00	1
338e18778ccf	9.00	1
3391c7601819	5.00	1
3392cf55d171	5.00	1
339413a9aa05	6.00	1
3399f7d25bd7	4.00	1
339ef357dfab	4.00	1
33a640299003	3.00	1
33aa25a16d20	9.00	1
33ad8fade9b5	0.00	1
33c1e4da7908	2.00	1
33c5bc9c11cd	3.00	1
33cd572d70b1	3.00	1
33de2554381a	4.00	1
33f740a2c3df	5.00	1
33f84fb9d697	3.00	1
33fc7650061b	1.00	1
340437668562	4.00	1
34060725bb16	5.00	1
340c1823145f	1.00	1
341c6458b51e	7.00	1
3432067c47ee	7.00	1
34342ea5c7e8	7.00	1
34378292032c	1.00	1
343fca71e4a1	3.00	1
34416b1391fd	5.00	1
344193c5a008	9.00	1
3448d15d0655	4.00	1
344c6a4f3050	3.00	1
344db63488c2	5.00	1
34559d5cd07a	7.00	1
3456ee11ec22	2.00	1
34596af1a865	10.00	1
345980890253	3.00	1
346504822754	8.00	1
3466b5ec5ec7	1.00	1
346909377fba	7.00	1
346d29f248c0	5.00	1
3479d298f758	8.00	1
347acb59da3a	7.00	1
347d4e7154fd	3.00	1
347d78325f35	8.00	1
347f8d572b6a	0.00	1
3480129a0541	8.00	1
3485aaaadeaa	7.00	1
3486f63c83ae	2.00	1
348add412ed2	1.00	1
348e03089b68	2.00	1
348ee1b1750b	3.00	1
349abef48c55	7.00	1
349e40375daf	9.00	1
34a87a8b4dbe	1.00	1
34b14a96c4f9	5.00	1
34b23ba9fff1	8.00	1
34baf1171d2b	3.00	1
34cee412b6c4	4.00	1
34cf814c6f13	0.00	1
34cf9ebce7bf	8.00	1
34d32a0f45b5	1.00	1
34d6b9609f1d	7.00	1
34d96b06592a	1.00	1
34e602de0627	5.00	1
34edafbad617	2.00	1
34f3e56ea413	9.00	1
34fa6cfd6a2a	0.00	1
3503ae3a9d90	5.00	1
3504eec3d8ab	8.00	1
350e0460cac5	5.00	1
3512362f4fb1	1.00	1
351421c3ba6b	9.00	1
35151aa2c0d4	5.00	1
351cdefc77f3	2.00	1
351f113718de	8.00	1
3521c1518c3e	4.00	1
3522e21270de	3.00	1
3530839cdaa7	1.00	1
353299cf7a1b	8.00	1
35348d8bcee4	2.00	1
354426beaf29	4.00	1
3552a9f5ce87	4.00	1
355b7325eac5	7.00	1
355cfba546d3	5.00	1
356feb64f6ee	9.00	1
357425f7603f	4.00	1
3575d4958897	0.00	1
3576618e7355	5.00	1
357b76017f7d	0.00	1
357be8c3fa14	9.00	1
3586c20df001	7.00	1
359049724061	4.00	1
359786a3ce0b	6.00	1
359b70943e90	9.00	1
359beccdf145	5.00	1
35a8f3493ab5	5.00	1
35a9cb00dd31	3.00	1
35b61f909068	5.00	1
35be60c434e7	7.00	1
35cc33ecb529	7.00	1
35cf81b4df16	4.00	1
35dce10e6e36	2.00	1
35e64d75ed25	4.00	1
35f09871cc79	5.00	1
35f25bdb6fee	4.00	1
35f4d3fc8a5b	5.00	1
35f509a0ab33	6.00	1
360317c2e843	5.00	1
3611a40b3fa9	3.00	1
361fec33142e	7.00	1
3628d609a363	3.00	1
362f2bfdbebf	9.00	1
3630ddb41130	2.00	1
36442b23f42e	9.00	1
364709aa4eeb	9.00	1
365317a51903	1.00	1
36614922750a	5.00	1
367157bd5797	8.00	1
3674db6ed111	3.00	1
3676b5981d27	1.00	1
3679b1685cfd	4.00	1
3679d0b1afdd	5.00	1
367a0b509a19	8.00	1
3692673da155	7.00	1
36a3e9524865	8.00	1
36a4c7aa883c	5.00	1
36a8f8f5baca	7.00	1
36b6053c535a	7.00	1
36b752b0f770	2.00	1
36bd49ea4fe7	9.00	1
36be8ce045a7	2.00	1
36c987d524e6	7.00	1
36d631d9cd8a	8.00	1
36d8a31da1ba	8.00	1
36d8bf0fc2c3	1.00	1
36dbced7bfa3	7.00	1
36dc4ede7575	2.00	1
36dc7d4ed0cb	7.00	1
36e7148cd255	4.00	1
36e73e4dbfc4	7.00	1
36ea2d5c9d6f	9.00	1
36ed48d38d90	1.00	1
36f39eca0394	1.00	1
3704a3aa46ec	7.00	1
3716b28c4a5c	5.00	1
3720284cb457	7.00	1
372728bf99ac	4.00	1
37305a94ead6	9.00	1
373a2ff9bb91	9.00	1
373d41d48fd4	2.00	1
37410be79d73	8.00	1
3742b3918377	1.00	1
375655f0fdf5	9.00	1
375c7909c14f	0.00	1
376012589ba3	7.00	1
376032924b6f	8.00	1
3762a900984e	5.00	1
3768296d875f	9.00	1
376efdd2388c	1.00	1
377004165faa	7.00	1
378552959caf	8.00	1
3788ff494ee0	0.00	1
378c3049aec5	2.00	1
378e7645c0cd	7.00	1
37900e70d861	1.00	1
3794ce55dd13	8.00	1
379f416095c0	3.00	1
37a797a68813	5.00	1
37a9ebc86d6d	6.00	1
37bf137f3f84	7.00	1
37c07567c664	9.00	1
37c2ec81f2cf	6.00	1
37ca21ca6e15	5.00	1
37ce34f14462	8.00	1
37d90a31d1a9	4.00	1
37d9578eeb69	5.00	1
37eb0d33b698	2.00	1
37eca674883d	5.00	1
37f31879a52c	2.00	1
3804fa363ac5	3.00	1
381c9c069788	5.00	1
381d30ee6571	2.00	1
3822e6efe6ca	3.00	1
382ccf954b0b	3.00	1
382f05826c4f	5.00	1
3833f1d65690	5.00	1
3836772b028b	7.00	1
3838a0d2d365	2.00	1
384093e7f382	2.00	1
38411636c767	2.00	1
384b08ceb6b3	9.00	1
385a1f8c8920	5.00	1
385ee55a23fb	2.00	1
3866d986f406	7.00	1
3869aaf10472	9.00	1
387295743e47	9.00	1
3885b9668ec7	9.00	1
388d1a9f67d8	3.00	1
388e782140e7	5.00	1
3892a107beec	4.00	1
3897a24a6cb0	7.00	1
3898b28cba47	9.00	1
38a14c4703cc	1.00	1
38add16874b4	8.00	1
38bb7ac6051e	9.00	1
38c5d777f86d	5.00	1
38d36dd211f4	8.00	1
38d646e05f0c	0.00	1
38dfe9b7df7a	1.00	1
38e90273d63c	9.00	1
38ebcf13489a	10.00	1
391cd0d0e0a7	9.00	1
392772f748b1	5.00	1
392f05a94aaf	2.00	1
392f78d959bb	5.00	1
393357971e1d	4.00	1
393456edfeda	9.00	1
393cdb0f3dc9	5.00	1
393d1929ef53	7.00	1
393e65c38163	7.00	1
393f7a36a203	4.00	1
394223da18e0	1.00	1
39459aeb4e46	7.00	1
394a83823a11	2.00	1
39527f18b17e	5.00	1
39541f29d1b8	1.00	1
3958134f83dc	9.00	1
3962b0d93ea7	7.00	1
396513758c64	9.00	1
396cf3603ffb	1.00	1
396ec8912be2	5.00	1
397da627ea41	3.00	1
3982bb47e71c	7.00	1
399363efafa5	4.00	1
399491631daf	9.00	1
399b4cd5864f	1.00	1
39a5721cf51c	3.00	1
39afb8186342	1.00	1
39c574fd49cf	5.00	1
39cf2ce681d4	1.00	1
39d4cd4b38d1	5.00	1
39d4e2518b82	2.00	1
39eed6c57fa9	6.00	1
39f488c5d127	1.00	1
3a02cad303c7	1.00	1
3a059095738d	5.00	1
3a05db5a7a0c	5.00	1
3a114d5880d9	2.00	1
3a179234e330	10.00	1
3a20cc8935c4	5.00	1
3a3347e0cf99	8.00	1
3a38974924e0	5.00	1
3a4b7e79bbaf	7.00	1
3a4f1af18b02	9.00	1
3a4fade9daea	9.00	1
3a5c927ada25	8.00	1
3a5fa7fff7ed	9.00	1
3a63178e7c60	7.00	1
3a6491f61b02	5.00	1
3a6961a07b94	1.00	1
3a6df221371f	1.00	1
3a74a8688df9	1.00	1
3a7bbaa2345e	7.00	1
3a7d955f32b6	9.00	1
3a84c877b864	5.00	1
3a8569063746	8.00	1
3a8e366f8544	0.00	1
3a8f5d5a3700	2.00	1
3a971e57f4df	7.00	1
3a98a44328a3	1.00	1
3a9a9b26cb40	1.00	1
3a9d01d5595f	7.00	1
3aabfa2e8085	6.00	1
3acc07c46c05	5.00	1
3adde406e351	5.00	1
3adf65246f56	1.00	1
3ae366fd8079	5.00	1
3ae3bafeedbd	9.00	1
3ae4e641796f	5.00	1
3ae98db3e694	1.00	1
3aee48b8596e	9.00	1
3aef8e2ba8bd	2.00	1
3b007f7ed867	1.00	1
3b085948052e	8.00	1
3b0a378b8042	5.00	1
3b1327c7127f	5.00	1
3b20129c88b4	4.00	1
3b2829a3b9b8	4.00	1
3b34c2888d80	3.00	1
3b39bbeaf41b	5.00	1
3b3baac3458d	3.00	1
3b3ddc3dc1d3	8.00	1
3b43b9d12526	7.00	1
3b45abb2fa80	0.00	1
3b4bde139f56	5.00	1
3b548a199951	3.00	1
3b5a42d01aff	7.00	1
3b636c4de1bf	10.00	1
3b697b6a0582	8.00	1
3b75cbaa0dc0	1.00	1
3b7696308116	3.00	1
3b7ac190fccc	4.00	1
3b7b31dd8ab3	5.00	1
3b88ace3fd14	1.00	1
3b8f8f0b5609	5.00	1
3b915948b882	4.00	1
3b9454f82209	9.00	1
3b962e192ee7	2.00	1
3ba3d8877cd2	6.00	1
3bb3b4af339d	8.00	1
3bb7349ef788	2.00	1
3bbcd2f60bb7	6.00	1
3bbe64758d33	6.00	1
3bd5139f143f	0.00	1
3bdd4fafa304	5.00	1
3beb1e524b6e	1.00	1
3bee6ee92c1d	9.00	1
3bfd189d921d	7.00	1
3c04850fc3c2	8.00	1
3c0c7d4d542f	1.00	1
3c22c3fbdeb1	2.00	1
3c279d4fc350	4.00	1
3c2a676d5979	1.00	1
3c2d6ec3c259	0.00	1
3c3d11c046f3	1.00	1
3c3d65b1b5e1	9.00	1
3c3f117f8624	4.00	1
3c42541674f5	9.00	1
3c498a6356e5	9.00	1
3c4a4c8b8b84	7.00	1
3c50fbaecdfe	3.00	1
3c53e45b08ad	4.00	1
3c55d039e907	3.00	1
3c64aee3f73d	9.00	1
3c66a9e852fa	5.00	1
3c6912e39c31	7.00	1
3c6c7c62ddc0	5.00	1
3c7025a4b97d	7.00	1
3c73bdefaca8	5.00	1
3c7942b6e582	2.00	1
3c7de4e5cc86	4.00	1
3c8f3efaae39	9.00	1
3c947af70fd3	5.00	1
3ca4917542cf	5.00	1
3ca5de83e87d	9.00	1
3cafa4874542	6.00	1
3cb1c8e58cd9	3.00	1
3cb6a41b9c25	5.00	1
3cc0f13c8b57	8.00	1
3cc386f84e78	1.00	1
3cd44d19c010	7.00	1
3cd733785a30	5.00	1
3cd90d8f4f8b	9.00	1
3cda1275d613	5.00	1
3cdd69df71f7	9.00	1
3ce0260802b6	3.00	1
3ceb9650e90f	5.00	1
3cf32069da57	8.00	1
3cf95ea96d89	7.00	1
3cfa0c9af92e	5.00	1
3d0600982689	2.00	1
3d0ccec68d9b	4.00	1
3d0e17feaa52	3.00	1
3d1b9cb0846d	7.00	1
3d1c6af390fd	7.00	1
3d20ef96aa65	5.00	1
3d289d06e825	1.00	1
3d2db322e13c	4.00	1
3d2ee8ed4a55	9.00	1
3d3daa124ce1	9.00	1
3d54c703b374	5.00	1
3d6888a8ffee	5.00	1
3d699f43764c	6.00	1
3d6bd029bdf8	5.00	1
3d6c5450f01a	1.00	1
3d6dfabc5e6a	0.00	1
3d71df70d3d8	3.00	1
3d72cba7bc1c	3.00	1
3d7e19c09de0	8.00	1
3d8519ba613b	9.00	1
3d878f6ac0c9	9.00	1
3d8879127e26	4.00	1
3d92489ed044	3.00	1
3da00fc0d29c	4.00	1
3da04842e1f9	5.00	1
3da38b24b1ae	7.00	1
3da9aeb0c731	2.00	1
3da9dd8d71dc	0.00	1
3daa09228366	9.00	1
3daad889c2eb	2.00	1
3dbf8b7b1e33	9.00	1
3dbfce8b219e	5.00	1
3dc4fb0700d1	7.00	1
3dd15ea0791f	9.00	1
3de38767b022	4.00	1
3de5571d8833	2.00	1
3de5753d5bae	8.00	1
3de6c8acde23	3.00	1
3de9d1942104	5.00	1
3df05ab22798	3.00	1
3df14439f4b6	7.00	1
3df31d09eb38	7.00	1
3df447d03d2e	2.00	1
3dff4a2d9516	3.00	1
3e03bbbe75a6	5.00	1
3e074bdbb7fe	1.00	1
3e0bdac32b6a	8.00	1
3e0d2cfec4e5	8.00	1
3e13bf4d642e	0.00	1
3e15d0421da0	5.00	1
3e1cb8ce17c2	7.00	1
3e23b2379fa2	3.00	1
3e3cc6e916e2	7.00	1
3e3d9519cf9b	5.00	1
3e51e49f3dbb	5.00	1
3e67318ae707	5.00	1
3e696937c4de	7.00	1
3e916e50fdc5	3.00	1
3e9c7650ab01	2.00	1
3ea259d5b6e7	9.00	1
3ea4e23a3e64	9.00	1
3ea5fca8936e	7.00	1
3ea845fe0e8b	5.00	1
3eaa42a6b2a9	3.00	1
3eaa7fc4c42e	8.00	1
3eaad8def60f	4.00	1
3eb0db713401	2.00	1
3eb5c0efddce	10.00	1
3ebc24ba026e	2.00	1
3ebd1a0fafe2	9.00	1
3ebe8a85b92c	7.00	1
3ebf0708f462	5.00	1
3ec325f138bd	1.00	1
3ec32f7027be	9.00	1
3ecb9ec9da04	7.00	1
3ece7feb56bd	3.00	1
3edde1fadd3b	8.00	1
3ee1512642b1	2.00	1
3ee82867def6	7.00	1
3ee878db86de	9.00	1
3efbb714d8b3	1.00	1
3efcce286db5	3.00	1
3efd2172779e	0.00	1
3efe50f8ba11	7.00	1
3f0dbc5fe53d	4.00	1
3f1563fa5be2	1.00	1
3f15787f00fe	5.00	1
3f26c05c48ce	1.00	1
3f2b3471ffd0	3.00	1
3f331294c7e0	4.00	1
3f373689eb73	9.00	1
3f3b25384eec	2.00	1
3f3d72f3d6a5	5.00	1
3f3fe5eea2d8	9.00	1
3f4be3c6bc90	5.00	1
3f4f1b9da050	7.00	1
3f520d8262aa	4.00	1
3f5c5c52170f	2.00	1
3f61bd58630b	1.00	1
3f6992087ff4	3.00	1
3f751c8ad656	9.00	1
3f7f715cd8c3	10.00	1
3f8b53f9d1e7	4.00	1
3f9193306b39	7.00	1
3fa0fcfd2a94	2.00	1
3faac95b8549	7.00	1
3faced1b49a3	9.00	1
3fb770230379	7.00	1
3fb7721c43e8	6.00	1
3fcde78f9039	0.00	1
3fd4e7725dc3	5.00	1
3fe010e44abe	3.00	1
3fee3a859ec5	7.00	1
3ff3004a9b3e	6.00	1
40052012381f	7.00	1
4005a032e01d	9.00	1
400d9d01555b	7.00	1
4015789e9faa	7.00	1
401580939009	9.00	1
4015ce171f38	9.00	1
401606d95fae	3.00	1
401f1fae4931	8.00	1
40264fb773c0	5.00	1
40345445150d	9.00	1
4043e56c1c98	1.00	1
405a3d518434	5.00	1
405beb7002c8	2.00	1
4062bc37e0f5	6.00	1
4072ecccd4cc	5.00	1
407b11d6cd69	9.00	1
40831dab703b	5.00	1
40858aee2bcd	5.00	1
408b48ca4bde	8.00	1
408d7d49e7c9	0.00	1
40a15d9832b0	7.00	1
40a435c31f3f	3.00	1
40a7aab5bb7c	7.00	1
40ab3b3bbe94	0.00	1
40b56ebdb339	0.00	1
40bc2b9683c3	9.00	1
40be06fbe51b	5.00	1
40c3e9fe59fe	9.00	1
40cce0410d23	3.00	1
40d1727ff2e8	7.00	1
40d6ad695c07	4.00	1
40d922c1ea80	7.00	1
40e10ef5f7fb	7.00	1
40e875c7f05b	8.00	1
40fa2533293b	8.00	1
40fd150f0c4d	7.00	1
4105bd83d9f0	5.00	1
4108e81ab0d2	7.00	1
410c98b55350	7.00	1
410f6b8ec431	8.00	1
410fb6367059	4.00	1
41111ffde329	7.00	1
411255fea0d9	2.00	1
411ba39247f3	5.00	1
411bdc349392	2.00	1
4121d4cc1d1c	2.00	1
412a7d592cc5	3.00	1
413314da5077	4.00	1
41339f9f16f6	9.00	1
4135aec68681	10.00	1
413e84f8f9fe	3.00	1
41438067c709	2.00	1
4146b19a06b9	3.00	1
414a0687074e	0.00	1
414ef23e34be	5.00	1
415145d2bd47	4.00	1
4151c9d2543e	9.00	1
415bddee3488	4.00	1
415ff30b58d0	3.00	1
41600c2f7911	5.00	1
4165b59fbab0	9.00	1
41697479714a	2.00	1
4172cb3714e9	0.00	1
417fca8fc982	9.00	1
4185bf11760b	2.00	1
4187919dd855	2.00	1
418c611e5a17	5.00	1
418c7b0f9a69	5.00	1
41953578c195	9.00	1
419619c814a6	8.00	1
419a870e4aba	4.00	1
41a1c9ae71ce	9.00	1
41c9a4fbdeed	9.00	1
41d1fcf06026	9.00	1
41d894166ab5	9.00	1
41dbaf7b04a4	9.00	1
41dda0d07fe5	3.00	1
41ded40d9e17	7.00	1
41df6e0895d4	5.00	1
41e6c2f7e404	7.00	1
41e7d22438db	5.00	1
41ef53563bb0	7.00	1
41ef5d0b393a	7.00	1
420637a03b9b	2.00	1
4207be6ec78f	8.00	1
420cd5a747d4	7.00	1
420e2703321b	4.00	1
4212917a5aae	6.00	1
421bf7aac12b	4.00	1
4222f95e0291	9.00	1
422a4461abfa	2.00	1
423507ca620a	5.00	1
425318b46e73	5.00	1
42607c76f574	9.00	1
4261bd1f0fcc	7.00	1
42629e50f45b	9.00	1
426a550ae927	4.00	1
426cd00685df	2.00	1
42714ca40e1e	6.00	1
42714f9513ab	5.00	1
4283f37e8783	9.00	1
42848627870d	5.00	1
428950f803e9	0.00	1
4293b899f7f8	4.00	1
4293db00f55c	3.00	1
42a0314f55b3	3.00	1
42a47befeb3c	5.00	1
42a57208b1e1	7.00	1
42a7cfedbb60	3.00	1
42adb734b138	1.00	1
42b4eec41670	5.00	1
42c160daf1db	7.00	1
42c4055f4ed0	5.00	1
42cec2fe6133	3.00	1
42ceffa5afc4	7.00	1
42d19e6e1967	4.00	1
42dbda689cf3	4.00	1
42dbf3fa5b76	10.00	1
42e0e7dd2215	1.00	1
42ec438d8708	5.00	1
42f26aeb831b	8.00	1
42f4119392cd	3.00	1
42f6edae2789	9.00	1
42ffd5e32823	7.00	1
4304a88ff701	4.00	1
430c6aca2503	7.00	1
430e0183ce4a	7.00	1
43102f1f036c	5.00	1
4325ab7914b6	5.00	1
432c543bf874	6.00	1
432d08772469	10.00	1
432f3ae59bdf	2.00	1
4332d2282739	5.00	1
433a3e927b45	0.00	1
4344801be814	6.00	1
434509e047ff	5.00	1
434ce4be7762	9.00	1
434d199a9cf1	4.00	1
435015079241	5.00	1
435549984e96	7.00	1
4360cbe43c23	5.00	1
436f0b3821aa	0.00	1
438065d243b0	5.00	1
43824bcccaa9	9.00	1
438a0935a0ef	1.00	1
438e93e60960	5.00	1
43910af1da87	3.00	1
43943a4b9270	5.00	1
439d9fc88574	2.00	1
439f4fc447f7	1.00	1
43a1cb5d779d	5.00	1
43ae0da367c9	9.00	1
43b26da04521	3.00	1
43b7697ea37b	9.00	1
43d841e3d41c	8.00	1
43f432fc4ff5	9.00	1
440a5dddb06e	0.00	1
4412bd5ff8a5	3.00	1
4424bd7afedc	5.00	1
4427d18b47b1	7.00	1
4428c252be35	8.00	1
442b908e9990	0.00	1
442ec047162c	3.00	1
4430de9c1171	1.00	1
4435d5ce97d6	3.00	1
443ec86b0175	1.00	1
443f8652d115	6.00	1
4445bb6e8524	1.00	1
44497620df0f	9.00	1
4460e3e65255	8.00	1
4461c52656a7	7.00	1
4468374356dd	3.00	1
44684da1da2c	5.00	1
4469f9f656d4	3.00	1
4474f40ad434	5.00	1
449042067888	4.00	1
449668149d20	5.00	1
4497508215a1	5.00	1
449829d3a732	1.00	1
4498ac4e5971	0.00	1
44995c89b6ee	10.00	1
449ce24afc4d	7.00	1
44a3d27d4ff2	7.00	1
44ac2a1e582b	6.00	1
44b3cea18d37	7.00	1
44b8ebac3cbb	0.00	1
44c21e077212	7.00	1
44c928a288fb	7.00	1
44ca0bd7de5e	0.00	1
44cb2ce0babb	8.00	1
44d2f76d628c	8.00	1
44e594f69d6b	8.00	1
44ecb9f26c78	8.00	1
44f11edb8d72	9.00	1
44f8e23b2416	5.00	1
44fba4bbaa3a	4.00	1
452518ba5075	0.00	1
452873e6b99a	4.00	1
452c504760fe	5.00	1
45340993eb63	0.00	1
453794e9e1fe	9.00	1
45389f9444cc	3.00	1
453a392cb956	7.00	1
453fbd3f2e11	1.00	1
454880ee79dc	9.00	1
454abe6a8365	9.00	1
454e9c972607	5.00	1
455126465f88	0.00	1
4557c1c1e7d8	2.00	1
455a3b1b633d	5.00	1
45706e02f80c	0.00	1
4573a9efef89	5.00	1
45758e1936fc	7.00	1
45771dad4a04	9.00	1
45878ccc3643	7.00	1
45962eb57915	2.00	1
4596829150f2	7.00	1
459b6f4d2d44	10.00	1
459de28101da	3.00	1
45a9afdbe85e	3.00	1
45b58a9c7a68	5.00	1
45b6da077b77	8.00	1
45b80c0cb7c9	2.00	1
45be532a0aff	5.00	1
45be9f70a137	3.00	1
45c83567fd6c	7.00	1
45cc8962c3cc	5.00	1
45d2c7cb5703	7.00	1
45d3be7c0536	3.00	1
45d4cd08ed22	5.00	1
45d67a6e00f0	2.00	1
45e44892b795	8.00	1
45e48a582f34	9.00	1
45ed10de4988	5.00	1
460f23cfe26b	4.00	1
46163d07bcd8	4.00	1
461c108cc136	4.00	1
4620f57dea00	5.00	1
462e0e55c845	9.00	1
4630c0779deb	3.00	1
4642d6184961	8.00	1
4642dd2441f6	5.00	1
4652e0939f69	3.00	1
465d9b5d8e1a	2.00	1
466367d35ec2	7.00	1
467bb84f0185	9.00	1
468367b0caaf	9.00	1
468817ac3802	3.00	1
468ed5370955	5.00	1
469153d4a4d5	5.00	1
46921ab1b8a5	5.00	1
469857f5d18e	4.00	1
46a6c2c828e1	9.00	1
46a9a7cdbade	6.00	1
46b45c3d5af4	2.00	1
46b822444d9a	5.00	1
46c91d65de89	9.00	1
46cfb9a1d8a6	1.00	1
46dad9420df7	5.00	1
46e2aa947900	5.00	1
46e3462f4014	4.00	1
46e5a7555b5d	3.00	1
46fba0769531	5.00	1
46ff66b3778d	1.00	1
4703dd7d8185	9.00	1
47135254f64b	9.00	1
4715dfcae9e5	5.00	1
47192feee84f	7.00	1
471b2e2af445	3.00	1
47216e702437	9.00	1
47228ec71088	5.00	1
472331607bfa	2.00	1
472b92abc10e	9.00	1
472f15517255	8.00	1
47301181a293	5.00	1
4733ce648ff6	5.00	1
4734001cd14d	9.00	1
4736746f547b	8.00	1
4739461064cf	1.00	1
475071512da3	8.00	1
4765b3311576	7.00	1
47670cc4e96a	3.00	1
476a555f2629	9.00	1
476e031242b0	3.00	1
477a04cab02e	1.00	1
477dd2f3b39c	9.00	1
478453070aa6	7.00	1
479398c5db5e	8.00	1
479d93a86208	9.00	1
47a144d745c6	5.00	1
47acc4b7f173	5.00	1
47b28dbc51df	9.00	1
47b3b29f3b71	5.00	1
47c64549fc7e	6.00	1
47c87e7b72e7	8.00	1
47cb9dde5e4e	4.00	1
47d10a6b2780	2.00	1
47d5202645c4	3.00	1
47db60d0dc02	0.00	1
47e81ff7bff5	8.00	1
47f0fb901d49	1.00	1
4805b7fd03eb	4.00	1
48074e5be6ba	3.00	1
480cdce8c734	0.00	1
4813c73c0475	4.00	1
4814b395a730	3.00	1
482326e13588	5.00	1
4826b54e7198	7.00	1
482995454617	5.00	1
4829be27d76d	8.00	1
482eca62f48b	9.00	1
483056de0a62	8.00	1
483dd7239a0d	3.00	1
483e334da6b7	5.00	1
4845615a9752	9.00	1
4846e3346daf	5.00	1
4849ac4cd158	0.00	1
484a0eafb313	5.00	1
48526435bd73	7.00	1
4853a72d4dad	2.00	1
48573b71da14	4.00	1
4863c677ccec	2.00	1
4869e9d694eb	7.00	1
4872e7fe6ff3	2.00	1
48761108e580	5.00	1
48816b55dc49	9.00	1
48878be8268e	9.00	1
488d9acd1c96	4.00	1
488fc01f1d95	2.00	1
4890a43565a4	5.00	1
4890e140232a	7.00	1
489d53691e6a	8.00	1
48a21ec83f4e	7.00	1
48a665d5c5e6	5.00	1
48a7d023cb3c	3.00	1
48ab1a8044bc	0.00	1
48b5cb22a8eb	5.00	1
48bbf6fe9612	2.00	1
48c4703d5b6e	5.00	1
48c48066a229	2.00	1
48cc3b550bae	0.00	1
48cd58b8ebd4	5.00	1
48d417c94bdc	5.00	1
48d54e324a26	2.00	1
48df3a99053a	9.00	1
48e47e573b32	4.00	1
48e52c328058	5.00	1
48ea7329f80e	2.00	1
48eca9501699	9.00	1
48ef0c0d6865	4.00	1
48f91f1a368f	8.00	1
48fae2e974f8	8.00	1
48fc8cae943e	7.00	1
48fcb4133ed1	6.00	1
4905843d4f8f	5.00	1
4906ed7e3722	2.00	1
490ab22cf6f3	3.00	1
490c0dee8c15	4.00	1
4911e0b5e851	0.00	1
491569b5405f	7.00	1
492f428d49a3	3.00	1
4936545c2a1f	9.00	1
49375c47e818	2.00	1
493cf4f05dec	8.00	1
493e81fb8adf	9.00	1
493f1cefa69d	5.00	1
494ccf2a80b6	5.00	1
494fc853a7af	1.00	1
495db28a11a7	7.00	1
496a35888648	4.00	1
497878883279	5.00	1
497d95c127e1	9.00	1
497f9e0cb7f3	0.00	1
498cf4d5de98	8.00	1
49a25c92c604	9.00	1
49a94d00527e	8.00	1
49af31d467eb	6.00	1
49b038279913	6.00	1
49be2be047dc	3.00	1
49c836d2e86d	5.00	1
49d43949e75e	4.00	1
49dc59fcfc8a	6.00	1
49df6f954329	2.00	1
49e260c4f96f	7.00	1
49e3a7f6e2f1	3.00	1
49e5888e5e7d	7.00	1
49e97533c345	8.00	1
49ee89efce19	9.00	1
49f056383864	7.00	1
49f5b0b248dc	5.00	1
49f771ffe143	8.00	1
49faffa3321e	8.00	1
4a01cd0c31db	8.00	1
4a16cab764b4	9.00	1
4a185eeb0571	9.00	1
4a1ac1964e93	9.00	1
4a20098154a3	5.00	1
4a28e133f3b6	5.00	1
4a292a9ef11c	5.00	1
4a2a81ba8e7c	4.00	1
4a34be761ecc	8.00	1
4a384b0af294	5.00	1
4a3f3a989ed2	10.00	1
4a3f927e4f17	1.00	1
4a4625b30cfa	7.00	1
4a462699185c	1.00	1
4a47aed564f1	1.00	1
4a50ce1c5d6b	7.00	1
4a516d1786d4	9.00	1
4a593918ce03	5.00	1
4a595a11ce32	9.00	1
4a71926fec5e	5.00	1
4a80f5cc8a3d	3.00	1
4a8dd80da404	5.00	1
4a8ea0b29b18	3.00	1
4a97284308e6	8.00	1
4a99bf59e738	0.00	1
4a9a36faf516	8.00	1
4a9c670f6162	5.00	1
4a9d3393d3d1	10.00	1
4aa5aea37bfd	2.00	1
4ab78416edd5	5.00	1
4abe8b8db6eb	3.00	1
4ac0b4396686	5.00	1
4ad56c9f103b	1.00	1
4ad5963e9160	1.00	1
4ae20154a3be	7.00	1
4ae979082e3b	8.00	1
4af6bd398148	1.00	1
4afda0b5489d	2.00	1
4b00a29bd4f8	3.00	1
4b0e36a50606	2.00	1
4b1fa85b883b	7.00	1
4b201e4e99c9	3.00	1
4b21a049f40e	1.00	1
4b222e48cdd5	2.00	1
4b29631ff5c1	7.00	1
4b2ce6970822	9.00	1
4b2f008a7ecf	7.00	1
4b327cfa4426	1.00	1
4b3beb8953c8	2.00	1
4b3c620595dc	2.00	1
4b47111b33c4	3.00	1
4b477f45098e	9.00	1
4b4c6767efbd	7.00	1
4b515bdab3d8	2.00	1
4b527e60fada	2.00	1
4b579537a03b	3.00	1
4b61d163826c	0.00	1
4b66e41ef0bd	5.00	1
4b68a8503b75	4.00	1
4b6a056740ea	2.00	1
4b7832ef38c4	9.00	1
4b7905cbef27	2.00	1
4b836334295d	5.00	1
4b8846307418	8.00	1
4b91c3f39462	3.00	1
4b9a371fafb4	8.00	1
4ba63a699d06	3.00	1
4bafe4c39905	7.00	1
4bb5a5080eaa	4.00	1
4bb9f9a225af	0.00	1
4bbc1be82017	8.00	1
4bc1cbbe7fbc	1.00	1
4bdec9affe82	6.00	1
4be0f856963d	1.00	1
4be17300efe6	9.00	1
4be199be3223	5.00	1
4be8a3616bc2	7.00	1
4be939bee157	5.00	1
4befacf2b65f	4.00	1
4bf223eb4000	7.00	1
4bf8ac019e83	1.00	1
4bfc78451441	2.00	1
4c015d6a6257	7.00	1
4c0d4a990397	5.00	1
4c111583f955	3.00	1
4c1b6cef5425	5.00	1
4c21d05ca3d9	3.00	1
4c2612a6cc54	1.00	1
4c2cc6ad86fd	1.00	1
4c3e83d8a175	3.00	1
4c4dbe6adb74	5.00	1
4c501cce284b	8.00	1
4c563186b669	2.00	1
4c6487eaa53e	1.00	1
4c6ddc42f48e	2.00	1
4c84f16dc507	8.00	1
4c8cf8f7ab1e	5.00	1
4c8e508294b9	3.00	1
4c92db869f39	5.00	1
4c9af5459083	6.00	1
4c9dc8a0bd1c	5.00	1
4caa1c38a092	3.00	1
4cabfca2e470	2.00	1
4cb227343671	7.00	1
4cba2ee9430c	7.00	1
4cc1ff45fdc8	2.00	1
4cd20a324c8f	10.00	1
4cdb6ff66814	6.00	1
4ce5dca4cd39	7.00	1
4cec239006fe	8.00	1
4ced7c8ae496	5.00	1
4d09be0881f2	2.00	1
4d1a4137f84d	3.00	1
4d1b94867a5d	4.00	1
4d25289663b4	9.00	1
4d2aa768130b	8.00	1
4d2c31bcc02b	5.00	1
4d35af7f4015	8.00	1
4d3a560cb0dd	5.00	1
4d3e9ac8e6be	4.00	1
4d420707c14d	4.00	1
4d438e062b21	5.00	1
4d449a4a27c9	10.00	1
4d4a5dbb862b	6.00	1
4d4a8fc9f725	5.00	1
4d4a9b01e40f	0.00	1
4d4b1867c6df	0.00	1
4d4b56374bb8	5.00	1
4d4c7337eae6	7.00	1
4d51666dd578	9.00	1
4d521504434f	5.00	1
4d570589f423	8.00	1
4d57fae53d8b	2.00	1
4d59c54b176b	0.00	1
4d684bb800ba	9.00	1
4d690e0e6cd8	5.00	1
4d6b4b6b9c92	7.00	1
4d73096957fd	5.00	1
4d743f7df4fb	3.00	1
4d7704148cc3	2.00	1
4d88010df10b	3.00	1
4d888f4168a4	1.00	1
4d9051601b90	5.00	1
4d92722b98b2	0.00	1
4d9435aa425d	7.00	1
4d9ad29aa4f4	9.00	1
4d9d154a1e9e	1.00	1
4daab9727e35	8.00	1
4db42a2dc022	10.00	1
4dbe0ee76dbf	5.00	1
4dc6d20c3283	7.00	1
4deb4fbe2ed6	8.00	1
4df4b0bd9fc4	1.00	1
4dfa6bbb00bd	5.00	1
4dfb51e99c08	9.00	1
4dfc180a16f0	1.00	1
4dffd8107325	5.00	1
4e07319879f3	8.00	1
4e083a0873e6	6.00	1
4e135c3720cc	9.00	1
4e2df5838ff2	2.00	1
4e2f709a8471	0.00	1
4e34c067308a	6.00	1
4e40053f0e79	5.00	1
4e45699cdfe3	9.00	1
4e515b55eefa	8.00	1
4e5d023c367d	9.00	1
4e632c2a3fa0	8.00	1
4e65e3943cec	7.00	1
4e66e06ab22e	1.00	1
4e6d069b1e94	7.00	1
4e787064b07d	5.00	1
4e8951d4fd19	2.00	1
4e9a58bedf4d	8.00	1
4ea1a8512e03	5.00	1
4ea909e430e5	4.00	1
4eaee558aaba	5.00	1
4eb0a4f5e11e	7.00	1
4eb72e89587a	1.00	1
4eb821dfa73d	8.00	1
4ebc84b47cee	5.00	1
4ec2f4027a51	1.00	1
4ecb829f2f77	5.00	1
4ecce0da0f80	3.00	1
4ed26169af26	4.00	1
4ede9611fcee	10.00	1
4ee1c1731bdf	5.00	1
4ee5c64b4522	5.00	1
4ee79d272d68	0.00	1
4eece2ffe36f	4.00	1
4ef12ec7eda3	8.00	1
4efd4d0bc277	1.00	1
4efdf8e23569	2.00	1
4f09b38843f0	2.00	1
4f10112d0936	3.00	1
4f10ca8c4ab2	7.00	1
4f1e1d6edaf3	7.00	1
4f2bf462708c	9.00	1
4f2cef3c7d2b	7.00	1
4f2ec749a269	9.00	1
4f3095258102	1.00	1
4f45d81e1204	1.00	1
4f4a8f041676	1.00	1
4f4b24791c60	3.00	1
4f4c5e0c24b0	3.00	1
4f52ef8b4076	3.00	1
4f63278b0525	6.00	1
4f757447172e	8.00	1
4f8164a709ca	0.00	1
4f857b330a84	4.00	1
4f88ed4eb4ea	9.00	1
4f8d921f425b	3.00	1
4f9470a84a94	2.00	1
4f99e133a1c1	5.00	1
4f9d781ebbeb	1.00	1
4fa27169c4fb	9.00	1
4fc539ac980f	7.00	1
4fc95ab3354c	9.00	1
4fca88f91a41	9.00	1
4fcbd22c56e7	8.00	1
4fd6e2ef4e9a	7.00	1
4fd725997717	7.00	1
4fe3c44eca29	1.00	1
4feb8bf17251	4.00	1
4ff160c2ace4	3.00	1
50178d5d8393	4.00	1
501d0690a4ca	3.00	1
501ff5500ef4	6.00	1
502cb4a03023	1.00	1
5033e47c14c0	5.00	1
5034bc4858e7	0.00	1
503793d6c503	9.00	1
503805ee2f93	1.00	1
503847b4e6af	3.00	1
503f1388326c	1.00	1
504d058d01ee	8.00	1
504ddd03858e	9.00	1
5057c75cc5e7	5.00	1
5059f32f6c06	1.00	1
505bc5a2d376	2.00	1
50659a47ad99	9.00	1
506d13317be6	1.00	1
506e52bd3252	2.00	1
507c5544156e	4.00	1
50847c2fce6b	6.00	1
508e6a0068ed	5.00	1
5093f2e440f1	7.00	1
5095e53dd43b	9.00	1
509d62fa3307	6.00	1
509e63186943	1.00	1
50a78241feab	0.00	1
50aa03ab6ad6	1.00	1
50c36aa86433	5.00	1
50cfc9f8e5c3	1.00	1
50d0b31ba322	1.00	1
50d121784fe5	4.00	1
50d530c8f7cd	2.00	1
50d92fdb082e	1.00	1
50dfc5f57ec3	5.00	1
50e51823925d	4.00	1
50e77d83e84b	1.00	1
50eecadcec6e	9.00	1
50f30415b201	5.00	1
510cc95529ed	3.00	1
511260375546	5.00	1
51180bca7db6	2.00	1
511a89e0784e	7.00	1
5125dc603eca	4.00	1
512a25131ab6	5.00	1
512ebf35af7d	7.00	1
512f90eb0a71	7.00	1
5133d928bb55	7.00	1
51436c7eb26d	7.00	1
515c93651a26	1.00	1
516e113e5c3f	9.00	1
517db1d65a88	10.00	1
518bd6f348c0	1.00	1
519332f4ad8a	7.00	1
51933a980002	5.00	1
51a0d326a16c	3.00	1
51a4583450dc	4.00	1
51a739d9ae9d	7.00	1
51bb46d0dcc8	5.00	1
51bf706d7895	7.00	1
51c00a0bc161	2.00	1
51d30877396d	5.00	1
51d7c723142d	5.00	1
51e6deda4c97	9.00	1
51e9d27055f2	3.00	1
51ec9c9011ff	3.00	1
51f0e502d9ee	5.00	1
51f39800acfb	10.00	1
51f66c9b0c4f	2.00	1
521bce0d8c45	7.00	1
5221d6ff6f77	9.00	1
52300569c196	3.00	1
52359383abd3	0.00	1
524589949041	2.00	1
52483b7b9371	2.00	1
524daba2cea0	1.00	1
526ee325eac8	9.00	1
526f7d9fbb9d	9.00	1
52724e34f40d	4.00	1
527dddefce34	2.00	1
527f2b03d196	5.00	1
528d7881d65a	7.00	1
52927e5e000a	1.00	1
52af42662c19	4.00	1
52bc47fb20ef	4.00	1
52c30da4e108	8.00	1
52c68c963a3a	9.00	1
52c8b86a41d4	4.00	1
52c90d598a5c	8.00	1
52d06083aa28	3.00	1
52d6c6a60629	2.00	1
52dc3a4894e6	7.00	1
52e4a55cddc3	7.00	1
52e6e9de1dde	1.00	1
52f23930364e	2.00	1
52fac1a593f6	5.00	1
52fbf7f8f7b6	3.00	1
52fcb3c2ec47	0.00	1
53088ac4ab7b	1.00	1
531291a5f3f5	8.00	1
531372d2d3ba	7.00	1
5313b3937b4c	5.00	1
531f9a3b7187	9.00	1
532a6e61b38e	1.00	1
532d273c15e9	9.00	1
533101b517a6	8.00	1
5334d1ba4336	3.00	1
53368739b77c	2.00	1
5344c843df8a	7.00	1
534d83cf6202	7.00	1
534f307de548	2.00	1
53536d27f1fc	5.00	1
535721ab25c8	9.00	1
5361c0674156	9.00	1
5365c0d6f6b9	6.00	1
536ccde57b29	6.00	1
536de02af7b0	5.00	1
53712bda786f	3.00	1
53743ea00ea9	1.00	1
53834322c95c	3.00	1
538363e366cd	4.00	1
5389df6bfa7d	10.00	1
539e9027fa1d	4.00	1
539f429233a9	6.00	1
53af5021756b	7.00	1
53b4580c1613	7.00	1
53bc48f00f69	9.00	1
53bee7e21ef8	4.00	1
53c1ea321bef	2.00	1
53ccbe57632b	5.00	1
53d6af442f41	5.00	1
53e1390e929c	4.00	1
53e4cb6a026e	3.00	1
53e85e8f37ce	3.00	1
53f1506ed189	4.00	1
53f313738c06	8.00	1
53fe37afbaad	4.00	1
54042793ad38	9.00	1
5412f2cbf35e	2.00	1
541b248b3200	0.00	1
5421145a345e	3.00	1
5423513f2c0a	5.00	1
542a13d46c3a	2.00	1
5433543b2805	9.00	1
5435a8b44c25	1.00	1
543a3e6f2bc4	5.00	1
5440157d3de8	0.00	1
544440ed1c2a	10.00	1
5446b969c896	9.00	1
544aa4f708a6	7.00	1
544d4d69e575	6.00	1
54573fd33f6a	8.00	1
54690def48c7	1.00	1
54706f62e87d	4.00	1
5471d0078a9e	5.00	1
54772f4db112	9.00	1
5477b7dcebec	3.00	1
54847874ff3e	9.00	1
5488daed68f4	1.00	1
548937d3f6e7	4.00	1
5492ed80d896	5.00	1
5493e788ebd9	2.00	1
5493f7792377	9.00	1
54948c4a1b66	1.00	1
5495cf76a874	2.00	1
5496a3303215	6.00	1
549a3a70e170	2.00	1
54b145689fa4	5.00	1
54b2d367d8fd	7.00	1
54b3c21cb3b7	1.00	1
54bb9f105d77	7.00	1
54c158c614bb	5.00	1
54d3389dff2c	9.00	1
54d3817eb553	2.00	1
54dea00f3f73	8.00	1
54e502b8e107	7.00	1
54e58dffaf69	8.00	1
54f71ce0b3fa	7.00	1
54f79284d23f	7.00	1
54f9f5afa3a3	8.00	1
54fb2f8634d9	1.00	1
54fb69a2b8d3	2.00	1
54fc951077a6	5.00	1
54fd962c27fb	3.00	1
550429eb613d	9.00	1
55051b57fa78	3.00	1
5508c57ab365	9.00	1
55126bb60df2	5.00	1
5520fab6b7ca	0.00	1
552680814840	2.00	1
552eeba2dce9	3.00	1
553aef960abd	5.00	1
553bd392db22	8.00	1
554686b467a7	6.00	1
554af2e1b318	5.00	1
555124c0a549	8.00	1
5552014d9701	1.00	1
55529004f41a	5.00	1
5561779b6172	7.00	1
557c34fd8309	5.00	1
557eaf8f4760	7.00	1
55865763da2a	5.00	1
558e4f19bed0	4.00	1
558ed4e413cb	1.00	1
5592ef9729d5	0.00	1
559829da841d	7.00	1
5599322a40dc	5.00	1
55a47016c8e6	9.00	1
55a6dc949979	8.00	1
55ac124df170	3.00	1
55b02364b54c	9.00	1
55b0b2c33b86	7.00	1
55b3a2cdc984	7.00	1
55b5f066c0e6	9.00	1
55bb7eb87d76	1.00	1
55c62646f692	8.00	1
55cef675e381	7.00	1
55d94cc0b859	7.00	1
55dcd4fcd7ef	9.00	1
55de4d08fae7	7.00	1
55dfa1f709b2	5.00	1
55e0b5b5d7a1	6.00	1
55eb43f98756	8.00	1
55eb75c0bf1d	7.00	1
55ec79aedfea	8.00	1
55fb79cfa669	5.00	1
55ffb385cf7b	9.00	1
55ffdd45d656	1.00	1
56010e4a5c89	8.00	1
56059235ec99	1.00	1
560e96efa19c	2.00	1
560ff40959fa	3.00	1
561fefb278bf	2.00	1
56210cb845ac	5.00	1
56296959394b	0.00	1
563717d6ad3d	7.00	1
56382554f3ec	9.00	1
563e973bde65	5.00	1
564bd51ed4b8	2.00	1
564d87d1c3cd	2.00	1
565449712deb	7.00	1
566681f02185	0.00	1
56771c8cf44d	8.00	1
567808698b96	4.00	1
568197a57f56	1.00	1
5686532e35b8	1.00	1
56897c19c606	9.00	1
568f72c7d654	6.00	1
56977bc7c0b9	7.00	1
569ba37ebe5e	5.00	1
569f3210ecf7	8.00	1
56a107169121	7.00	1
56a239c2257a	2.00	1
56b08f7901d0	4.00	1
56c1452e2e51	5.00	1
56c32ec2de96	7.00	1
56c404e8fd5d	3.00	1
56c5f4db96a7	6.00	1
56c62226e1af	9.00	1
56c852b53967	1.00	1
56c887f93722	5.00	1
56d08fa22e05	3.00	1
56d110862b20	8.00	1
56d8a051ed8f	5.00	1
56ed37e4ceca	5.00	1
56edb9b92743	1.00	1
56fa13c4daae	5.00	1
56fd684e91e8	10.00	1
5705b0b43817	0.00	1
570bd819afa0	4.00	1
570ce678d7e9	8.00	1
571dfbe736e7	2.00	1
5721d2676aad	3.00	1
572956235a3b	5.00	1
5734c8d9afe5	0.00	1
57380dc9c38a	9.00	1
573965b4970d	4.00	1
57396aaefe40	6.00	1
573c335cb481	5.00	1
5742a3e0892b	7.00	1
574a440a6635	8.00	1
574c6f5ac9fb	2.00	1
574f37f06dd2	5.00	1
575ce2b11e64	8.00	1
5772f5514ded	7.00	1
577745007696	8.00	1
5777ac6544da	7.00	1
5778ba8bda43	5.00	1
577da1443777	3.00	1
577f684a66b9	3.00	1
578493058463	0.00	1
578b439fb3ca	6.00	1
578bb7c763bb	5.00	1
57931d27d339	5.00	1
5798745b4a8b	9.00	1
579ac180595d	9.00	1
57a26091ae07	0.00	1
57b34d5c98f4	5.00	1
57b6cf889f02	7.00	1
57c03aeeda2d	2.00	1
57c3c2bcd7f3	9.00	1
57c8c506ba44	8.00	1
57c9c252180a	2.00	1
57cd78154764	0.00	1
57ce504f7524	9.00	1
57dc9b38c8dc	6.00	1
57e45a57b814	7.00	1
57ed74f80394	5.00	1
57f75fe47d63	5.00	1
57f8686f91be	3.00	1
5818351315f0	7.00	1
5820157487ab	3.00	1
582ab9c27c37	5.00	1
582c15c90faf	5.00	1
583c79730a42	5.00	1
58400f0ecbff	3.00	1
5841b3032233	8.00	1
584e81bfbfd9	2.00	1
5850660d02c6	5.00	1
5858ef44264c	9.00	1
585c5b2922b0	9.00	1
586421ad53be	5.00	1
5865815b31c1	5.00	1
58721aaaeb1c	3.00	1
5875df623cfc	4.00	1
5894e2397002	8.00	1
589708f03673	3.00	1
58989c61a096	9.00	1
589ad796a6fa	7.00	1
58a12baf9993	7.00	1
58a8dcb36f52	7.00	1
58b4b8eb5182	6.00	1
58c25021f0a7	9.00	1
58ca84071258	3.00	1
58cb35d8dc70	7.00	1
58cd237e3f32	5.00	1
58d4a74167cf	1.00	1
58d4b8a147ba	4.00	1
58dddd408c56	5.00	1
58e12c0d6657	4.00	1
58e14aeaf5e6	9.00	1
58e9d4c5d41d	8.00	1
58e9e9e9f30a	9.00	1
58edaeb88571	9.00	1
58ef2f02ff82	7.00	1
58f26e1711a4	3.00	1
58fbd441d951	8.00	1
58fbe6ed78fe	2.00	1
5906c7a46f29	7.00	1
590bf580411f	9.00	1
590e95c5b82b	5.00	1
590f0f87097c	4.00	1
5915944cc97a	7.00	1
591933d5459a	1.00	1
591ed7bfd480	7.00	1
5923cb2e6a09	7.00	1
59241ff3a75a	1.00	1
59311d471980	8.00	1
59338da52052	9.00	1
5933c2d83558	9.00	1
59388e264853	5.00	1
5943edd8defd	3.00	1
59503938c2dd	7.00	1
5955b6097792	3.00	1
595ef3eb32af	9.00	1
596306c33821	7.00	1
596689f8af87	1.00	1
5978100991b4	4.00	1
597890cb1d82	1.00	1
597bc37f1a8a	8.00	1
598e0e0e6c68	9.00	1
599c69dc2075	6.00	1
59a2f561df99	7.00	1
59aeed4d8284	1.00	1
59bf240df2b3	5.00	1
59c614fb0b1d	5.00	1
59c72046dd52	2.00	1
59d6e6e3f0c1	1.00	1
59e733a8c4d8	4.00	1
59e9550f13f5	2.00	1
59f6e950960f	9.00	1
59fc6677d898	7.00	1
59fed6643ad2	2.00	1
5a0abaa45961	8.00	1
5a0ff619821d	3.00	1
5a1a382f2976	7.00	1
5a205b20567b	9.00	1
5a2428304dbe	9.00	1
5a24d385a092	5.00	1
5a2b2d4499bf	5.00	1
5a3140c3aef2	9.00	1
5a35374c4b07	4.00	1
5a3755589c3a	1.00	1
5a37c3b9c09b	9.00	1
5a37e910a048	2.00	1
5a3cdd339fa0	5.00	1
5a3dd5f59b0a	1.00	1
5a4d6d38fc0c	5.00	1
5a52607c95bc	0.00	1
5a52eebcdf60	8.00	1
5a65df11d215	7.00	1
5a671c4604c9	2.00	1
5a69b05b8163	5.00	1
5a6bae315114	5.00	1
5a6bb146cd9e	5.00	1
5a6d85843b13	2.00	1
5a70eab4e22f	6.00	1
5a7c98458dc3	1.00	1
5a928fe7ef71	5.00	1
5a9638e690aa	5.00	1
5aa12027e25d	3.00	1
5aad3faebe01	0.00	1
5ab29341730b	0.00	1
5ab2ffabbd1c	4.00	1
5adcfb851276	1.00	1
5adfed447ada	9.00	1
5ae085828d32	7.00	1
5ae323725ae3	2.00	1
5aeaa00f62fb	9.00	1
5aec6eebbf39	5.00	1
5b042ba620ef	3.00	1
5b0b6f0223c6	5.00	1
5b11985a5cd7	2.00	1
5b12697f1d6b	4.00	1
5b1581339d4f	1.00	1
5b17197759b4	4.00	1
5b26e7ab909f	3.00	1
5b2a30566702	5.00	1
5b4665bf6d29	4.00	1
5b4e69f06b43	1.00	1
5b53d63a7724	9.00	1
5b550c2c45ff	7.00	1
5b58786b3911	2.00	1
5b58f3175c2a	7.00	1
5b5c4bbfdf63	7.00	1
5b5d07c8cc5b	6.00	1
5b61b9a9ba9a	5.00	1
5b6318500f48	5.00	1
5b6652b49a9a	7.00	1
5b6924028124	5.00	1
5b694951132b	8.00	1
5b7018a0e315	9.00	1
5b712912cb8f	9.00	1
5b71fcbba938	2.00	1
5b88c8bbc711	5.00	1
5b8e4bd94a5f	9.00	1
5b96004b0127	7.00	1
5b9937820563	0.00	1
5ba2159c9d7b	7.00	1
5baa7d03c7f6	8.00	1
5baafedd302a	9.00	1
5bb13e2d38a5	9.00	1
5bb2a8d39873	7.00	1
5bb48a96b54f	5.00	1
5bbcb4f338bf	5.00	1
5bd2065d56c2	8.00	1
5bd4617252dc	7.00	1
5bd65dde4ca5	3.00	1
5be064477293	2.00	1
5be1c49e812b	4.00	1
5be33ca0f7d0	6.00	1
5be7ab62e34e	9.00	1
5beb86a66aa5	5.00	1
5bfde5cdc131	5.00	1
5c01196e2fbb	7.00	1
5c1928da3972	1.00	1
5c1b8069c649	2.00	1
5c2111ef4874	2.00	1
5c2e2edf53ad	4.00	1
5c2f581534a3	4.00	1
5c6499dae172	8.00	1
5c6856a64f6e	1.00	1
5c6e2ec4f417	9.00	1
5c728af86e18	7.00	1
5c73693da020	4.00	1
5c7515e32627	5.00	1
5c78093379f6	8.00	1
5c911bf35075	2.00	1
5c9337691641	4.00	1
5c95fd434446	7.00	1
5c9a63df5f39	4.00	1
5c9ec52e1a8b	3.00	1
5ca4095d1cda	1.00	1
5ca77b5bfb73	1.00	1
5caca87798f5	3.00	1
5cb058e89611	5.00	1
5cb09347580d	6.00	1
5cb1ec76625d	5.00	1
5cb640123c00	7.00	1
5cba07bd8b76	8.00	1
5cbfd572a43c	7.00	1
5cc209b2596d	5.00	1
5cc61685f861	8.00	1
5cd21532ce70	4.00	1
5cd5d11cbbe4	5.00	1
5ce18756c5fd	6.00	1
5ce3fd1e58c5	9.00	1
5cf492224a27	4.00	1
5cf9e8951a49	5.00	1
5cfec4b34604	1.00	1
5d041b6ad1bd	9.00	1
5d1517d8df51	9.00	1
5d16502d172e	5.00	1
5d1f0a534942	5.00	1
5d1f3fc06db6	8.00	1
5d21ece9c869	7.00	1
5d2251bc4423	9.00	1
5d25e1e5aeb0	1.00	1
5d373427daf3	4.00	1
5d39c583f666	0.00	1
5d39cec22c52	5.00	1
5d44207d517c	4.00	1
5d47f17ed2c2	3.00	1
5d4c85fa6008	7.00	1
5d5475fd283b	3.00	1
5d5d1b16f5aa	1.00	1
5d70b4069cf1	5.00	1
5d784525e8e6	9.00	1
5d81c87ffc94	2.00	1
5d87120d7e5e	7.00	1
5d8aec9c3b0f	1.00	1
5d8be1e95c57	3.00	1
5d9a2a887429	1.00	1
5d9ca29db7c5	6.00	1
5da8e7d7158f	2.00	1
5dcddea8a204	9.00	1
5dd1090a1b4d	0.00	1
5dd94ecd1011	2.00	1
5dd9c79df0dd	6.00	1
5dda7daa2082	8.00	1
5de3a9305122	7.00	1
5de98b2cc5bf	9.00	1
5df6c99813ed	2.00	1
5e0946212712	7.00	1
5e0dd002af5b	3.00	1
5e1076a25a2a	7.00	1
5e1994f90cba	0.00	1
5e20ed63f727	5.00	1
5e22a594463f	7.00	1
5e25dc4f3e26	8.00	1
5e2acae50f39	9.00	1
5e2e16c2c89a	5.00	1
5e3311c40c82	9.00	1
5e34d2089cb1	8.00	1
5e3a222f4a01	9.00	1
5e3c519914bc	5.00	1
5e3fb1e39bec	7.00	1
5e42b5ffe18d	7.00	1
5e48a9728942	4.00	1
5e490c7ebc13	5.00	1
5e5bda0f8449	3.00	1
5e717f731b23	4.00	1
5e74296e6090	5.00	1
5e803abff308	6.00	1
5e8e02ab9bc3	6.00	1
5e93a8178001	0.00	1
5e94fc14a049	2.00	1
5e9bfbd1d91e	6.00	1
5eae517e3149	0.00	1
5eaebbdf9c1f	7.00	1
5eafaac74877	8.00	1
5ec5507204cc	1.00	1
5eccac34d039	4.00	1
5ece83ce23e3	8.00	1
5edbff2aa0aa	3.00	1
5ede38c7dffd	9.00	1
5ee218231dd9	6.00	1
5ef6cecf2452	5.00	1
5efbd4400689	1.00	1
5efd280c9311	8.00	1
5f0bd515cf47	3.00	1
5f1901d7c7f1	2.00	1
5f1a6da91ca5	1.00	1
5f329cb106a7	7.00	1
5f37d664c870	9.00	1
5f3967e6f064	7.00	1
5f439c6397e9	6.00	1
5f47c8342d36	3.00	1
5f57c74beb89	7.00	1
5f61508ef58a	5.00	1
5f62e2bee5eb	1.00	1
5f66fd5a07d2	1.00	1
5f695cd4ed9a	9.00	1
5f6f6346a17b	8.00	1
5f79bc709266	2.00	1
5f7f8a6f0b6b	3.00	1
5f964c393925	7.00	1
5fab161f1234	9.00	1
5fb4253a37b1	9.00	1
5fb9219b12b5	9.00	1
5fc447a92e42	2.00	1
5fc5116d7e40	6.00	1
5fc711c80a1c	5.00	1
5fca0cde5c1b	1.00	1
5fd3ce34d9b8	5.00	1
5fdad49a2d2f	2.00	1
5fe5e3187fc0	1.00	1
5feafaa21edb	3.00	1
5fecdf5eec43	5.00	1
6004a948bb40	5.00	1
60109a6b6112	9.00	1
6016d12845f8	3.00	1
60242073e737	8.00	1
60248f9af5f0	3.00	1
603667385203	5.00	1
6048007ae8e3	9.00	1
60562738ed41	9.00	1
605c487dddf0	7.00	1
6060f0950de9	2.00	1
6063d08746ad	1.00	1
6065ab6c336a	2.00	1
60680fe95053	5.00	1
606d7baa614e	9.00	1
606f08b9b616	7.00	1
6076c6cdf41a	8.00	1
607f888f44ee	5.00	1
608283c89da3	0.00	1
6082f117758d	7.00	1
60926aea3995	5.00	1
60972ea76ad3	9.00	1
609793d64924	4.00	1
609f0e1d0150	1.00	1
60a7e1130c03	2.00	1
60abfeeda843	7.00	1
60b93ebbfc7a	3.00	1
60beec78937a	2.00	1
60c124b35735	4.00	1
60c6b1c5b6cf	7.00	1
60cbefdba710	8.00	1
60cfa5a33943	4.00	1
60d033f75d82	5.00	1
60ddd10f74e9	7.00	1
60deff4fbf9c	0.00	1
60df0143f237	8.00	1
60fa893f4666	9.00	1
60fe234097ef	3.00	1
60fe5c2b4dba	9.00	1
610375e632f3	1.00	1
61052f0d64b3	1.00	1
610848077c1b	3.00	1
610c418b8b94	7.00	1
6119e332cd69	5.00	1
611c41a59a2b	6.00	1
613f78efde77	4.00	1
61451af02b86	4.00	1
61452560218a	9.00	1
6154bcdb4761	0.00	1
6157dde417f0	9.00	1
6158ed9615c1	3.00	1
615a8290c388	1.00	1
61605b9bb475	3.00	1
616a2c065101	7.00	1
616dfc3baaab	1.00	1
6178c1d210b7	5.00	1
617c500700ac	1.00	1
61801e0fa14a	1.00	1
6184d5a1e653	7.00	1
6189abaaf2d4	1.00	1
61af094babf0	0.00	1
61aff706f451	4.00	1
61b299a21546	7.00	1
61b6c7b4c964	1.00	1
61c2bd9a33a6	7.00	1
61c69ddbc5c6	5.00	1
61cd5bdcae8c	1.00	1
61dc972827e9	2.00	1
61dd9584b083	0.00	1
61eb5311f49e	4.00	1
61ed8f438c4a	5.00	1
61fac6e85b33	2.00	1
620ea78c4160	2.00	1
622a8d900247	9.00	1
622dc185fbd4	8.00	1
6231b2330f1e	5.00	1
624ae2ab8bcd	3.00	1
624c4e7d02b4	1.00	1
624e855ac8a2	7.00	1
625511da896a	5.00	1
6259569edb62	8.00	1
6260f52790fc	9.00	1
6269f5ddfd1a	5.00	1
626af1306794	8.00	1
626ceced16af	1.00	1
6272e20b33ff	5.00	1
62735b140327	7.00	1
6274b6500a0e	5.00	1
6277bf868052	1.00	1
62783497d305	9.00	1
6280a0c9394b	8.00	1
6282937360fa	3.00	1
6288d1325811	9.00	1
629828fb6b9d	4.00	1
62985a220446	3.00	1
62a76af9c152	1.00	1
62ad669fe687	8.00	1
62b94601dcbe	5.00	1
62bbdabf6e3d	9.00	1
62c2e3535cba	1.00	1
62cdb82faf2b	9.00	1
62d1857c13bb	8.00	1
62dcd0f6d938	8.00	1
62de2c6e5b52	6.00	1
62e103d6646d	9.00	1
62e57ec5bb52	10.00	1
62e934185e09	6.00	1
62e9479ef638	8.00	1
62eb1193d3ac	5.00	1
62f07a786c0e	7.00	1
6300fe4448e9	8.00	1
631204690b48	7.00	1
6325e321ba7c	5.00	1
632a34f2451c	3.00	1
632ca3c7b341	5.00	1
6335a931969d	2.00	1
63460fdca2b6	3.00	1
634d46a926a0	2.00	1
6355a517979b	7.00	1
6356d8234a55	5.00	1
635caef60765	6.00	1
6362391135a3	9.00	1
6365c4e8ca79	9.00	1
63709137e800	9.00	1
63787da74ed3	4.00	1
6378bc87d31b	7.00	1
6384382368fd	9.00	1
6388abd4583e	1.00	1
638bceda0d5f	9.00	1
638c99ca7f20	8.00	1
638da600369a	5.00	1
63902cda9886	8.00	1
6399db9e65af	1.00	1
63a486643353	7.00	1
63a629225775	3.00	1
63aea4ccf26e	7.00	1
63b9d0659647	5.00	1
63dbf97cd665	7.00	1
63e1b820f793	3.00	1
63e931b4956f	1.00	1
63f22f0beed2	5.00	1
6404b789ce0d	4.00	1
6406086106d3	8.00	1
64082b6c7be3	9.00	1
640a3bc8075d	5.00	1
640e6ad82ddb	6.00	1
6420be2ca08e	0.00	1
6430cfd8f3aa	8.00	1
643a70fcfec5	1.00	1
6449f48aacaa	6.00	1
644a06d22d9a	7.00	1
646710044f6b	5.00	1
646ef0cc7c02	9.00	1
64731b625ec5	5.00	1
64747c3d153b	4.00	1
647b5aa26fec	5.00	1
647dd97b9383	4.00	1
648491ae65a0	5.00	1
6485e7a0736d	7.00	1
648ae05e857f	8.00	1
648b3e9f351f	4.00	1
648c93e8facf	7.00	1
6491f1946516	4.00	1
649ab53c97df	1.00	1
649ff630d7f3	5.00	1
64a92210ade7	4.00	1
64b11094158a	5.00	1
64b4341cde2e	4.00	1
64bcb3a8cf2b	2.00	1
64c1988a133a	2.00	1
64c1f5827c71	8.00	1
64c4ebdca839	2.00	1
64c52945ddbe	4.00	1
64c8d1b19465	1.00	1
64cc67f02d0f	9.00	1
64cd3af304d8	5.00	1
64db4b54e2ad	5.00	1
64ddcad15991	5.00	1
64dea00e97e8	5.00	1
64e1c2a7fe52	9.00	1
64ed465028a0	5.00	1
64f08f2f0d60	4.00	1
64f367fe2206	5.00	1
6500922632f8	1.00	1
650c3e9350c7	1.00	1
652576744314	9.00	1
6527e056fa3f	5.00	1
652d5d62b3d9	2.00	1
653621e363e7	7.00	1
653726451792	2.00	1
653c5cd4d3ca	9.00	1
653d73b844fe	2.00	1
654a50a8ccb3	4.00	1
654c06cd52f2	9.00	1
654c23d7b64d	5.00	1
65565b45f9d0	5.00	1
655e4a1eb374	1.00	1
6561dcdf2223	1.00	1
6564b0402fdc	8.00	1
65702c0f8be8	0.00	1
6572e319fe4a	4.00	1
6575d5b80398	5.00	1
657948e9ffec	7.00	1
657c22c252f1	7.00	1
657eecac4249	1.00	1
6585425ba69c	4.00	1
659123cb62fa	7.00	1
65a547ba522d	1.00	1
65c11234018e	5.00	1
65c49a30c7a1	7.00	1
65cc270dc018	1.00	1
65d7d0b5728f	3.00	1
65e1469d090f	8.00	1
65e1cbe5aa79	5.00	1
65e2256be5b4	9.00	1
65e2985f21d2	7.00	1
65e612476344	4.00	1
65edfdba07d4	9.00	1
65fb25dfecb6	8.00	1
65fe02bd50a9	5.00	1
660048ec429d	9.00	1
66005493ff75	9.00	1
660164487100	7.00	1
660278e2820f	4.00	1
66059bc4348d	1.00	1
6605fd2f71e7	5.00	1
660bbff7fe2d	6.00	1
660bfb6d0661	9.00	1
660d8b4c0f93	7.00	1
661669031643	5.00	1
66180ce81f21	2.00	1
662409b3fab9	9.00	1
66292fdeda7f	10.00	1
6629f529c085	4.00	1
663687d76d40	5.00	1
663b17fd4c61	4.00	1
663be6d50087	2.00	1
663cddad9a79	5.00	1
664141d7f79b	5.00	1
6650d814a042	2.00	1
665a881a7cb4	8.00	1
665c0aac1076	9.00	1
665fe7c9a8b1	3.00	1
6660b8dd4489	8.00	1
6665ca8c8ff5	2.00	1
667527ab42d9	6.00	1
667b666b103a	7.00	1
6682404e7b55	0.00	1
6683b7e36d6f	2.00	1
668c31936336	9.00	1
668c7d8bbbb2	5.00	1
6696094f19e0	0.00	1
669accb6a4c1	7.00	1
669bbb694a78	8.00	1
66a2b0b6433c	7.00	1
66acc54da8fa	5.00	1
66ad86fb4b94	3.00	1
66b35f4fcf59	9.00	1
66b928c83124	3.00	1
66bb089a5511	1.00	1
66beac733b12	9.00	1
66c31611292a	7.00	1
66d3d527318b	9.00	1
66db957d2726	5.00	1
66dc1be81e47	2.00	1
66de8984c5f8	0.00	1
66e654cc12bf	9.00	1
66e74f4c962e	7.00	1
66eb2e8ecfca	5.00	1
66ee47f7f307	9.00	1
66fbc56aad81	9.00	1
67091e1ff4fa	1.00	1
6716429a72f6	2.00	1
6719ab24d0c8	8.00	1
671a7ce5d552	2.00	1
6723743ff501	4.00	1
6725835f90ee	1.00	1
6732fa21e116	9.00	1
6736cdee313a	8.00	1
6743a93f0992	9.00	1
67448a71a6c3	3.00	1
6745457d52e1	5.00	1
674c14961db2	3.00	1
675acfc2349d	1.00	1
675b8f348097	9.00	1
675eae0dd165	8.00	1
6764b005db01	6.00	1
676a76142164	7.00	1
676b5ba3a62c	1.00	1
676b6ee8d15d	3.00	1
676c4afbbeb0	3.00	1
676e255ea4e4	10.00	1
6771c0a3e378	5.00	1
67739c9ea7db	3.00	1
6776254aae40	1.00	1
6787b88937cd	1.00	1
678b0361448f	5.00	1
679332d074c4	7.00	1
679565bd6887	0.00	1
679ad5b7d48a	5.00	1
679d7f4e988c	7.00	1
67a6bdb725ed	0.00	1
67b4ad0c3a00	3.00	1
67b567613b6f	8.00	1
67c1a67e0617	4.00	1
67c92f51e18f	4.00	1
67da2274d220	9.00	1
67dc95d6b752	5.00	1
67f03d40ff08	9.00	1
67f3fa594c20	9.00	1
67f7714a1145	3.00	1
67f9f6fc2d77	7.00	1
67fe8bdb17b5	8.00	1
6804b3dce038	2.00	1
681cdef6b88d	9.00	1
68264ae045d2	8.00	1
68281a317a7a	3.00	1
682fd5b4142f	0.00	1
6838d5e39d86	2.00	1
6839695c4a80	9.00	1
683cd6da07a5	5.00	1
684083cf3922	3.00	1
685a589ed3b6	8.00	1
686e860af76f	9.00	1
68759ebbd203	1.00	1
688d4b190312	7.00	1
68930c8381a0	9.00	1
68973fd48e22	2.00	1
68996a47f9f9	8.00	1
689eca1ce656	5.00	1
68af8d01a5b4	1.00	1
68b09b4f54f3	9.00	1
68b32c03da2c	8.00	1
68cd87cdb7e1	5.00	1
68cde9b12d96	7.00	1
68cefb43f025	2.00	1
68d063f0b345	1.00	1
68d881fb5a17	5.00	1
68e2bca8264b	9.00	1
68e4b948a2d6	3.00	1
68ec6dd8ee1f	9.00	1
68f5cf85b443	3.00	1
68fad6ce6602	7.00	1
68fdbbe9e691	3.00	1
6900b0f79cc6	1.00	1
69016e50bf83	7.00	1
69070fee5608	5.00	1
6907c623a011	9.00	1
690a789d6bb5	7.00	1
690f3441a5f2	5.00	1
6912275db6a8	1.00	1
69160804f14d	1.00	1
6918f9c352c8	3.00	1
691a1a534545	3.00	1
69202ad696af	3.00	1
6921c99bcded	3.00	1
69237cd7f040	3.00	1
69281090d3a4	6.00	1
6932d30461fe	1.00	1
69468accce24	5.00	1
694cb0b86cb2	4.00	1
694de5cd7aa7	7.00	1
69558c30c1f0	9.00	1
695621de6a5c	3.00	1
695bc41720ff	3.00	1
695e6eb88bc3	1.00	1
6962960e0d7c	5.00	1
6966ea1c528f	5.00	1
6970f02ac419	8.00	1
6971a347f060	0.00	1
697935e588aa	1.00	1
697d5dc17668	7.00	1
6981d25347cc	3.00	1
69825c0d9541	0.00	1
698487f4599a	9.00	1
698605699fe7	5.00	1
698d89287f8d	2.00	1
69a39ed8bba4	9.00	1
69a9fabffaf4	7.00	1
69aac130c514	8.00	1
69b22f1deb72	8.00	1
69b3def652be	7.00	1
69b842db8b82	2.00	1
69b9d14eb477	2.00	1
69c1abcd0d74	7.00	1
69c4e9e76135	0.00	1
69cbc2bac5b6	7.00	1
69e92b3878b0	5.00	1
69f7cbf5efc1	1.00	1
6a00ce83798b	1.00	1
6a0b45a57989	7.00	1
6a111618a3d8	7.00	1
6a1594d081aa	9.00	1
6a1a7d1b968f	4.00	1
6a1e1672c2a5	1.00	1
6a2780a4bdd1	8.00	1
6a30c14c5664	5.00	1
6a311a184bc0	9.00	1
6a32c360f913	5.00	1
6a33ee62cfe1	9.00	1
6a4267b1bee1	9.00	1
6a47825757ec	8.00	1
6a4a1258ac21	7.00	1
6a4b726466ad	6.00	1
6a4caca04930	4.00	1
6a511691b32c	6.00	1
6a5358e7e2c8	5.00	1
6a5720c48c75	5.00	1
6a5eeefef012	2.00	1
6a67a11074ee	1.00	1
6a68f43b030c	9.00	1
6a699f95a5fa	7.00	1
6a6e921e2582	1.00	1
6a7179348db6	3.00	1
6a73b52facf5	5.00	1
6a773556b529	1.00	1
6a7a05f7bc33	7.00	1
6a884f8086d3	6.00	1
6a9290f49549	3.00	1
6a9581db066e	9.00	1
6a99a9bc0322	5.00	1
6aa36ecee9f6	1.00	1
6aa3e686619d	7.00	1
6ab919e383bb	6.00	1
6ac57a28113e	0.00	1
6ace6c09d32b	7.00	1
6ace9a9aeade	5.00	1
6ad5eca2faaa	9.00	1
6af565489ca4	2.00	1
6af5cf8b4bb0	1.00	1
6b099c6fd25e	1.00	1
6b0ad42e31af	7.00	1
6b0f4e78da85	6.00	1
6b159d946ace	7.00	1
6b16c56dcec0	0.00	1
6b2159210cca	7.00	1
6b25ca77000b	7.00	1
6b38f3a2d32f	3.00	1
6b3f9bc47c0c	3.00	1
6b41e19f41df	5.00	1
6b455ea284d1	9.00	1
6b4f1a2481ad	7.00	1
6b5127ec8e37	4.00	1
6b571a39f821	10.00	1
6b5cb9cb301a	7.00	1
6b6136aa17e0	8.00	1
6b6ea1301c34	8.00	1
6b7f8b17a2a0	3.00	1
6b83057e418d	2.00	1
6b8a5b9c3a99	7.00	1
6b9a8ab4f57c	5.00	1
6bb339932012	9.00	1
6bb7928e2037	4.00	1
6bb8d61f26d2	9.00	1
6bc134a3518f	4.00	1
6be1e8141441	5.00	1
6be86631ddec	7.00	1
6be96e057366	3.00	1
6be9fdd4cfae	1.00	1
6beaca241e8c	5.00	1
6bebacec3e32	3.00	1
6bec3868cf88	0.00	1
6bee4deb0f39	2.00	1
6bf1cff51221	9.00	1
6bf4a1b48f4f	9.00	1
6c048836f32c	9.00	1
6c04b0f73a73	2.00	1
6c05143ddbd3	0.00	1
6c065ed47884	4.00	1
6c08797f77da	8.00	1
6c0fc8d8c0d5	8.00	1
6c18ab6a86c3	1.00	1
6c2419be1a2b	5.00	1
6c2dbb4ad642	3.00	1
6c3036da4fcb	4.00	1
6c4431e941eb	4.00	1
6c4a4e80d9e4	7.00	1
6c510ff5cb44	5.00	1
6c607c923394	10.00	1
6c64d8e481dc	6.00	1
6c683f0d0178	2.00	1
6c727301cd8b	3.00	1
6c74dceb0f97	3.00	1
6c74e2c2146c	7.00	1
6c78700aad14	5.00	1
6c7e54611935	6.00	1
6c9362597182	8.00	1
6c99ef981295	4.00	1
6c9a93db8c6c	1.00	1
6c9c56fdcb23	5.00	1
6ca0c0a691a6	5.00	1
6ca58db8ed2f	5.00	1
6cabd1afffe6	5.00	1
6cb3a792d595	8.00	1
6cb515daacbf	1.00	1
6cbe13196f21	1.00	1
6cc7038286f9	5.00	1
6cca32b8e684	5.00	1
6ccd3466cb9b	1.00	1
6cd572eb158f	5.00	1
6cd57dd2e81f	1.00	1
6cde7dfaadf7	9.00	1
6ceac8e950a9	9.00	1
6d00949768ca	5.00	1
6d026936608e	4.00	1
6d0cb2910bc8	6.00	1
6d0e9db0487b	7.00	1
6d0ed00e66c1	9.00	1
6d0f0bec3925	3.00	1
6d1215e6fa73	2.00	1
6d20d5239c17	7.00	1
6d258614617e	2.00	1
6d25af9482a0	8.00	1
6d346f422d0f	5.00	1
6d3529493d02	8.00	1
6d493e0deb01	3.00	1
6d4a3b5af9b4	5.00	1
6d4ccb7f12b0	5.00	1
6d5f5520065d	7.00	1
6d61d0d76c76	1.00	1
6d623a3e155c	4.00	1
6d6645fd5cfc	1.00	1
6d66a508389d	5.00	1
6d792f305809	5.00	1
6d810e94f232	9.00	1
6d988aee4ec3	2.00	1
6d9aeefbc9a1	2.00	1
6d9f614121cc	8.00	1
6da5949734c9	8.00	1
6da93e0ddcc5	5.00	1
6dae69a5802b	7.00	1
6db1f0fe5ed3	8.00	1
6db7fcc997ce	7.00	1
6dbbdb746375	5.00	1
6dbbe41f8f66	6.00	1
6dbf3d5c4849	4.00	1
6dc5b98cca94	1.00	1
6dc5f28612e6	4.00	1
6dc68595e047	4.00	1
6dc89ebff16d	3.00	1
6dd095254890	3.00	1
6dd68be54ccf	5.00	1
6ddad4de3dad	3.00	1
6ddbfbf94ffa	1.00	1
6ddce2aa6779	6.00	1
6df46f85c9fb	7.00	1
6e0535124696	4.00	1
6e0fc08f080f	10.00	1
6e2a44994ee2	9.00	1
6e2b69c5cf5e	3.00	1
6e2d3e5a5b55	7.00	1
6e34ebc7d221	0.00	1
6e415c78ef58	7.00	1
6e44fcea63dc	7.00	1
6e4d3f68ef88	5.00	1
6e5056d1ed69	9.00	1
6e54d351eefb	7.00	1
6e582ad11fe0	3.00	1
6e5b53b6e9b8	3.00	1
6e5d0c8595ed	9.00	1
6e6d7b340637	1.00	1
6e71c6d1ee8d	5.00	1
6e723f73d231	5.00	1
6e77550f7b24	2.00	1
6e783fe36291	8.00	1
6e7dda5d77ae	7.00	1
6e801e6636bc	5.00	1
6e8dce84d300	7.00	1
6e945bb4a79a	6.00	1
6e9e519d51b2	8.00	1
6ea1a8047eb0	7.00	1
6eafa20d8d87	2.00	1
6eb01765dd6b	6.00	1
6ebb4f24b553	8.00	1
6ebb80e67e4a	9.00	1
6ebfe2dccae6	9.00	1
6ec2618742df	9.00	1
6ec7a91b5ce9	7.00	1
6ec98432e4c0	5.00	1
6ec994e4b5e1	5.00	1
6ecc1573f3a4	5.00	1
6ecdc773e25d	7.00	1
6ee6027fea04	5.00	1
6ee615d94439	3.00	1
6ef44056eb33	7.00	1
6ef750823e6d	1.00	1
6eff99d1a8a1	2.00	1
6f03811825b6	5.00	1
6f1810a04a50	7.00	1
6f188250b6cf	6.00	1
6f1ae75cb74d	6.00	1
6f1ed22a3f60	7.00	1
6f3e5ac63eb5	2.00	1
6f3f2ef16527	1.00	1
6f4395b4daed	8.00	1
6f4d8116f478	0.00	1
6f4e6527632a	1.00	1
6f62ffa439bb	1.00	1
6f63cab999c0	0.00	1
6f655b71f0d9	1.00	1
6f65986d3ebb	5.00	1
6f66767a2bc8	5.00	1
6f6733c4ece5	6.00	1
6f69cd95e945	8.00	1
6f75a34e4252	5.00	1
6f81145bb8e8	7.00	1
6f853f06c943	9.00	1
6f9444a3e631	9.00	1
6f9a86b16ad2	4.00	1
6f9b214bb4ab	2.00	1
6f9f6adf2500	9.00	1
6fa476ba5a7e	7.00	1
6fa64545c5ec	1.00	1
6fa870d4c85c	5.00	1
6fa984be2fe6	2.00	1
6fac859e66fa	9.00	1
6fbe58edccd6	9.00	1
6fc52dc481c9	7.00	1
6fc92b8f5104	5.00	1
6fca5e68cda7	3.00	1
6fe619b82da7	2.00	1
6ff864571bc8	9.00	1
6ffce807e13c	6.00	1
7009f17c2d4f	5.00	1
7012d4f44d4a	3.00	1
7017a6c78d29	5.00	1
701d74be0db0	9.00	1
701dc78f8daa	9.00	1
702249b24569	5.00	1
702a20ca423e	5.00	1
7034d15cd495	9.00	1
703aa9146577	1.00	1
703e2d30023e	5.00	1
7046a2936829	2.00	1
70540b542de6	5.00	1
705b1467c8d3	4.00	1
706735eaa5fb	9.00	1
70683078f693	3.00	1
706a39ff0501	1.00	1
706ffd891887	4.00	1
7071ad36e2ee	3.00	1
7078f11f55db	7.00	1
7079d5cc1bc3	3.00	1
7083df9c0db1	3.00	1
7085bd04ea88	8.00	1
70871a0b3ffa	5.00	1
708aff5fe4cb	9.00	1
7090c09cd37b	8.00	1
70934a05c24f	5.00	1
709768c66e90	5.00	1
70b1ab5cd624	3.00	1
70c49badb2b8	0.00	1
70c5dc591146	3.00	1
70c66b699c2c	2.00	1
70c6eca07bfb	9.00	1
70ca2ce5f13e	5.00	1
70e2b43b73ce	8.00	1
70f5332185dc	5.00	1
7101419aa031	7.00	1
7101eeb2782b	9.00	1
710679ff14cb	6.00	1
71073de13a47	4.00	1
711239ce8636	3.00	1
712111abec8a	5.00	1
71213e3b18bd	3.00	1
7124f9acd703	5.00	1
712b5185d80a	7.00	1
7136e4b716b9	6.00	1
7136fe480725	9.00	1
713aec86bcc8	8.00	1
713c4a2c84a5	5.00	1
713e8d3a1cff	9.00	1
71469cf2245d	9.00	1
714f884d5c59	7.00	1
7153624f747b	3.00	1
71577202450c	7.00	1
7158e991913a	2.00	1
7167c8e913ec	1.00	1
7177e62528d9	1.00	1
717f01441c26	4.00	1
7199dc6a0a2d	9.00	1
71a50ce87fec	1.00	1
71b415382fe0	1.00	1
71bc9d66c38e	7.00	1
71c918417ed2	5.00	1
71c91e0244a6	7.00	1
71cbf9cca46b	10.00	1
71cd4238774a	5.00	1
71d7e0e34581	2.00	1
71d90bf6ed60	0.00	1
71da866838fc	2.00	1
71dd78967dd8	9.00	1
71e5f93d72c1	5.00	1
71e606a53a78	7.00	1
71e9864cb9be	9.00	1
71eb92b57b86	8.00	1
71ef3fde4a91	5.00	1
720b5d6f0f45	5.00	1
720dda976f48	4.00	1
721069ccefa9	7.00	1
7219095d14f4	1.00	1
7224cd2054d1	1.00	1
72336d9408ee	6.00	1
723a796b3612	5.00	1
723d46fd057b	5.00	1
7242f45400db	2.00	1
7248049d1013	8.00	1
724c019bba30	4.00	1
724ed416ee1d	10.00	1
725090ea63e1	2.00	1
725dca37ff6b	7.00	1
725fb6f0ff9c	9.00	1
7263c277c6e8	5.00	1
727c3732f258	9.00	1
72879d418f29	5.00	1
7287f70ff7a4	6.00	1
728ab6dd5875	1.00	1
729bd2cff125	3.00	1
72a77e364be7	7.00	1
72b49417b4d4	5.00	1
72ba18b65fb3	3.00	1
72bec31f2269	5.00	1
72c51aa434e9	3.00	1
72c82b5e2f3f	3.00	1
72d5c07426e8	6.00	1
72e156b6fc02	5.00	1
72e7981bd7f7	9.00	1
72eaf85ee5fd	9.00	1
72f6934ae6f7	7.00	1
72fd721494eb	5.00	1
730066609215	5.00	1
73024d049847	8.00	1
7303ffbc1cc1	6.00	1
7304bf41b560	1.00	1
73088dc6839e	5.00	1
731811f5d6d7	3.00	1
731935958cb3	1.00	1
7327757758d3	5.00	1
732dcfb1ca54	7.00	1
732e448f4bea	7.00	1
733454d02d74	2.00	1
7347c9b3475e	7.00	1
734bb50c9fce	5.00	1
73506240659a	8.00	1
7352e2828794	5.00	1
735a5dafc532	7.00	1
735e54d83227	4.00	1
73633fa9f51b	5.00	1
736b365d83ea	7.00	1
736bd43c73d3	9.00	1
736cafa10888	2.00	1
736ff4c9c67f	3.00	1
7376106f70c0	0.00	1
73796c5b35ab	0.00	1
73813a70e21e	9.00	1
73868e57fbd2	9.00	1
7387259b26a9	9.00	1
7387e8e1f23c	5.00	1
738a8d3fcfae	2.00	1
738e2f5ff75b	3.00	1
73931d8ed238	2.00	1
73994f415056	8.00	1
73998ea52be7	7.00	1
739b8191af8b	6.00	1
739fea979358	5.00	1
73ad51397616	5.00	1
73b39d8bd6d2	5.00	1
73b53cd5c25e	7.00	1
73b8762a779a	9.00	1
73ca3e6369d9	6.00	1
73cde7b7ee40	1.00	1
73d318a23481	0.00	1
73ddc8b5364b	4.00	1
73eacce21c04	9.00	1
73ec9487cfdd	4.00	1
73ecc1127255	9.00	1
73efbef219dc	2.00	1
73f14dd02974	5.00	1
73f651af1861	5.00	1
73f6c12d4c2d	8.00	1
73f7363072fa	5.00	1
7400e74026ad	7.00	1
740360e0060c	7.00	1
74037dd90aae	7.00	1
740d26a935a8	1.00	1
740eaa6c0bbe	2.00	1
74143b54fe1c	3.00	1
74163f715147	1.00	1
741787185a6c	3.00	1
741a82708621	8.00	1
74216124fd4e	1.00	1
742da7547fa4	9.00	1
744fb28a1cf3	4.00	1
745108d601ab	3.00	1
74556fd53947	5.00	1
745640fb1801	5.00	1
745c938ab363	1.00	1
745e045e80de	5.00	1
7466fc8643d2	5.00	1
74692c212d6f	2.00	1
746c6cd141e9	2.00	1
747712e0eba9	1.00	1
747d0e0c9b59	5.00	1
74832bbebcb8	6.00	1
748ad8dde276	3.00	1
749dd1bb23c4	0.00	1
74bfbae3e8d4	3.00	1
74c3727429ee	1.00	1
74c499b0fd91	5.00	1
74c508f5a7c8	7.00	1
74cf690097c2	8.00	1
74d1e063f7aa	5.00	1
74d5c2f16c58	1.00	1
74d6adfba3bb	5.00	1
74d6bc3dca21	2.00	1
74e31bb728fd	8.00	1
74e8394a7fee	5.00	1
74e97ca5c6d1	9.00	1
74e99ab9c433	10.00	1
74eb1a37b487	7.00	1
74f63f1baad6	6.00	1
74f75e06228e	7.00	1
74fa827fd4ab	6.00	1
74fba114b9b1	3.00	1
74fc71567f0c	5.00	1
75005039ef04	9.00	1
750169094196	8.00	1
7504604c3e2c	8.00	1
7507fdb709c0	5.00	1
75095cc17293	4.00	1
751b693a15f9	2.00	1
751e44b2eaff	2.00	1
752200bcdd69	1.00	1
7529b890371d	7.00	1
753804a3ff95	6.00	1
753c859aa5c3	9.00	1
753cdb5523e0	8.00	1
753d69d57578	3.00	1
753fd0403163	1.00	1
75401bbfd30d	4.00	1
7541a6178921	7.00	1
75428bb07c20	2.00	1
754fea2e8ea0	2.00	1
755a040ed679	3.00	1
755bf6cfa592	2.00	1
75641cda302e	3.00	1
756abd75c39d	7.00	1
757a7d985911	8.00	1
757c3ff0e3f3	6.00	1
7586f8491599	5.00	1
7588d9c7a450	1.00	1
7588e5d054a7	7.00	1
758a07638065	6.00	1
758d647cb79e	3.00	1
758dc6919e57	2.00	1
75915a699182	2.00	1
759986cf0b48	2.00	1
7599b8981c9c	3.00	1
7599e9a49368	9.00	1
759a34f3aa38	2.00	1
759d20a930dc	5.00	1
759f3bc461dd	4.00	1
759f8a8f8594	5.00	1
75acc86f1756	4.00	1
75c3db7c398a	7.00	1
75cbf3fb5710	4.00	1
75d2f2ba4afc	7.00	1
75d8ad9155c1	2.00	1
75d97395c727	8.00	1
75db8e6ee7a1	8.00	1
75e2a4dec051	7.00	1
75e3bd0d954f	1.00	1
75ee51573fa9	5.00	1
75f03b108210	2.00	1
75ff741c2cfe	5.00	1
7601186c846f	3.00	1
760834aab9dc	8.00	1
7618b24d3c20	5.00	1
761bd6bce36c	7.00	1
762930c214e4	9.00	1
762b0846fa93	7.00	1
76360a66a738	5.00	1
7636ffa48b4e	7.00	1
763d0ccbc3b1	7.00	1
7640bf9a5897	2.00	1
7647a298dc7a	5.00	1
764835e9f88b	5.00	1
764df2a7a874	9.00	1
764eb0ccb63e	5.00	1
765572d85c9d	7.00	1
765aa686e222	3.00	1
765b14f52b3a	9.00	1
76611b5aadaf	8.00	1
7666a00b8ad4	5.00	1
766801a013f2	2.00	1
766cfb05c64d	9.00	1
767092202894	7.00	1
7676301b7346	2.00	1
768461b622a9	7.00	1
76874e283e3e	7.00	1
768923ad644d	3.00	1
768db8e5ec4c	3.00	1
76955bbdb62c	4.00	1
76b2300690cb	0.00	1
76b5fd312b0b	7.00	1
76c01d401330	7.00	1
76c19078bdbc	8.00	1
76c358ad7c59	3.00	1
76c7b8f36bec	5.00	1
76c9e3b797f5	4.00	1
76cfeefbe0e6	4.00	1
76d1a6150ffb	7.00	1
76e76f6f7b2f	2.00	1
76fd8ef296d9	7.00	1
76ff77ef5453	8.00	1
77079dec06ef	5.00	1
770b75535b25	5.00	1
770c678cd019	2.00	1
7714e5ba0ec7	5.00	1
7724dfdbc003	3.00	1
7725262a254c	2.00	1
77275c557f9c	9.00	1
7734be37b0d4	7.00	1
773f90793c1c	9.00	1
7740ee32141e	1.00	1
774365ec7b16	5.00	1
77516fd15912	5.00	1
775449ba7283	9.00	1
775500818dfd	9.00	1
7757e6c6e454	5.00	1
775d1af2c380	2.00	1
77616775c251	9.00	1
7763483c5608	6.00	1
7764e7b61022	9.00	1
77767bc917a4	2.00	1
777cac3ee855	1.00	1
778dbe7cc5b2	8.00	1
778f757780e3	3.00	1
7793c9cae1f7	4.00	1
7799cb7af3fa	6.00	1
77ad800b9278	1.00	1
77b506e4acf8	5.00	1
77b650b4e5db	1.00	1
77bcaa8fc992	8.00	1
77be5a0ec234	5.00	1
77c8ac2d718f	3.00	1
77d2e82674d5	2.00	1
77e1b93ac439	7.00	1
77e226624318	4.00	1
77e4f692bd10	4.00	1
77eb2bc7d40d	3.00	1
77ee70570c7b	7.00	1
77f8ccc29e0e	1.00	1
77f9cc39de3d	0.00	1
78031138e0c6	7.00	1
78063e5e3791	9.00	1
7809d492ce6d	7.00	1
78148910fbd4	5.00	1
781f96592e9d	3.00	1
782405bfa831	1.00	1
782c009f2c7a	7.00	1
7830795a1c6d	5.00	1
783e7c7b4ef2	0.00	1
7840835dc923	2.00	1
78446f38729c	5.00	1
7844a4ad2c2a	5.00	1
7863bb054673	7.00	1
7870b9e52c01	5.00	1
787b9e97be86	5.00	1
787d7d29b242	3.00	1
7883d82be34b	3.00	1
788ad419b6a7	5.00	1
78a93461cd8a	6.00	1
78b09353a345	5.00	1
78bcd36863aa	8.00	1
78c0c61b116e	5.00	1
78cde2fec8ef	7.00	1
78e17ccc01a9	9.00	1
78ec953f6d9c	6.00	1
78f00b40dcd6	9.00	1
78f085f0d207	8.00	1
78f2eb5e90bf	5.00	1
78f5ac4a38bb	5.00	1
78fdab1a860b	9.00	1
78fdf403dafa	1.00	1
7903dd42b24f	9.00	1
7904fc68075f	9.00	1
7908be5a77f5	3.00	1
790c8ed628fe	5.00	1
7917935bc5c4	5.00	1
791f773c5a84	3.00	1
7921e8f4ef65	8.00	1
792eb3090e3a	5.00	1
79404798dc97	2.00	1
794fb038defb	7.00	1
79554ca91853	1.00	1
7957d37b4645	2.00	1
7958eca58c8a	7.00	1
79610f28ebc7	6.00	1
79678f9dbba4	7.00	1
7968e85ddb5c	1.00	1
796dd33e1201	0.00	1
796f1b7a950c	8.00	1
7970731e567b	5.00	1
7974e6a6622a	8.00	1
797e2124c3a5	8.00	1
7987957dfc6f	4.00	1
79895b2b89b3	9.00	1
798abdff2ff3	5.00	1
7998b875a7a9	1.00	1
799d727191a4	6.00	1
799f4bc5f512	8.00	1
79a694024a6d	0.00	1
79b7478b3934	1.00	1
79b77d27eb04	5.00	1
79c205246167	2.00	1
79ca19aaf495	3.00	1
79cfeaad8059	7.00	1
79d28405264d	3.00	1
79d3742074f6	1.00	1
79d81c9df764	9.00	1
79de7ba1737d	1.00	1
79de9a348c1c	7.00	1
79efb6187b84	7.00	1
79feaef47b34	9.00	1
79feba989a17	8.00	1
7a1594887694	5.00	1
7a1a945e17c2	4.00	1
7a1bd53c1c2a	5.00	1
7a21633bb555	7.00	1
7a2704631391	8.00	1
7a2c8c64e1ca	3.00	1
7a34fac50e2a	2.00	1
7a3971e344a2	2.00	1
7a3f5c05cb7f	8.00	1
7a407e1387da	7.00	1
7a4913257323	5.00	1
7a4f0ab707bf	6.00	1
7a4fcf21bfc4	9.00	1
7a5da8273ffd	3.00	1
7a5dc3c87cc2	3.00	1
7a5f976682ff	8.00	1
7a6633db2bb2	1.00	1
7a7c609530e8	7.00	1
7a81ddb89431	5.00	1
7a92ca5a7699	3.00	1
7a94a6cf3b55	1.00	1
7a9da41cfc1c	5.00	1
7aa038ef2d29	8.00	1
7aac6bcc51f7	9.00	1
7ab25c22027e	7.00	1
7abe105190f6	5.00	1
7ad653e4951a	5.00	1
7ade1be143b0	1.00	1
7aea8821f9a6	6.00	1
7af78fefb866	4.00	1
7b05d2cf4f3e	7.00	1
7b073a8af772	1.00	1
7b0919264731	9.00	1
7b0e2c527741	5.00	1
7b1b903f34de	4.00	1
7b1d7d6d73c8	7.00	1
7b24c7cb96d0	9.00	1
7b25f71b22fc	0.00	1
7b2874b20e83	9.00	1
7b2f57cf66e1	5.00	1
7b3c5588cd65	7.00	1
7b459836f018	5.00	1
7b513bb9da98	1.00	1
7b5e3219d26c	3.00	1
7b608411c82f	3.00	1
7b6162caab69	3.00	1
7b6a4eb98455	4.00	1
7b6bd8cf229f	9.00	1
7b6c1ba7009c	5.00	1
7b6f77da4e80	1.00	1
7b70edb851e1	2.00	1
7b754b51c188	8.00	1
7b7ccb8dbf66	5.00	1
7b7d977ba3b5	5.00	1
7b8601d60e52	0.00	1
7b87914dd93b	5.00	1
7b9257e0e80f	7.00	1
7b96607ee66f	9.00	1
7ba4d2b9929b	7.00	1
7ba5b2f3a8a2	5.00	1
7ba6f8398d50	1.00	1
7bb1d4e19a9e	5.00	1
7bbade1ff795	5.00	1
7bc02ea20c29	6.00	1
7bc1c3abe4d4	8.00	1
7bcb88d65923	6.00	1
7bce9ecb6aa6	5.00	1
7bd55938ee41	5.00	1
7bdc298de6d7	9.00	1
7becfacaa40e	0.00	1
7beda931c68f	3.00	1
7bf3611ee034	9.00	1
7bf674a002da	5.00	1
7bfc2847b1f6	6.00	1
7bfe2b0d9d27	5.00	1
7c082f4a9f7e	1.00	1
7c084f1232cd	5.00	1
7c0c2ff7c4b7	3.00	1
7c0c9b04852a	10.00	1
7c105ac58575	6.00	1
7c10848ffe8d	6.00	1
7c10de307640	8.00	1
7c12eea68853	1.00	1
7c157c7bc3f2	6.00	1
7c191ab5224c	6.00	1
7c21c157daeb	3.00	1
7c22ec2a93a2	9.00	1
7c2a004a2a53	1.00	1
7c2c71fdda68	9.00	1
7c396095a160	4.00	1
7c4620415db9	9.00	1
7c49a7d4e44e	3.00	1
7c4a545f908e	5.00	1
7c4c4de3533b	7.00	1
7c5069a5c13a	4.00	1
7c538e7f65a9	2.00	1
7c55bf1ca661	6.00	1
7c58bcee8877	5.00	1
7c59cbf6ca9b	4.00	1
7c5f22fd23e7	1.00	1
7c782e5154f5	6.00	1
7c81892913c1	9.00	1
7c86c5a28932	8.00	1
7c86d30b2e51	5.00	1
7c8f093f5d9e	3.00	1
7c9895d0126e	5.00	1
7c9a1a5885ee	1.00	1
7ca18b7f2bf2	1.00	1
7cb4e831e78f	1.00	1
7cc315606067	7.00	1
7cce40543369	5.00	1
7cd00a598227	1.00	1
7cd08db7325e	0.00	1
7cd2d41ca431	5.00	1
7cda93414429	5.00	1
7cdabb16a4a2	3.00	1
7cf0933a9256	9.00	1
7cf207c4159c	2.00	1
7cf31d6ac0bc	7.00	1
7cf6e94b5a49	1.00	1
7cfd3f1d61e7	9.00	1
7cff30f0078e	2.00	1
7cffd515c079	3.00	1
7d011111718c	1.00	1
7d152996eb1a	7.00	1
7d157c7e5e53	7.00	1
7d1a550fa610	9.00	1
7d1d7453589d	8.00	1
7d2172398ec6	9.00	1
7d28ff6feb61	9.00	1
7d36462cee7e	6.00	1
7d3dbd4afb2c	7.00	1
7d3f74a0cf8a	4.00	1
7d4d396a6897	5.00	1
7d4e1ee9e5aa	9.00	1
7d550c2770dd	2.00	1
7d5a7bfbadc1	1.00	1
7d5e0e588834	3.00	1
7d63e0602865	5.00	1
7d64e5507a9c	5.00	1
7d6ccc8d62a1	5.00	1
7d7828e9bf4e	9.00	1
7d8036486e4a	1.00	1
7d887cc55d83	9.00	1
7d88919bb5fb	8.00	1
7d94c10d1c1a	4.00	1
7d998004cdd9	5.00	1
7d9c4b7aaa33	5.00	1
7da5bfc3b6cf	5.00	1
7db55818844e	1.00	1
7db6ddb1e994	5.00	1
7db902600d08	5.00	1
7dc13d7ef95f	8.00	1
7dcb818dc27c	5.00	1
7dcd84562b82	5.00	1
7dd84602c992	7.00	1
7de18a15f636	8.00	1
7de309fabe8e	8.00	1
7de451b788f3	0.00	1
7de9ef04de39	9.00	1
7df1f86f924c	4.00	1
7df880f093a7	1.00	1
7dfbe1e3349f	6.00	1
7dfbf3a19ce7	1.00	1
7dfd1e40e32b	2.00	1
7e05c68e7ed5	3.00	1
7e14a6596ea5	6.00	1
7e1b1be1b681	6.00	1
7e1d29e50354	3.00	1
7e2ab4498787	7.00	1
7e2f1ec59278	1.00	1
7e38efe439ec	1.00	1
7e39d26c2920	9.00	1
7e3e8a27c3cb	7.00	1
7e4458834392	8.00	1
7e4859c70ef1	2.00	1
7e48a131c0cb	8.00	1
7e4ef6c4eaea	1.00	1
7e5a0de20e2a	5.00	1
7e5c26fd8c02	9.00	1
7e6246fcf185	1.00	1
7e7751396eeb	5.00	1
7e82bad9d4d9	8.00	1
7e8942b6fb3b	9.00	1
7e8a7e0f980a	1.00	1
7e926f783c52	8.00	1
7e949b8ba355	6.00	1
7e9a702e7fb0	6.00	1
7eae81c10956	7.00	1
7eaf6426a1a3	2.00	1
7eb6ff0b2863	5.00	1
7eb8b796c76e	7.00	1
7ec05deecfde	3.00	1
7ec18687545a	3.00	1
7ec22fa04762	2.00	1
7ec84e100c02	9.00	1
7ed5619f8372	2.00	1
7ed7fbe6061c	9.00	1
7ee199b9769d	3.00	1
7ee9042d876d	1.00	1
7ef3fc555815	0.00	1
7ef647eb0bb5	2.00	1
7efb79a73099	2.00	1
7f07e91deed2	7.00	1
7f0926b49a37	7.00	1
7f0d4610eb13	9.00	1
7f1293ea2c23	8.00	1
7f1787df3350	4.00	1
7f2037f77aad	1.00	1
7f27cae49c41	5.00	1
7f410c04a819	5.00	1
7f44167380da	5.00	1
7f454773bf16	1.00	1
7f4c4d761790	7.00	1
7f5484dbc46e	3.00	1
7f5bd08645a4	3.00	1
7f5f066b7a16	1.00	1
7f60b8eaac1c	0.00	1
7f6f1adee588	7.00	1
7f78a8a9ec9b	3.00	1
7f7a32ec2405	9.00	1
7f7c9d9f65e1	8.00	1
7f858eb361e5	4.00	1
7f86ade29c3c	1.00	1
7f97ba45533b	5.00	1
7f9c65c7dd21	1.00	1
7fa638e92d0f	7.00	1
7fa861f4a81e	3.00	1
7fa8fb3205b5	9.00	1
7fb543e979b4	3.00	1
7fb800dc4d3a	5.00	1
7fc20d55177f	5.00	1
7fc74aa7552d	3.00	1
7fccb868bb02	8.00	1
7fd92973b793	5.00	1
7fdab6e4d53a	5.00	1
7fdfa7028ed3	3.00	1
7fe1562fb48f	8.00	1
7fea5e8a6595	2.00	1
7feadad7dbea	9.00	1
7fec30d019ba	7.00	1
7fee0fdc0773	3.00	1
7fefc9f6963b	7.00	1
7ffb0d6660c2	2.00	1
7fff2b02bcc6	3.00	1
80013cf85938	1.00	1
8006977c41b2	9.00	1
80077276f68c	5.00	1
80089eed6087	2.00	1
800f03c0c255	9.00	1
800f4192c385	5.00	1
8010938afebc	5.00	1
802169338432	2.00	1
8021c230904c	4.00	1
8026fd5b0db7	1.00	1
802af859914e	5.00	1
802cdf341ccb	8.00	1
803a9140f3fe	5.00	1
803ecae5b66a	1.00	1
8042241fa15c	3.00	1
8045e524c653	8.00	1
80489eb3c7d6	5.00	1
8049a887de0e	8.00	1
8054590619a2	4.00	1
8054f6e23d1b	5.00	1
806a4ec789fc	9.00	1
807b0d3da5bd	9.00	1
807b5d1b4968	2.00	1
8087097bc230	5.00	1
8099c39124f1	6.00	1
809bc8a8b323	3.00	1
809e38851d0a	5.00	1
80afae7d6c1b	3.00	1
80b18e15e078	5.00	1
80b9fce01d0e	9.00	1
80bbc8522f2f	7.00	1
80c2ab39d232	5.00	1
80caa27f6536	1.00	1
80cfb1a7f2be	5.00	1
80d9f26ce488	10.00	1
80df25c6af9d	4.00	1
80df75de8bc1	9.00	1
80e00716d756	7.00	1
80e7d1d11463	7.00	1
80eb17977725	8.00	1
80f79449b2b0	5.00	1
80fd1614303e	8.00	1
8103dfe2ae8b	5.00	1
810467515484	7.00	1
810e89794bd0	5.00	1
8110d4337409	5.00	1
8112b2d5af37	4.00	1
81174abf4e42	4.00	1
813aeadfce18	7.00	1
813d6596a874	7.00	1
8140a44014ba	1.00	1
8147930441b8	9.00	1
814aa39e4a42	5.00	1
814ac65279dc	7.00	1
81538006fbd2	8.00	1
815e5762a6ee	1.00	1
81621aa13e23	1.00	1
8165e8d8ca11	0.00	1
8168c4327383	7.00	1
816914568d2e	4.00	1
81698d1595ef	1.00	1
817d161c0f96	0.00	1
817ec09e7bef	9.00	1
818073a3a6ce	7.00	1
8180dac8e1c3	5.00	1
818155277a31	3.00	1
818922d072f3	0.00	1
818dfef563d3	9.00	1
819c3a21d5d1	4.00	1
81a3d30a8c61	1.00	1
81b88f477171	9.00	1
81bbf73d8f75	9.00	1
81bf1e5b08e4	8.00	1
81c035384f3c	2.00	1
81c4e2c80918	6.00	1
81d24a7d7748	0.00	1
81d2ffa943ac	10.00	1
81e013298639	1.00	1
81f2a3b399a0	10.00	1
81f64bbcd95d	5.00	1
81f81268d43a	1.00	1
81fef3fe1fad	0.00	1
820b7caf698f	9.00	1
8211280a9188	1.00	1
821715eb1516	1.00	1
821a0b15ca4f	9.00	1
8237f096b4b4	5.00	1
82395fbfd45d	5.00	1
823b8efc0a46	1.00	1
8240bd3a1bb3	3.00	1
824841058a7c	4.00	1
824aa5392cdf	2.00	1
824d5b7ccd5f	7.00	1
824fe7fed6bd	7.00	1
8258db4bb13f	7.00	1
8264e882de03	5.00	1
8267bec3bbe2	9.00	1
8271b4bd7b20	9.00	1
82725046e825	5.00	1
8278b7997d25	8.00	1
8279ca5e1b08	7.00	1
8288ca3e2ae5	4.00	1
8292784c9497	3.00	1
8298eb031c57	8.00	1
82a708aacda7	4.00	1
82a75c9713cb	1.00	1
82ae8ee286ec	1.00	1
82b01794ea8a	5.00	1
82bf1481ad42	2.00	1
82bf1a97981c	1.00	1
82c0db92c01b	3.00	1
82c17c3b8a06	3.00	1
82ccd84f29d9	9.00	1
82cdbf52bc79	9.00	1
82d4c2f9824e	1.00	1
82dee77e3b5a	5.00	1
82e32ea65eca	0.00	1
82e3a3ed789a	7.00	1
82e4043fde1d	8.00	1
82e6139d0ecd	4.00	1
82e6a974e1d7	9.00	1
82ec199a86db	3.00	1
82ed15b3f210	7.00	1
82fdb6c67ba6	3.00	1
83009acd108c	2.00	1
8312333515e3	7.00	1
831b6f892454	7.00	1
833652df3bc2	1.00	1
834658a6726e	8.00	1
8352987fc3c9	9.00	1
8360d580749c	5.00	1
836195145357	7.00	1
83665ebfff4f	9.00	1
836bf5efdb0b	7.00	1
83791cb664c7	1.00	1
837e950d80ce	8.00	1
8382d3817b61	5.00	1
839dbd50d89c	7.00	1
83a1bbc39862	1.00	1
83a71be01f0e	5.00	1
83a872cf10ac	8.00	1
83ac5a7efe07	3.00	1
83b30f558c27	2.00	1
83c4c0c10911	8.00	1
83c52c02fadd	5.00	1
83cdafe042da	7.00	1
83de9333b622	5.00	1
83e5ba125ab5	3.00	1
83e7fadade03	9.00	1
83eb5853f406	2.00	1
83ed29cb13e8	7.00	1
83faa63a49a4	4.00	1
83fe27172485	9.00	1
83fe2fae73f8	1.00	1
83fe57ed7668	2.00	1
84101ad4660e	4.00	1
84191ee5588d	7.00	1
841c380c7ac3	4.00	1
841c6ca8bc2b	8.00	1
84269e4759b9	5.00	1
8453e597119f	5.00	1
845e7e2087a8	4.00	1
846a3528ca98	3.00	1
846a69184937	2.00	1
846f3670e651	8.00	1
846fccaeb579	1.00	1
84773101286b	0.00	1
847896ab8c34	5.00	1
848480b0be71	4.00	1
8484bdfc8655	3.00	1
8486dc70c1f8	4.00	1
848dabca7608	7.00	1
84957ed1bc2c	9.00	1
849b379ec858	6.00	1
849cc0ef13e1	7.00	1
84a3de817b8f	7.00	1
84a78cafec37	2.00	1
84ad72b3ebc3	2.00	1
84adfed7ff66	2.00	1
84d6cc0d9eab	5.00	1
84d9ffba6542	6.00	1
84dc16c89b5f	9.00	1
84eacd0a425b	4.00	1
84ee2b044a23	3.00	1
84ee99c1ba28	4.00	1
84f0f04ed7c7	1.00	1
84f455f58c51	5.00	1
84fe952c1fde	2.00	1
8501e6af4f8d	1.00	1
85034185793a	4.00	1
850811da6454	5.00	1
850c2dbece49	5.00	1
850fda7dd0bc	3.00	1
851dab46ef2c	5.00	1
852115f86492	4.00	1
852157c2f7c0	8.00	1
8521db9caee9	0.00	1
852433b4a2bf	2.00	1
8524489f64bb	4.00	1
8525d0e7f76a	4.00	1
8526e82a20e3	3.00	1
853eaa53e1f2	1.00	1
8541eb4160aa	8.00	1
854341b41cf0	6.00	1
8547ef1ca8fc	4.00	1
854b80b16982	1.00	1
854edefc6936	5.00	1
855a39f0b0f3	5.00	1
855dc9e6b763	6.00	1
8561af7e3cf9	5.00	1
8579e1a9cd7c	7.00	1
857f51993f91	3.00	1
858563e587e9	1.00	1
858cc8a66b53	0.00	1
85918604f1ff	10.00	1
859ef9cadc32	6.00	1
859f9fe53594	2.00	1
85abbfce831f	5.00	1
85bdce192249	9.00	1
85c78d5c5242	0.00	1
85ca09644f63	1.00	1
85d7a8cc9920	1.00	1
85e24131da26	5.00	1
85e8d6d475fb	4.00	1
85f32b572bcd	9.00	1
85f346361e32	7.00	1
85f817bec7d9	0.00	1
85fab421d824	7.00	1
860bac408411	3.00	1
860ecb6b4833	5.00	1
862154344572	9.00	1
8627eefc3851	5.00	1
86293ebc35b2	5.00	1
863136752b39	1.00	1
8634fdd0f7c5	3.00	1
863e647b0f4a	5.00	1
86417f46eb14	5.00	1
8649626ad0b0	8.00	1
865bfeb7de79	5.00	1
86602fb5600e	5.00	1
866715d18543	2.00	1
8678cbcca35c	4.00	1
867ea60b6a20	2.00	1
867f9c06d1cc	3.00	1
8681df2a9d68	5.00	1
8687abfcc449	5.00	1
8688b68c59d8	3.00	1
868c77736ad2	1.00	1
86931d296419	1.00	1
8694290d9577	4.00	1
869acf4869c7	9.00	1
86a0b211cfc0	8.00	1
86b003f7858f	4.00	1
86c0473ad212	8.00	1
86d2720584dc	2.00	1
86dc08d6218b	5.00	1
86dc17e5f364	8.00	1
86e4141f4eca	9.00	1
86e71095ad81	5.00	1
86f0da764205	1.00	1
86f11bbcdffa	9.00	1
87032fd73cff	5.00	1
8705591bcec4	6.00	1
870d40f04a0b	1.00	1
871c3007a19e	9.00	1
871e6a25e7dc	4.00	1
871f5619eaab	3.00	1
871fc517b786	8.00	1
87283a6ae7a0	2.00	1
872a017f2371	5.00	1
872d9e3b15fb	6.00	1
873ed5404b7f	3.00	1
874105c35333	8.00	1
875040194a2e	5.00	1
87581d7144de	7.00	1
875be63948a5	7.00	1
876f519019d9	8.00	1
8770163850a2	0.00	1
87708bb568f9	3.00	1
8771dc568703	2.00	1
8775c733a248	1.00	1
879e17e9fc89	3.00	1
87a0062aab2e	7.00	1
87a2c1e5f78a	5.00	1
87a3bf6a1b35	6.00	1
87b0ebbda044	5.00	1
87b85a857cbe	3.00	1
87bcd14395e8	2.00	1
87c8fb1cefd1	2.00	1
87defff6153c	7.00	1
87e1a60dbbf9	8.00	1
87e275f8db0c	7.00	1
87e713373c62	2.00	1
87e74e026f5c	5.00	1
87f7bf5710b4	3.00	1
8813946e0de6	9.00	1
88170e72cfb8	7.00	1
881db484fbe8	3.00	1
8821c3263e81	3.00	1
8821e878ff6a	3.00	1
882aec93dad7	1.00	1
882d2ea334ad	7.00	1
882fd382fb08	10.00	1
88363e6d98eb	8.00	1
88548c48a5d1	8.00	1
885fdf0192e5	1.00	1
886a52c97f95	2.00	1
886c86f8dc63	5.00	1
88703c9f1c34	8.00	1
8876e74940ef	5.00	1
8879e7f66319	5.00	1
887bd2cd70ef	10.00	1
887d82d3619a	3.00	1
887db7f483fb	9.00	1
887f1ad8c946	5.00	1
888e74dff19a	7.00	1
889d1c50d681	1.00	1
889fb6d5b8f4	2.00	1
88b678528b25	2.00	1
88ce8654779e	2.00	1
88dd93eefa5a	5.00	1
88e69f8f99d2	5.00	1
88e7094f9ae6	9.00	1
88f1936b3f68	4.00	1
8905c4e275c8	9.00	1
890942e3bccc	1.00	1
890a3a7e3e11	3.00	1
89135531adf7	9.00	1
891364ef7bcd	1.00	1
8919f10cff66	0.00	1
891e5e50e9a2	0.00	1
8922418ef6dd	0.00	1
892b51d7a129	9.00	1
892bcbb46e4b	2.00	1
892f1f40adf4	7.00	1
892f641c3274	9.00	1
8935997dbaa5	5.00	1
894b4b2e9280	7.00	1
894d8ddaed13	8.00	1
896c3e0dfcc6	9.00	1
896c7a0ee106	9.00	1
896ee95b6839	7.00	1
89769169f76f	6.00	1
8978fac3296c	1.00	1
897d623152a9	3.00	1
89839e7b7f6b	5.00	1
8986c48106a9	10.00	1
898ce48cf442	7.00	1
898ed053e053	7.00	1
8990029a01d6	7.00	1
8990b59c5b32	7.00	1
89a12c03e20c	6.00	1
89a2439588a3	5.00	1
89a80dbbc880	2.00	1
89b4407a01ed	7.00	1
89b61456ab40	7.00	1
89b745e9737f	4.00	1
89b85a797b6e	8.00	1
89b99191da40	6.00	1
89bc3dc456f6	3.00	1
89c677d85cca	3.00	1
89ccf8e5bcae	1.00	1
89d3645825b2	2.00	1
89dbdfe27ac7	1.00	1
89de9b2aeb66	5.00	1
89ef58f1a093	7.00	1
89f1e29d076d	2.00	1
89f2df6f66f8	2.00	1
89f685c16267	9.00	1
89f84d72ee82	7.00	1
8a034d196dc2	1.00	1
8a075d71ac10	5.00	1
8a0e02271e97	9.00	1
8a1ac896728a	0.00	1
8a223e70c7fa	4.00	1
8a27b5f78df1	3.00	1
8a28de83bb0a	7.00	1
8a29af030d15	6.00	1
8a2fdbbec2b0	6.00	1
8a39eb845f17	7.00	1
8a4ef87572ca	2.00	1
8a5cd6fbf974	9.00	1
8a6018158186	3.00	1
8a643d2310be	6.00	1
8a65a2c8b8a4	3.00	1
8a741fe17e0f	2.00	1
8a79a25eb663	5.00	1
8a7ce54dd466	5.00	1
8a87a1ed2546	7.00	1
8a87e9a6ebe8	3.00	1
8aa18a7ebb1e	8.00	1
8aac001fab2d	7.00	1
8ab2cec9683e	1.00	1
8ac91fd254df	1.00	1
8ad2c793bbff	8.00	1
8ad47019a0ef	4.00	1
8ae31ee9786d	8.00	1
8ae9f0abf7de	2.00	1
8aeb6dc5260c	5.00	1
8aed567dc80a	7.00	1
8aee20deae1c	1.00	1
8af1ea73f67b	7.00	1
8af2130f3b48	9.00	1
8af2c33d7e22	9.00	1
8af9c45194f8	3.00	1
8afc4b8c0550	1.00	1
8b046a309f94	8.00	1
8b0e38fc10e4	1.00	1
8b117a5099d8	8.00	1
8b288743ff49	5.00	1
8b3d22c8d8e0	8.00	1
8b439e8c4504	9.00	1
8b569b6a8678	1.00	1
8b581f19dfe1	5.00	1
8b58f2a69ab6	5.00	1
8b620ca501b2	9.00	1
8b69e493b0c6	9.00	1
8b6b60c430bb	4.00	1
8b78223064f7	2.00	1
8b7c89319809	4.00	1
8b84968433fc	2.00	1
8b8aa50866be	3.00	1
8b8ade8a3a91	7.00	1
8b8b18c1a984	5.00	1
8b9dab4bbe42	7.00	1
8ba48ef49712	7.00	1
8ba66736aa3d	2.00	1
8baa96e52b06	8.00	1
8baedb815257	9.00	1
8baf2c993a60	9.00	1
8baf4b0f41dc	8.00	1
8bb1fc877ca8	2.00	1
8bb7f29c5186	6.00	1
8bc0f633c11e	2.00	1
8bc158ac3a28	7.00	1
8bc6aa7c3bbb	9.00	1
8bc6ce6dc66d	4.00	1
8bd369b84ef4	1.00	1
8bd5dc31d662	9.00	1
8bdf76385506	9.00	1
8bf12a91d856	9.00	1
8bf7d51129a5	3.00	1
8bf8fac49a1e	8.00	1
8c06cc04a1bc	0.00	1
8c12cbd1eba8	8.00	1
8c1a49a829d2	2.00	1
8c1a88e9eb4f	7.00	1
8c1b204daab4	2.00	1
8c292bcaa6e4	6.00	1
8c2da58a9de8	7.00	1
8c2ea0752839	5.00	1
8c345c9bf547	2.00	1
8c382291b220	7.00	1
8c4103999767	1.00	1
8c4418e127cb	2.00	1
8c56873be6ff	6.00	1
8c607517da9e	8.00	1
8c625a2db065	9.00	1
8c6830ec92a2	9.00	1
8c699742a0c9	3.00	1
8c6a76b0124f	9.00	1
8c701be8b920	3.00	1
8c7a30969aa7	1.00	1
8c872827c124	2.00	1
8c8ddaebf149	3.00	1
8c9b8438bb17	4.00	1
8cb34c38e524	3.00	1
8cbec57e3c77	5.00	1
8cc970f751b9	1.00	1
8cd098071f46	7.00	1
8cd26edb04ba	0.00	1
8ce100700a75	7.00	1
8ce282a8b1c2	7.00	1
8ce66fa8db60	6.00	1
8ce796fee0d2	5.00	1
8d010172d6eb	1.00	1
8d095d9078cc	5.00	1
8d0b1c3daa7a	0.00	1
8d17cc10c02c	9.00	1
8d17e852ab2a	7.00	1
8d1cfc467e70	5.00	1
8d251aa5389f	6.00	1
8d32a6313334	8.00	1
8d3891f57552	8.00	1
8d38b74ce7a4	0.00	1
8d44a42b5e7b	2.00	1
8d47d5176a47	3.00	1
8d4840620836	8.00	1
8d525e3fb41e	7.00	1
8d53f9d16bd1	4.00	1
8d5de2da9093	5.00	1
8d639036e73c	8.00	1
8d6aca8cd5f8	5.00	1
8d6e4cf64a7c	6.00	1
8d76211e1163	1.00	1
8d7c92139e56	1.00	1
8d7f437280c4	8.00	1
8d9f5911601f	5.00	1
8da59d4dd7ed	2.00	1
8da5da57b650	5.00	1
8dae67e8656f	7.00	1
8daec400acd5	2.00	1
8db16ea9712f	7.00	1
8db2ea70690f	5.00	1
8db86b323b10	9.00	1
8dba89f955f0	3.00	1
8dc47089e849	7.00	1
8dc545fca0c3	3.00	1
8dcc474ba434	9.00	1
8dcc536be796	1.00	1
8dd2a4b2de82	1.00	1
8dde5c43483d	8.00	1
8dea549301a2	5.00	1
8deed81afa0b	1.00	1
8dfce7b63576	5.00	1
8e00e0671721	5.00	1
8e02e4b82d73	9.00	1
8e066581517a	4.00	1
8e0d9a2d2514	8.00	1
8e1355f9c815	5.00	1
8e15e0e0bf2b	3.00	1
8e1777a15935	1.00	1
8e1cd48e3ab5	3.00	1
8e1ebbd783c4	9.00	1
8e1fd0bc8953	2.00	1
8e20b05613fa	5.00	1
8e23affe5a91	4.00	1
8e314f033432	2.00	1
8e38765afcfb	2.00	1
8e477823f2a2	7.00	1
8e52ccaa14d8	6.00	1
8e668907af0f	6.00	1
8e671a1a24d3	5.00	1
8e782614e4e4	4.00	1
8e7fd67661bf	5.00	1
8e81e6ea8338	0.00	1
8e8531be1318	1.00	1
8e8dfd60ba78	9.00	1
8e92d47db002	3.00	1
8ea0d606e767	4.00	1
8ea742b8e28c	8.00	1
8eb72d522273	7.00	1
8ebbef475bc2	4.00	1
8ebf41e58a0e	5.00	1
8ec2d485b800	5.00	1
8ec3bf00176a	4.00	1
8ecb43a28a06	5.00	1
8ecbc13b1431	7.00	1
8ecf369d489c	1.00	1
8ed299c102e2	7.00	1
8ee458830a2a	9.00	1
8eea8f8d2f6c	8.00	1
8ef06a2ea1c4	1.00	1
8ef57ad463a6	8.00	1
8f004ee3aaed	2.00	1
8f03fedc1b03	9.00	1
8f0b716c00aa	5.00	1
8f1794ae8d1a	5.00	1
8f20221271a3	1.00	1
8f242a48b9e1	7.00	1
8f25fac3e19a	5.00	1
8f291166ef80	7.00	1
8f2c41de92ce	7.00	1
8f32511a6ea4	1.00	1
8f35d38a81ca	7.00	1
8f38c7021aa6	7.00	1
8f57f8cada6a	1.00	1
8f599c2b85c0	5.00	1
8f6c52cbf68b	7.00	1
8f6e7813e207	5.00	1
8f6e9b7b735d	1.00	1
8f70c7b7f80b	8.00	1
8f7a34951d16	7.00	1
8f7badf748df	2.00	1
8f8c8c687d44	10.00	1
8f9987348cde	8.00	1
8f9c6894c24c	7.00	1
8fa56ca3b947	3.00	1
8fa7377ca017	8.00	1
8fa7fb6df996	5.00	1
8fa9006cf18d	4.00	1
8fad1eedff3f	9.00	1
8fae9ce37d56	3.00	1
8fc5d01adfba	8.00	1
8fc9ad4617bd	9.00	1
8fdecb476310	3.00	1
8fe2d4523e33	5.00	1
8fe6a48f9d3c	4.00	1
8fe92f3c7318	2.00	1
8fe9e2b9af71	5.00	1
8ff0c43603b6	5.00	1
8ffbd06eca70	7.00	1
8ffd460088fd	1.00	1
9001e8e52935	5.00	1
90025dd0bcb1	0.00	1
90086333f850	2.00	1
900cdd270b02	2.00	1
901ca5d15f6e	9.00	1
90253b01a851	1.00	1
902f4874ca54	5.00	1
902ff81663a7	2.00	1
9030104c076b	7.00	1
9034d2977b85	5.00	1
90364e043c9a	6.00	1
904751a20191	9.00	1
9049277e8048	8.00	1
904e95413669	9.00	1
90558d0cb1da	8.00	1
90711a0229e0	5.00	1
907871b300ab	1.00	1
907a24024629	4.00	1
9088fffc3e05	5.00	1
908bb7b246f1	3.00	1
9098bacc4994	3.00	1
909dc1a937fb	2.00	1
90a113d1476a	10.00	1
90a4c299d23c	2.00	1
90aa60dd2cae	1.00	1
90ac0ef77e53	7.00	1
90acbc75c73e	3.00	1
90bc33598d00	3.00	1
90c9502432d9	5.00	1
90cacc6e5f55	6.00	1
90d6279ec468	9.00	1
90f2a7a29986	5.00	1
90f3b30e4fa8	5.00	1
90f712add3c8	5.00	1
90fd87e2d93e	4.00	1
9117bbf21712	10.00	1
911bd08b5481	0.00	1
911fb262e044	7.00	1
9127294377ff	4.00	1
912db2dde6d1	3.00	1
91301b886fb8	7.00	1
913f0ac3f3f8	5.00	1
9148bed2fd83	1.00	1
9157b71feb46	3.00	1
915ad2159ed4	5.00	1
9166f9f352da	8.00	1
9167a00031ea	8.00	1
916c59fc9d41	9.00	1
916d02223313	3.00	1
917fc4113437	8.00	1
919cb2521798	5.00	1
91a07de6889d	1.00	1
91a8b491d02f	9.00	1
91abef64a8bd	1.00	1
91ae1cc5529e	6.00	1
91bdc5ee0c2b	7.00	1
91bf0de68c66	4.00	1
91c29cc20c47	1.00	1
91ce97bb677d	9.00	1
91d15a1c63be	0.00	1
91d204c22923	5.00	1
91d24c8b30d9	5.00	1
91d330e2ccb3	5.00	1
91de6fcad704	10.00	1
91e223f31c08	9.00	1
91f05b4e71cc	7.00	1
91f407a2b5a1	5.00	1
91fb49e58417	1.00	1
9203e7f98daa	9.00	1
920a7955f9fe	8.00	1
9215856e5948	9.00	1
923097d7da38	2.00	1
92311e0209aa	1.00	1
9232636e4914	0.00	1
9233183e0b58	2.00	1
923b846b6d7a	8.00	1
923dcaced6aa	0.00	1
924a16be766b	7.00	1
924e7cc22958	5.00	1
9252bb58676c	7.00	1
9254234f7a64	8.00	1
925606a5bae7	4.00	1
9259e941e3b2	4.00	1
926060537d91	5.00	1
92630e012f13	3.00	1
926d0fde677a	5.00	1
926f85da751d	3.00	1
9272ca92fdc1	1.00	1
9275f442ebf7	8.00	1
9276165c8106	1.00	1
928163658f21	0.00	1
928b7cc11586	2.00	1
928bcc237d41	7.00	1
929a496cc151	8.00	1
92a2078a515c	2.00	1
92adc509c037	7.00	1
92bd80998062	5.00	1
92d467f34e3b	1.00	1
92dca4e15ea6	9.00	1
92eb6983870e	3.00	1
92f14e6620db	8.00	1
92f70cf4863e	1.00	1
92ff02abdc3f	6.00	1
9309907c256f	3.00	1
930a70336cac	6.00	1
931cbb69b3e7	7.00	1
931cee647423	9.00	1
9321d73feb28	1.00	1
932644e7da9a	2.00	1
9327df622e52	5.00	1
932bf226906c	2.00	1
932c434f61c7	1.00	1
93340357ca7a	8.00	1
934036dd863d	7.00	1
934bd18efc7d	1.00	1
9355a7ce6b37	7.00	1
9363406f0018	9.00	1
936f446c6e48	2.00	1
9376215ce1c7	5.00	1
93819138e927	5.00	1
9382310ef68a	5.00	1
9393a520a98c	7.00	1
9395a88eb46e	1.00	1
93a10065a708	6.00	1
93a2e7fa2220	6.00	1
93a57d0e4f11	5.00	1
93af32beadf5	8.00	1
93b012fba3b4	2.00	1
93b566eefb25	8.00	1
93ba522cae68	0.00	1
93bc22938294	5.00	1
93bc9e83a1b3	7.00	1
93ca5eac2930	5.00	1
93d441c50c3d	2.00	1
93d612e58bfe	8.00	1
93e2db6f6091	5.00	1
93e481b2426d	5.00	1
93e4cba078b1	6.00	1
93f2abf302d1	5.00	1
940b5ca898f7	7.00	1
94110742464d	4.00	1
9411da911c68	7.00	1
9412dee2314c	7.00	1
9412df09f328	2.00	1
941ecb66a9ab	1.00	1
942e3df739ad	9.00	1
94342749b00e	5.00	1
9439b87f8138	7.00	1
9442693b846a	8.00	1
944d4ebea746	9.00	1
944e560c732c	5.00	1
944f5770d0e9	2.00	1
945a94133e4e	9.00	1
945cd74e6540	9.00	1
945e68d73452	7.00	1
946861876467	7.00	1
946cb4d4bfa1	0.00	1
948114f1be24	5.00	1
948e8e6b680d	5.00	1
94a071169757	3.00	1
94a07d33cb51	9.00	1
94ac8cd768ac	3.00	1
94ae9f7aca4b	3.00	1
94b5b3c86813	2.00	1
94b91ea3cd65	0.00	1
94c0cb3d4229	1.00	1
94d024255c80	7.00	1
94d597ebd7d4	3.00	1
94e0e26d3dbd	6.00	1
94f2b178d0c8	5.00	1
94f5153d0a8d	9.00	1
94fb0c12eb0b	5.00	1
9509e4ea5588	8.00	1
951556436b6f	5.00	1
951637140adf	1.00	1
9521c2cf9b94	2.00	1
952b0fa78c96	7.00	1
953318bf0646	5.00	1
9538bc861567	7.00	1
953a95efffca	1.00	1
953b6f9ecc4b	9.00	1
95568fcbb78f	10.00	1
9559e2e3ae78	5.00	1
9573ff09a173	1.00	1
95751d6082e8	8.00	1
957eef70c1e3	6.00	1
958058547748	5.00	1
9581c12537b7	5.00	1
958b5c007a68	5.00	1
958f99141422	5.00	1
95941b2dfa03	7.00	1
9594df2ed3be	2.00	1
959a02d52822	8.00	1
95a48984a9c0	7.00	1
95a726673774	1.00	1
95bc56a78a69	3.00	1
95cc92e9b296	7.00	1
95d6df069c0c	1.00	1
95d79eb8b2c6	10.00	1
95dfc2939351	5.00	1
95ea7f2bbaf6	7.00	1
95ea82dbc0df	2.00	1
95ec493fb00e	9.00	1
95ef7c2651ec	9.00	1
95f85aa0628f	5.00	1
95fc5f309af1	0.00	1
9609ba466313	5.00	1
96109143465a	0.00	1
9614a06e759f	7.00	1
961be9d812fa	2.00	1
961fab4cd220	8.00	1
9622e8591f46	2.00	1
9624fcafe04d	6.00	1
962755f49e87	2.00	1
962c449de1ae	5.00	1
9631a17b728a	9.00	1
9633141c4361	3.00	1
96348f0d2474	5.00	1
9634d9a9816d	5.00	1
963d4ada3675	2.00	1
9646195450ec	2.00	1
964dc7d81c40	3.00	1
964efb19241b	7.00	1
9651ab046e5c	7.00	1
9653ace84af2	7.00	1
966a2cea86b3	2.00	1
96800eca7e50	3.00	1
96820404ea4e	9.00	1
9699413ddd0f	6.00	1
9699d53ea57b	1.00	1
96a0082c75c6	5.00	1
96a0bbe29544	5.00	1
96a89a9b8a95	7.00	1
96a9de17caa6	9.00	1
96b51de3175b	6.00	1
96bfae8e44a0	9.00	1
96c50808a0c9	5.00	1
96cea98988c9	5.00	1
96d34f2a5979	9.00	1
96d3fd9a596c	3.00	1
96d43d46eb36	5.00	1
96d46814ce35	4.00	1
96d79c0fc144	5.00	1
96dace937654	8.00	1
96e1e9547b7a	7.00	1
96fadf1371fe	3.00	1
96fc64b1daaa	6.00	1
97004c0e3f0f	5.00	1
97043bd47339	2.00	1
970615778c73	4.00	1
970c5fd3e21c	7.00	1
970fc2a08dce	4.00	1
9712243ec34b	4.00	1
9714b9c3ab42	7.00	1
971bc6093c04	0.00	1
9720c6230fc8	3.00	1
972a937b4052	5.00	1
972c283d16a7	2.00	1
9734ffe04b38	0.00	1
973a3b48891a	5.00	1
97416da0167e	5.00	1
97532ea9a1df	8.00	1
9759e6338747	2.00	1
975b63d39535	7.00	1
975b776a0bc4	7.00	1
977f1c643deb	8.00	1
9782f61e88f2	5.00	1
978d534c79e0	9.00	1
97913eb12da7	5.00	1
9791473a3da8	6.00	1
9794cbd81dca	4.00	1
9799e52316ea	3.00	1
979cf7c30739	5.00	1
97a0f6e6e4fe	2.00	1
97a1b131b368	2.00	1
97af50704232	7.00	1
97afad14e43f	3.00	1
97cb7026db0c	9.00	1
97d3825d22a4	2.00	1
97de21ba41ec	3.00	1
97df3b3c1edb	3.00	1
97e1571923b2	9.00	1
97f0f042f6eb	3.00	1
97f240045bf3	9.00	1
97f28e3ce7cc	5.00	1
97f3e95244ae	2.00	1
97f5934c5265	1.00	1
97fa50b2d55d	6.00	1
9803b51b97d3	1.00	1
980503335650	4.00	1
980937807146	3.00	1
980949281b6f	5.00	1
980b7e1f2f24	7.00	1
9816e46f8a4f	5.00	1
98207e9dd076	8.00	1
982c28d11f0d	3.00	1
98373f76188d	7.00	1
98503718b272	0.00	1
98547df0e626	6.00	1
985d690cecf2	3.00	1
985f5ed0cd58	8.00	1
9866905a5c7d	8.00	1
9867852b714f	9.00	1
986acff3717c	2.00	1
9870c8c7c4ed	3.00	1
9875a81db22f	5.00	1
987f23a706e1	0.00	1
9883080ebd13	5.00	1
9884c67e4f3b	9.00	1
9895f09520e2	2.00	1
989d134f7d4e	1.00	1
989e28cdaf06	1.00	1
989fe7acfc5e	9.00	1
98a5cfda481f	1.00	1
98a6c21fea4a	0.00	1
98a7a4403209	8.00	1
98aa1f910607	6.00	1
98aabd15ba89	9.00	1
98ac5ea2dd68	7.00	1
98b01e7c60d4	5.00	1
98bfb05a72f1	9.00	1
98c220593c2d	8.00	1
98de1a5ab60c	9.00	1
98dee7bd9035	7.00	1
98ecc3d79ce1	9.00	1
98efdab39652	7.00	1
98f8f75570fe	5.00	1
98f944c10380	7.00	1
98fe5206dfa6	4.00	1
99028f60c667	4.00	1
991ba966c968	9.00	1
991e1b88ae73	2.00	1
99218df19618	1.00	1
99246c362f89	7.00	1
9943beae080f	5.00	1
994f0757d6ec	1.00	1
9960b51426dc	5.00	1
996529438a0a	1.00	1
996e38a14891	5.00	1
996f55bbd315	7.00	1
9970790dcb43	1.00	1
99736c005432	1.00	1
997478be8797	5.00	1
997966f2d6b9	6.00	1
997bbd20ae90	3.00	1
997fcf6c7057	5.00	1
99848f15ade4	7.00	1
999502114767	4.00	1
99ae7c867b88	2.00	1
99bc3bce36f1	3.00	1
99c067c37bff	1.00	1
99c3b6162a18	8.00	1
99c4eeb51858	5.00	1
99cc34db872b	9.00	1
99cfa6d8a122	5.00	1
99d7a44b57a4	5.00	1
99d7ce9df2f4	4.00	1
99dcc5f1c320	9.00	1
99e379cc5231	5.00	1
99ef88786e64	5.00	1
99effdf8a24c	7.00	1
99f020793886	5.00	1
99f2c96ebcf9	5.00	1
99f4297c4ed6	1.00	1
99fa7ec3c9f3	5.00	1
99fcc144d52c	9.00	1
99fec02a5852	7.00	1
9a095daea4c3	9.00	1
9a11ab618776	5.00	1
9a11e137a3d1	6.00	1
9a17e79513d4	3.00	1
9a21a1aeb255	5.00	1
9a31a79a5037	6.00	1
9a31c5694f88	7.00	1
9a332907b6ba	4.00	1
9a35b87c76fc	2.00	1
9a3785a95c72	9.00	1
9a3ebae6dab1	3.00	1
9a4d98cf721c	5.00	1
9a4e2a0296b0	3.00	1
9a6061b173a1	3.00	1
9a671e7c4f84	6.00	1
9a6a202baa10	0.00	1
9a6f15db50c4	7.00	1
9a755ff81946	1.00	1
9a78e3bbf88a	3.00	1
9a7f1478cb38	0.00	1
9a8428ca30d7	1.00	1
9a875b2b334f	2.00	1
9a8e920e26d9	5.00	1
9a8faa8948e1	3.00	1
9a942bca66c3	6.00	1
9aa415ce8bfc	9.00	1
9abbb2186fa2	8.00	1
9abccf28496d	1.00	1
9ac16c985ce3	3.00	1
9ac69c071507	9.00	1
9acfc6ed26c3	4.00	1
9ad01ca62521	7.00	1
9ad146c79c06	8.00	1
9ad1ef0b069d	3.00	1
9ada848d0f25	7.00	1
9ae76bb4db69	5.00	1
9ae98f8acc98	5.00	1
9aea6be0f7ba	9.00	1
9af0b82698c9	9.00	1
9aff15adea3f	7.00	1
9b08a81291b5	3.00	1
9b095fb2d763	1.00	1
9b0d7460b131	1.00	1
9b0ffb8d6bd1	8.00	1
9b10db3f2346	3.00	1
9b154b17c58f	5.00	1
9b1c29c1519c	1.00	1
9b1e6df9b203	5.00	1
9b23e40f6c33	9.00	1
9b365787692e	5.00	1
9b36c118ec45	9.00	1
9b41ceb936c1	7.00	1
9b44dbe99c28	9.00	1
9b480658e881	2.00	1
9b4dd522f0d5	2.00	1
9b5470bba60c	1.00	1
9b5ef11765e6	1.00	1
9b69f821904e	3.00	1
9b6c74e1d1d2	7.00	1
9b7a2112ed8f	5.00	1
9b7b8e4790c0	5.00	1
9b885ad31b9b	5.00	1
9b8a30abcb82	8.00	1
9b8b8faa79bf	9.00	1
9b9e2365fcc2	9.00	1
9bb00337ae6f	4.00	1
9bb4b7b50906	5.00	1
9bbb2bb20f45	1.00	1
9be27f570f69	2.00	1
9be64b51cca3	5.00	1
9bed5abd9f5b	4.00	1
9bf2e8468243	5.00	1
9bf463f2e844	0.00	1
9bfe9266596a	7.00	1
9c00b200ea7b	5.00	1
9c0228b5777c	8.00	1
9c1291cad1d4	1.00	1
9c165d1ffd92	9.00	1
9c1f235a7f8c	8.00	1
9c3aeec3e745	9.00	1
9c3db4a3af36	1.00	1
9c45c84a2b4c	1.00	1
9c495cb2d3e3	3.00	1
9c58d6a421ed	5.00	1
9c859249cacf	8.00	1
9ca2ed7a4be0	5.00	1
9cb0385b7e1c	2.00	1
9cb0448df750	2.00	1
9cb14208b744	7.00	1
9cb4694572dd	1.00	1
9cb7e5fcfa50	9.00	1
9cbb26c8fdfd	4.00	1
9cc3279f2ced	0.00	1
9cc6f921711c	7.00	1
9ccae8d5a084	6.00	1
9ccf5286b24f	9.00	1
9cd4103887a7	9.00	1
9cd98c5fec02	7.00	1
9cde1a1b4477	9.00	1
9cf8b139d2c0	5.00	1
9d00512a881f	7.00	1
9d05cd5d6858	8.00	1
9d0c72f1e683	8.00	1
9d199bfe41ce	9.00	1
9d20d1de15fc	2.00	1
9d21c5e61d40	9.00	1
9d21e1ac8f26	2.00	1
9d21e88246dd	1.00	1
9d251f977459	9.00	1
9d2fd70228e6	4.00	1
9d3cba3ee6ce	5.00	1
9d44a3ecd90d	7.00	1
9d4c42d2ff9a	1.00	1
9d50cd8aad6b	3.00	1
9d56677bc111	7.00	1
9d5bae88d597	8.00	1
9d5bec2fd19e	3.00	1
9d5f991957e5	3.00	1
9d641880d098	3.00	1
9d684b4fd5f0	9.00	1
9d6881af6983	6.00	1
9d6e798bfe61	7.00	1
9d801a383d19	6.00	1
9d869e4014b3	0.00	1
9d87dd31848f	2.00	1
9d8dadf72a68	5.00	1
9d9215df564f	2.00	1
9d96ce890b3d	7.00	1
9d97296df794	3.00	1
9d981b4f04cf	5.00	1
9d98c25d3a10	5.00	1
9d9ac5123315	6.00	1
9da9e0f8c226	3.00	1
9dab7b5c6379	5.00	1
9db1f24e0753	5.00	1
9db529b210ff	3.00	1
9dbf211625b9	9.00	1
9dc0f2844d9d	6.00	1
9dc38a11e99d	8.00	1
9dc6162d678c	0.00	1
9dc7dabf8ee4	7.00	1
9dcbf2fa3e10	4.00	1
9dcf606fd064	5.00	1
9dd81cf2af8b	2.00	1
9dddbfd51f54	2.00	1
9de55064a899	1.00	1
9df05e2dd041	8.00	1
9dfafe0a0eab	3.00	1
9dfb71f34569	9.00	1
9e018438f07a	3.00	1
9e083eb73c48	6.00	1
9e0e05a2ca6c	1.00	1
9e10e3f2c880	9.00	1
9e1e04e5b7e1	0.00	1
9e1f7252c0f7	8.00	1
9e2818e59409	3.00	1
9e2fc029f531	1.00	1
9e3b6a6c26ac	6.00	1
9e52a49a9f52	5.00	1
9e5c972adcbd	6.00	1
9e74e6799282	7.00	1
9e8ae76fb03c	5.00	1
9e8d2b61811e	8.00	1
9e91190b1a0c	3.00	1
9e9686dd6f06	7.00	1
9ea6b7a92fbe	8.00	1
9ea6ba7693a5	6.00	1
9ea8faabfd21	4.00	1
9eab4e852fee	8.00	1
9eadbaae05a7	3.00	1
9ec3d54061f4	6.00	1
9ec7ca9324c8	1.00	1
9ec915bd925b	5.00	1
9ed05441538d	9.00	1
9ed29684c2fe	7.00	1
9ee11202ecb0	7.00	1
9ee2725f9b1b	9.00	1
9ee5201375d6	5.00	1
9ee689b28be9	3.00	1
9ee9ad784372	5.00	1
9f03c9d6ce57	9.00	1
9f08453e533d	3.00	1
9f11bae95526	5.00	1
9f127a0e8ea3	4.00	1
9f1c079b018d	2.00	1
9f289d446eac	6.00	1
9f2e455b249c	8.00	1
9f2f5c9dc1b6	8.00	1
9f3df461cdbe	9.00	1
9f40d04ab1b6	9.00	1
9f455cedd354	4.00	1
9f45ebb1bdb5	6.00	1
9f47b1b6c90c	5.00	1
9f4b6a301232	4.00	1
9f55e0412a18	2.00	1
9f570558205b	1.00	1
9f5769a9dfba	5.00	1
9f58777ef759	4.00	1
9f5faa7f8185	1.00	1
9f69354f2153	1.00	1
9f79892cbda2	9.00	1
9f7fa1ef9b43	9.00	1
9f8217c444dc	2.00	1
9f83a24c2e28	2.00	1
9f88056ee6f3	9.00	1
9f8e21dd9494	0.00	1
9f8e96f6e26b	6.00	1
9f8f789b5bbe	9.00	1
9f8f8ca068d1	1.00	1
9f9eb9690cb5	9.00	1
9f9fee699e5a	3.00	1
9faa0ce5e6c9	5.00	1
9faa567a3b0a	5.00	1
9facd288a1b8	7.00	1
9fb85037bdfc	8.00	1
9fd78149791c	7.00	1
9fd9abcbf044	5.00	1
9fd9fe14b1f0	0.00	1
9fda1f75e66e	9.00	1
9fda6c2bd952	7.00	1
9fdfc291df43	3.00	1
9ff78fa63916	0.00	1
9ffa313070e4	7.00	1
9ffaa64d5130	9.00	1
a00f597da390	10.00	1
a0158617d017	5.00	1
a016fd632647	6.00	1
a018245bec39	5.00	1
a018f41035af	6.00	1
a0334c36b14a	9.00	1
a041f64fef0f	9.00	1
a052182e34f3	5.00	1
a0609f48312f	7.00	1
a0612cf06b6b	5.00	1
a06f77b47942	4.00	1
a073c4f6fbe4	7.00	1
a07e73e4ffcc	7.00	1
a0875cb9ac47	3.00	1
a089944be653	5.00	1
a089d2e2fc7c	5.00	1
a089f0fa0111	9.00	1
a09263d91fdd	8.00	1
a09e13cf181f	8.00	1
a0a0f80fd965	1.00	1
a0a6b6b2c1b6	5.00	1
a0a8467acc1f	3.00	1
a0aef400f347	5.00	1
a0b28ad6ca1e	8.00	1
a0b36403e0c7	0.00	1
a0ba6717e222	9.00	1
a0bc7f134a19	6.00	1
a0be6b68f16d	5.00	1
a0c62960657f	4.00	1
a0cbc793ecbf	9.00	1
a0d1462bd595	4.00	1
a0dc610f9b16	5.00	1
a0dcb25d1490	1.00	1
a0e03b9239ea	1.00	1
a0e08c36d412	5.00	1
a0e2bc1da51b	8.00	1
a0e44a829c56	8.00	1
a0eaf27a3a42	8.00	1
a0f9313bfdee	9.00	1
a0fb56514b95	9.00	1
a0fd7cb47317	7.00	1
a10461f00871	0.00	1
a10cfebc33a2	9.00	1
a10f44733993	3.00	1
a11500ac4a2b	3.00	1
a11804d48420	1.00	1
a1180948a835	3.00	1
a125f9b5985d	6.00	1
a128f1a05cde	7.00	1
a12d258593ba	1.00	1
a131e2512b97	7.00	1
a1341b3ef00e	5.00	1
a13f89043e5f	4.00	1
a142669a91f4	8.00	1
a15685127002	10.00	1
a1649ad922cd	5.00	1
a17021010fe2	5.00	1
a17181e16891	6.00	1
a1798877044c	9.00	1
a1874d8be627	9.00	1
a18762b33cfb	2.00	1
a188a1acc901	1.00	1
a18d37515e59	1.00	1
a18f46fef55c	4.00	1
a18fe92e3e5b	5.00	1
a1a01d167f9c	4.00	1
a1a7d1f8f47f	5.00	1
a1adf9754462	3.00	1
a1b46b86237f	3.00	1
a1d6a721caf5	9.00	1
a1dbab147355	5.00	1
a1ead8452b47	7.00	1
a1f08c56b6f8	2.00	1
a20a234274da	2.00	1
a20d79908554	1.00	1
a210282c1675	5.00	1
a2105493d3be	0.00	1
a211759fe09c	4.00	1
a223d0cd67bc	4.00	1
a22913acf5a2	3.00	1
a23b2fe4f9ec	5.00	1
a24cb6214565	6.00	1
a24cfd3d0188	1.00	1
a24f5f436f38	9.00	1
a266cdf24777	3.00	1
a2724bacb53a	3.00	1
a275728b83c3	8.00	1
a27794d7bf6a	5.00	1
a27f286ec3b9	2.00	1
a284f3837db1	5.00	1
a2856915739a	1.00	1
a286b28563a1	7.00	1
a28c800139fd	1.00	1
a294db6b6652	7.00	1
a2958c52d332	1.00	1
a2986d1e5455	4.00	1
a2ad6c6fd765	9.00	1
a2c4f82b2036	8.00	1
a2c7de013408	2.00	1
a2ca12f05651	4.00	1
a2cbecec8221	3.00	1
a2cbedb13fdb	3.00	1
a2ccf0f1b742	9.00	1
a2dc14f58b3d	9.00	1
a2dfa8212b1a	3.00	1
a2ebe29427b4	9.00	1
a2f8bbad8ad9	0.00	1
a2fbc5583fdd	2.00	1
a2ff73db8f81	1.00	1
a3019728ab93	5.00	1
a30366872479	9.00	1
a309aaf0f7f4	10.00	1
a311819f9418	5.00	1
a3191e849561	1.00	1
a3286f574a44	2.00	1
a32b803d9b82	9.00	1
a33c9798398a	5.00	1
a3433600aa50	7.00	1
a3436ca7cde4	2.00	1
a349a065059a	7.00	1
a34d160f2e0b	10.00	1
a35ce12e8492	5.00	1
a35efc8a0047	2.00	1
a365cd135320	7.00	1
a3ba1fecc84f	0.00	1
a3c25872f983	5.00	1
a3c4d16fc0e2	1.00	1
a3d4b090593e	9.00	1
a3d506496e6b	0.00	1
a3d6be83813e	2.00	1
a3e7a4132601	4.00	1
a3f45a515137	3.00	1
a3f710575bf0	0.00	1
a3fd2d436c6e	7.00	1
a4008e6612a1	7.00	1
a40356949975	2.00	1
a40cf0195200	0.00	1
a41229c0b911	3.00	1
a418edd95dbc	7.00	1
a42934b383fd	9.00	1
a430cbbd84f6	5.00	1
a43610c0dbc1	10.00	1
a44691eb648b	0.00	1
a44c7c95e846	2.00	1
a45bcec98486	8.00	1
a45e26730348	9.00	1
a471c2f5e2c8	4.00	1
a4819fcfea9d	8.00	1
a4850268c631	4.00	1
a4891733eba2	9.00	1
a4950aaa65df	0.00	1
a4968b36e1a2	5.00	1
a4993043d71a	2.00	1
a4a3a797c318	7.00	1
a4a7a2fc3553	7.00	1
a4adc23bf9f2	7.00	1
a4aefa89fa56	5.00	1
a4b6c1ab8126	4.00	1
a4b7fbd54a14	10.00	1
a4bb717f0cf9	5.00	1
a4bd1592b63d	9.00	1
a4c842af7a8e	8.00	1
a4db41ef69ba	3.00	1
a4dd0d080bdb	5.00	1
a4e49403d55d	9.00	1
a4ea2cf7699f	8.00	1
a4f0b676cb64	7.00	1
a4f3f2849f3a	5.00	1
a4ff69197106	9.00	1
a5007f092c9a	3.00	1
a501a7c90f8d	7.00	1
a502d3731197	3.00	1
a50e496c2419	7.00	1
a51a3028a1bf	1.00	1
a51d7b72595e	3.00	1
a51fb5017a87	5.00	1
a52588b3dd18	3.00	1
a52e8ddf3b6b	9.00	1
a53b0a7e077e	9.00	1
a53dfafffa12	1.00	1
a53e9628e2f2	2.00	1
a53f78bb4215	5.00	1
a541e5909557	9.00	1
a54adc532948	5.00	1
a54ef8c15e87	2.00	1
a555d520134c	5.00	1
a55e83870275	4.00	1
a55fe6ae7270	4.00	1
a56070d930ab	9.00	1
a565d7e3da80	6.00	1
a566f3d88443	7.00	1
a5780b4a12a7	8.00	1
a57c955ae12e	1.00	1
a57de23df7b3	7.00	1
a58267da2131	5.00	1
a5879f70af28	3.00	1
a588dd114c92	9.00	1
a5911a755054	7.00	1
a591c98041d1	7.00	1
a59d326e6304	9.00	1
a5a16e213802	5.00	1
a5a7645d4761	2.00	1
a5b689588937	7.00	1
a5bb2f1a9439	5.00	1
a5bb3bf25552	2.00	1
a5c02a65b193	5.00	1
a5c1afc758d2	9.00	1
a5c930bb5fc1	3.00	1
a5caf0d4a3d6	9.00	1
a5cc1afdabbc	2.00	1
a5d8b4135910	5.00	1
a5d8bbc60adb	0.00	1
a5d98184b693	0.00	1
a5dd86069501	6.00	1
a5ec41577946	7.00	1
a5ed6717de8c	7.00	1
a5feb3e94ad7	3.00	1
a607fbf79605	5.00	1
a61de7199cbe	7.00	1
a622b8a2d6a4	2.00	1
a623ae4aa82c	0.00	1
a624949ad4e4	2.00	1
a632646ffee4	0.00	1
a639c4f3dbc0	3.00	1
a63bd78ed7d3	6.00	1
a63e40a9793a	9.00	1
a64b2043de3e	7.00	1
a64e994937e3	9.00	1
a6519b442933	1.00	1
a65598f52bb7	8.00	1
a658c915692b	0.00	1
a65f11dca189	8.00	1
a6650abc4046	4.00	1
a66a61c94bd1	1.00	1
a689312cdcd7	3.00	1
a68f43a2072a	9.00	1
a6905a541410	5.00	1
a695c9ae6111	7.00	1
a6a1464ae7fd	1.00	1
a6a2f20b4d5c	7.00	1
a6a34fbc9808	5.00	1
a6a5140061ff	5.00	1
a6a7edeb999c	7.00	1
a6b1aa83aac4	8.00	1
a6b1e8bf6895	6.00	1
a6b9dd5605b6	8.00	1
a6bc7dde3f85	1.00	1
a6bd2e4658ac	7.00	1
a6bdb69637eb	3.00	1
a6c50f049504	4.00	1
a6c86c906b6a	9.00	1
a6cc612aabe1	7.00	1
a6dc52cb4ac3	9.00	1
a6e0deca3cc0	4.00	1
a6f1c1435ea3	5.00	1
a6fb40133442	5.00	1
a709070d3839	1.00	1
a70e4a8f9eaa	5.00	1
a71444984402	4.00	1
a715733e0358	8.00	1
a719e452c667	9.00	1
a71b41fabb4e	9.00	1
a71b94f5ff83	5.00	1
a725a4b61f56	3.00	1
a729fce24d3e	8.00	1
a74054912b08	3.00	1
a74176ecec62	7.00	1
a7444b1ab1c0	9.00	1
a74ff20bcadb	2.00	1
a75dabdc56eb	8.00	1
a75f78cc2a1f	5.00	1
a769b8565625	6.00	1
a76ada7508c1	2.00	1
a773ad84c8f9	6.00	1
a77ef2ab77ae	2.00	1
a782a710515a	1.00	1
a788e7bb6354	0.00	1
a790f85bfb41	3.00	1
a7aabcf640f9	3.00	1
a7b0feda08a9	9.00	1
a7c949c6243d	7.00	1
a7cef3df6586	5.00	1
a7dcea4df66b	1.00	1
a7e94d75aa2f	9.00	1
a7e97aabd782	6.00	1
a7f003c93ccc	4.00	1
a7f30993ebd9	5.00	1
a7f3e8c28798	9.00	1
a7fd477e04af	5.00	1
a7fdbe69d27d	5.00	1
a802f61dd9e5	6.00	1
a804de82e979	4.00	1
a8051734bdae	6.00	1
a80ebe6c38d2	7.00	1
a8201aebd049	2.00	1
a8213911cecb	9.00	1
a82352b8c6ec	8.00	1
a825e635daf3	3.00	1
a82c7097512f	8.00	1
a82d70404eff	9.00	1
a849f44bdbef	1.00	1
a84be7e0090a	2.00	1
a84daab0f9a9	1.00	1
a84dace3dc5b	3.00	1
a85eaf9024de	5.00	1
a85ec20bd07a	4.00	1
a85fd9f82526	5.00	1
a864ccd1c64e	5.00	1
a867e83f32aa	1.00	1
a87a4e6e8ef9	0.00	1
a87fb43b4874	6.00	1
a88ac4e451d0	5.00	1
a88bbda6b45e	9.00	1
a894962f4033	3.00	1
a89d198d9ad2	5.00	1
a8a11db66543	7.00	1
a8a46a857578	3.00	1
a8a8d98949cc	0.00	1
a8bc48d18bca	5.00	1
a8bcb6805995	4.00	1
a8bd2d4e04cc	0.00	1
a8c27835e1c2	8.00	1
a8c2c02c0ab3	2.00	1
a8d7ae80e74a	4.00	1
a8d93c1fe150	0.00	1
a8dd4d562fc7	4.00	1
a8e5641b3077	3.00	1
a8ebc3880e82	6.00	1
a8edb7cda44f	9.00	1
a8f4931479e4	1.00	1
a8fbc063d9aa	5.00	1
a8fc759a962d	7.00	1
a902addd0c0b	7.00	1
a9091575e90f	9.00	1
a91276cbbd74	9.00	1
a91a1b72d544	3.00	1
a927c75b040a	2.00	1
a92cd018dcc0	3.00	1
a945ff921d11	9.00	1
a9460ebbfa6b	8.00	1
a948aee15d7a	3.00	1
a94cc8ad4f82	1.00	1
a9518681bc89	8.00	1
a953d043c270	6.00	1
a95458244caf	9.00	1
a954ab210d8e	8.00	1
a960a04e5597	5.00	1
a96bf623011a	7.00	1
a96e2890021f	1.00	1
a97143c36f1e	0.00	1
a978fa6100d4	8.00	1
a97d8e7df508	5.00	1
a97eb9123326	2.00	1
a9856a8824e1	5.00	1
a98ee5df80ce	5.00	1
a99780f34a64	1.00	1
a9a9e3ccbcdf	7.00	1
a9b61575997e	1.00	1
a9ba282164d9	9.00	1
a9c623b95082	9.00	1
a9c8d47d5142	7.00	1
a9cca5c77d17	3.00	1
a9cfd28c4f04	7.00	1
a9d17961eb88	2.00	1
a9d2fa2b1085	8.00	1
a9d4eb4bae09	4.00	1
a9d6ea58fe16	2.00	1
a9d720fb3562	4.00	1
a9d785681b44	3.00	1
a9d85e1ff3bf	2.00	1
a9d9b6611449	0.00	1
a9dcdad95c6f	2.00	1
a9dd5e8cfbdd	7.00	1
a9e3dd36c238	1.00	1
a9e5a0c63ff9	7.00	1
a9eb22efa3cb	3.00	1
a9eceea41f2e	3.00	1
a9f2c2c23949	6.00	1
a9f80eb9972f	3.00	1
a9f91a2099d6	9.00	1
aa00cffda336	8.00	1
aa13bfaab696	7.00	1
aa1d433009ef	3.00	1
aa282b5c9ac1	7.00	1
aa2cd144a669	8.00	1
aa3a829575ae	7.00	1
aa3b40c48bfd	3.00	1
aa3d8fac737f	9.00	1
aa40a71b2b55	8.00	1
aa4138b68556	3.00	1
aa49ef96b1fd	2.00	1
aa4a408d8be4	4.00	1
aa4be91654c9	5.00	1
aa4cd6a1e286	5.00	1
aa4f93a7975b	5.00	1
aa5bf946844b	9.00	1
aa5dec923011	1.00	1
aa5f0986aef6	9.00	1
aa6a37ce78fa	5.00	1
aa6b46e9beb5	5.00	1
aa710f529449	9.00	1
aa8229dcb157	2.00	1
aa8c2ef1cd55	7.00	1
aa8d687b314c	8.00	1
aa8dfd9b7874	10.00	1
aaa1d438af45	1.00	1
aaa663d36bcb	8.00	1
aaaf4aec5653	7.00	1
aab3c26a7402	5.00	1
aacf29f4cddd	5.00	1
aad705841945	7.00	1
aaf0224ef26c	10.00	1
aaf77bc727bf	9.00	1
aafd53ce3cd2	1.00	1
ab0bf7e7ed0b	5.00	1
ab0d2a1359a1	1.00	1
ab1cb4c55cc6	5.00	1
ab28be43e996	5.00	1
ab2d89d36b7d	6.00	1
ab33be6389eb	5.00	1
ab35070c5abc	5.00	1
ab384c73e8cb	4.00	1
ab49a62002a1	0.00	1
ab59216f2826	2.00	1
ab7749dce7c0	1.00	1
ab7934f31d78	1.00	1
ab79c8404705	4.00	1
ab7ef8c5aab0	7.00	1
ab8500bac2fd	1.00	1
ab85d99aed42	1.00	1
ab8748374eb4	5.00	1
ab8fe27cff79	1.00	1
ab931b6a948c	7.00	1
aba95f6ee087	4.00	1
abb1f4f31967	0.00	1
abb90af5137d	7.00	1
abc717d99c2a	5.00	1
abc9a6badc5b	3.00	1
abcf9ac79eeb	2.00	1
abcfa3d38e29	3.00	1
abd44b2bf811	5.00	1
abd550c2fc05	6.00	1
abd95ed5fac6	8.00	1
abddc801eba5	8.00	1
abe8e2833970	6.00	1
abf8c0ae2b6e	8.00	1
abfd2ea9dd93	7.00	1
ac11c1dd8264	1.00	1
ac13c49210d5	1.00	1
ac206b40575d	5.00	1
ac223bef2c52	1.00	1
ac2a81ecc144	8.00	1
ac38ac5c26e9	9.00	1
ac4a9701c088	1.00	1
ac4cae69331a	5.00	1
ac5154a701ad	7.00	1
ac55e7e70c8b	5.00	1
ac648e9645db	8.00	1
ac6d946bf008	8.00	1
ac6f601cd563	8.00	1
ac84ff94628e	8.00	1
ac8f76752059	1.00	1
ac96ceaa244c	9.00	1
ac9ac67ac25e	6.00	1
ac9d622e821a	3.00	1
aca8e8f6910e	3.00	1
acace66bd996	5.00	1
acb308aac76c	4.00	1
acb582e0c4e4	1.00	1
acbda0e6846c	7.00	1
accb19f6b4b8	9.00	1
accb3a122b4b	4.00	1
accf2d3b2d43	5.00	1
acd33d58b722	7.00	1
acdd37953750	5.00	1
acde2886ba03	8.00	1
ace0bab707f2	7.00	1
ace360dd0391	2.00	1
acf2dfbac60d	4.00	1
acf744ed8bac	7.00	1
acfa1003fd46	9.00	1
ad02157a6f40	2.00	1
ad086e0ce3f9	8.00	1
ad1cb7689651	1.00	1
ad2a085c2254	1.00	1
ad2ff2113a2b	9.00	1
ad343e9bc3f8	5.00	1
ad39655e0818	2.00	1
ad4a6caba49c	5.00	1
ad4cb316cca1	7.00	1
ad55f9fd1c3e	3.00	1
ad59a08776c6	8.00	1
ad5f01ccf434	1.00	1
ad63d0066584	1.00	1
ad6756fd686e	9.00	1
ad6ec2fe922e	0.00	1
ad765f18d216	8.00	1
ad7d570d5351	4.00	1
ad8866692129	9.00	1
ad8f94d663fe	2.00	1
ad97b71bcf0c	8.00	1
ad98ddc654e8	2.00	1
ada380d65866	10.00	1
ada5a4b3ad8c	6.00	1
adb255d55293	9.00	1
adb79815cf3c	9.00	1
adbbb3ccd044	8.00	1
adbf96faeff5	5.00	1
adc01faa528c	2.00	1
adc0a3bf3077	7.00	1
adcfa8988048	6.00	1
adcfb7fd91ef	10.00	1
add2447bd8d7	4.00	1
add63c1a745f	3.00	1
ade4bc276c9d	9.00	1
ade6a4aea7ba	5.00	1
adf20dfc9a93	5.00	1
ae0158213d9a	5.00	1
ae0397e75046	3.00	1
ae171dc15c19	1.00	1
ae31eebc3dbc	7.00	1
ae3437d98a32	6.00	1
ae3a2cc67ba0	1.00	1
ae3a6faa16da	5.00	1
ae3a9348b746	9.00	1
ae3ffe8fa543	1.00	1
ae42de26bbf1	5.00	1
ae488f5051bc	8.00	1
ae55c2acf589	1.00	1
ae575300b10e	5.00	1
ae5bf6e3e5e9	5.00	1
ae5c0fc65d8e	9.00	1
ae6d04d05a5b	1.00	1
ae778ec4b8c7	5.00	1
ae782503eb97	4.00	1
ae8b0e2457f4	2.00	1
ae8b1d6db0cf	7.00	1
ae989545c7c8	6.00	1
ae98fd08f7ce	0.00	1
ae9eada35b21	6.00	1
aea5e488da4f	8.00	1
aeaba741b33b	9.00	1
aeae82d1ed7a	8.00	1
aeb2723ac9cf	9.00	1
aeb2cf639a22	3.00	1
aeb57d3870b9	9.00	1
aebac87c0bb2	5.00	1
aebe4417346b	5.00	1
aec833cd12db	0.00	1
aed04d8f4186	7.00	1
aed704318f05	10.00	1
aed7e873860e	2.00	1
aeeaebd09935	2.00	1
aeeb51e08e78	1.00	1
aeeb906bef9f	5.00	1
af06450c2282	7.00	1
af0834462767	1.00	1
af0ad4b1fd0c	2.00	1
af16ce89ca84	2.00	1
af17648fc2c4	7.00	1
af177c2a653e	6.00	1
af1cbbfb1e03	6.00	1
af2179bdc92d	9.00	1
af289a583a39	9.00	1
af33d9cf61f4	7.00	1
af35c1f593a7	4.00	1
af3802a39e90	2.00	1
af38d2ba8329	3.00	1
af3ad1a65d49	8.00	1
af41c754d4cd	1.00	1
af4242e4a4eb	7.00	1
af45f9e3dea2	7.00	1
af4ab370bc2e	7.00	1
af4ead27369e	5.00	1
af5ed2fed70c	2.00	1
af60efcaf742	9.00	1
af695ecaf4bd	1.00	1
af7084f2b671	3.00	1
af71c5ba0123	7.00	1
af7ac82d618c	8.00	1
af86499c3ece	3.00	1
af906f37b520	5.00	1
af90d48bd3ce	0.00	1
af9b18363968	6.00	1
afa0bd1d6775	7.00	1
afb4349f4588	6.00	1
afb7017259d4	7.00	1
afc76171d6eb	0.00	1
afd3c9af1078	8.00	1
afd5c0e67671	2.00	1
afe00c4a3161	7.00	1
afecfc8dd1fa	5.00	1
afed03a7f296	5.00	1
afee2bbf1e89	4.00	1
afefa75bc3ea	9.00	1
aff0d8d82c7f	5.00	1
aff35085f0e1	7.00	1
affe0e1fc53d	4.00	1
affee06b453e	8.00	1
b0048b88a2db	7.00	1
b00698c9e58d	9.00	1
b0088bbac869	7.00	1
b010eaa4cb1b	7.00	1
b01cfbf5d162	5.00	1
b022c06015ac	3.00	1
b02b542569eb	2.00	1
b0346ba73a42	8.00	1
b03b07726d18	8.00	1
b044ac22a9a7	7.00	1
b046b3a8b8f0	8.00	1
b050d2fecbe7	1.00	1
b059e0f4d851	9.00	1
b0650fdc272b	7.00	1
b06627847293	3.00	1
b06bbb144496	8.00	1
b06d58e38fe4	2.00	1
b0786156fbbc	4.00	1
b079c721b47a	3.00	1
b07f95aed053	3.00	1
b08d616bbab7	5.00	1
b09361e0b5d9	9.00	1
b093f48e63cb	9.00	1
b0967b2c2b24	6.00	1
b0987b0ff016	7.00	1
b09a93a96f34	2.00	1
b0a92cc480ff	8.00	1
b0b1b0563f9e	7.00	1
b0b314562040	1.00	1
b0b8d1e51104	8.00	1
b0c04d289152	5.00	1
b0cee18cd2f0	0.00	1
b0d1d12919bc	4.00	1
b0d55e023e02	1.00	1
b0d8f62a5dbf	9.00	1
b0d94cb486d3	4.00	1
b0e15646d2f2	2.00	1
b11fe3262ace	0.00	1
b12147a9b6f1	8.00	1
b138e200f9a9	5.00	1
b13e50cd91b4	8.00	1
b140486d045b	5.00	1
b1447a11d6b8	7.00	1
b14d691c37a8	9.00	1
b158d6851490	9.00	1
b159f5f26354	6.00	1
b1685dbeec62	2.00	1
b173a5fc019b	2.00	1
b17c0680fc39	7.00	1
b18093f50b80	0.00	1
b1857d33061d	3.00	1
b19572edf94f	4.00	1
b1a21af07229	2.00	1
b1aa525d55a0	8.00	1
b1b160fd1465	0.00	1
b1b2e961b8fd	7.00	1
b1b87103626c	7.00	1
b1b8c3da0963	8.00	1
b1b920ef7240	2.00	1
b1bbbc4a5977	8.00	1
b1bd1b5ebf95	9.00	1
b1c7adc8273d	7.00	1
b1d62598837f	9.00	1
b1e02fb1835c	3.00	1
b1e360342d0e	1.00	1
b1e5926dde22	5.00	1
b1f9bbd48739	8.00	1
b1fea6678346	1.00	1
b20e058713c9	5.00	1
b21139214117	7.00	1
b213fd8d7185	2.00	1
b21d3341074b	3.00	1
b2229ab1985d	3.00	1
b22a9827e6a9	7.00	1
b22b93f1bdcf	6.00	1
b22eb6654088	1.00	1
b231b8979695	7.00	1
b23c9f92438d	6.00	1
b24d78e4495f	9.00	1
b24f1eff3fff	1.00	1
b254290e1845	2.00	1
b25dd24b0a4c	9.00	1
b261825a850a	8.00	1
b26642a573b2	6.00	1
b274b11833b9	3.00	1
b27a3519d8f6	6.00	1
b28024384546	3.00	1
b2812731dd51	4.00	1
b2841d8f3f3d	1.00	1
b2859fbeff38	5.00	1
b293769f8e44	7.00	1
b299e2922308	5.00	1
b29d1d37a529	6.00	1
b29d68f191fe	4.00	1
b2ae476bc323	5.00	1
b2af284bffa6	5.00	1
b2b4d4b9d015	0.00	1
b2b7873bda25	8.00	1
b2ba9ca2680b	3.00	1
b2bee732de7c	6.00	1
b2c0348c743b	5.00	1
b2c06d7255ae	8.00	1
b2c071836e58	5.00	1
b2c46e95a8d2	7.00	1
b2c80840070a	0.00	1
b2c924c06aba	1.00	1
b2d4c5205201	1.00	1
b2db38677ffa	2.00	1
b2e21e50396b	7.00	1
b2e319fa408d	0.00	1
b2e4a6983325	2.00	1
b2e86b1af0ba	2.00	1
b2ef268f92f2	9.00	1
b2f630625082	7.00	1
b2fbdca46022	4.00	1
b2fc6e2e40ed	9.00	1
b318a35be090	7.00	1
b31b6519f33f	3.00	1
b31e29e520e4	5.00	1
b320efebe37f	5.00	1
b322eca53117	5.00	1
b330e6495e73	2.00	1
b3325083b7d1	8.00	1
b3325afb8fc7	3.00	1
b33f99213f36	9.00	1
b3430e1fed83	2.00	1
b3496aeb439e	5.00	1
b34b062e5c4a	2.00	1
b34d83e440c2	1.00	1
b34f4c5fd0dd	3.00	1
b36cdbb54d50	1.00	1
b36ec0b12163	9.00	1
b36f628a7714	9.00	1
b36fa5cbe152	8.00	1
b36fede9d2ed	8.00	1
b3756ba06050	9.00	1
b3757e0c5bd4	7.00	1
b378279577fd	1.00	1
b381e631ba06	8.00	1
b388b72f83fb	8.00	1
b38e45ac1efd	5.00	1
b39349635742	4.00	1
b3a0c7b74717	7.00	1
b3a8104188ef	2.00	1
b3b672c18433	5.00	1
b3cbbde78c89	3.00	1
b3db83b4580d	9.00	1
b3dd3a5c8637	4.00	1
b3e651ef7119	5.00	1
b3f2d226adef	9.00	1
b3f4f57e033f	2.00	1
b3f9d95f28df	2.00	1
b4027d22f06a	9.00	1
b40487d996a9	5.00	1
b40b616bfdd1	6.00	1
b40c57613199	8.00	1
b40dfe102485	0.00	1
b41849452844	3.00	1
b41ed6995c69	9.00	1
b42a1deb2bf2	1.00	1
b42dc748c8b4	5.00	1
b432232f8160	10.00	1
b43533d8e774	3.00	1
b43b01de5d32	7.00	1
b44a142d530a	4.00	1
b45132eaf57d	1.00	1
b465b5de204e	0.00	1
b46c93f8b620	0.00	1
b4716cc6f869	5.00	1
b47a3dff97fa	7.00	1
b47d0c002e37	7.00	1
b486542ff1fe	5.00	1
b486f7167160	5.00	1
b490e49a41a0	5.00	1
b494353a247a	6.00	1
b496e2676cf7	5.00	1
b49d3fbcea0d	10.00	1
b4a0af66442a	4.00	1
b4a44a703d37	4.00	1
b4ae8c99787c	7.00	1
b4bb3f93769e	7.00	1
b4bdcd1bb006	6.00	1
b4c6c0332b41	8.00	1
b4ca17e81754	5.00	1
b4d1d7f4e74b	7.00	1
b4d1f1d18274	6.00	1
b4d28ebea072	8.00	1
b4d64cea9ff3	7.00	1
b4e8a928ac68	5.00	1
b4ebd8a90f56	7.00	1
b4f7471e163b	5.00	1
b4f7aa11d982	5.00	1
b5061d968b05	7.00	1
b507602c49c5	9.00	1
b50767bbe8ad	9.00	1
b507d56dd3b6	7.00	1
b5083856cc6a	5.00	1
b508d52e938a	4.00	1
b50cfa87f314	8.00	1
b50fe5dc66b4	7.00	1
b513ad283a14	4.00	1
b51eb2ae58f4	2.00	1
b52d02b70699	9.00	1
b53361cec0ff	1.00	1
b53befc66fec	9.00	1
b549e36120f4	5.00	1
b55197b23fee	7.00	1
b558a5b00838	9.00	1
b55aa53a1bb5	5.00	1
b55ed34d2d06	9.00	1
b5659d4bf198	8.00	1
b57abb3ab1ea	5.00	1
b584fac7cdf4	5.00	1
b58dea8e9d36	8.00	1
b59c30188896	1.00	1
b59ca1683be3	9.00	1
b59d665b6886	5.00	1
b59fbab4bdb8	5.00	1
b5a083c3cc6f	1.00	1
b5a0dce53dda	2.00	1
b5a2a3accf82	1.00	1
b5a861157876	4.00	1
b5ad0466139f	0.00	1
b5b36ebc2088	8.00	1
b5bd7aad4c37	8.00	1
b5bf2e4d4834	5.00	1
b5c061e85e73	5.00	1
b5c8b0502fbe	2.00	1
b5c919764497	8.00	1
b5cc410ddd9c	7.00	1
b5cf3ae2bf90	5.00	1
b5dde08f0adc	1.00	1
b5e0f6ae9bf5	0.00	1
b5e5e0cd9203	7.00	1
b5ed368bbd9f	5.00	1
b60139ac7924	7.00	1
b601b917393b	5.00	1
b6070a0683e1	7.00	1
b61a0e1a1575	9.00	1
b61e2be74347	6.00	1
b625a7f38f5b	9.00	1
b62d0b8e47bc	1.00	1
b6385106cc31	7.00	1
b63a42773899	3.00	1
b6401cba626f	5.00	1
b649230d3239	5.00	1
b64ad68f95f4	4.00	1
b655103a32f9	9.00	1
b663ca48c3e2	3.00	1
b66a8d264999	5.00	1
b66abad96493	7.00	1
b66ae16ad724	1.00	1
b66f4678b7b4	0.00	1
b670ce2f948d	3.00	1
b67745314b1f	7.00	1
b68086402896	6.00	1
b68660bae640	8.00	1
b69992f703cc	4.00	1
b69cb45c152e	9.00	1
b69db150e115	7.00	1
b69ff437f97f	6.00	1
b6a34a86131d	6.00	1
b6a6256486cd	8.00	1
b6a775d1299e	7.00	1
b6afa6fa7b2c	9.00	1
b6b08399e628	7.00	1
b6b2b5da3dfb	5.00	1
b6b81ba584e3	1.00	1
b6d4dd08b9c0	3.00	1
b6d582a5ddea	2.00	1
b6dc100662a9	5.00	1
b6e0dbbe7a15	9.00	1
b6ecddc5969a	9.00	1
b70248ef931f	9.00	1
b70a414aa600	1.00	1
b70abfe43a94	6.00	1
b71235e0f749	1.00	1
b71517a055e6	3.00	1
b71995c05f49	9.00	1
b7239d1646c6	4.00	1
b72c1c487190	5.00	1
b72e366a7d4a	5.00	1
b735f3d0df97	1.00	1
b736194e2bd2	3.00	1
b736abbefbb4	1.00	1
b73c6641564f	7.00	1
b748200bb4ef	5.00	1
b74b504ccc01	5.00	1
b7529f73a819	6.00	1
b7597c82ff5f	9.00	1
b7613ef22b0a	5.00	1
b761e072da35	7.00	1
b77134a01a30	3.00	1
b773cbf96f92	1.00	1
b77983e22de6	9.00	1
b7873460f07f	4.00	1
b78c2eb2a613	7.00	1
b78c5d0a9198	3.00	1
b78efffad7bb	3.00	1
b79d6f374c41	5.00	1
b7a121ceb6be	7.00	1
b7b71f2eedf3	5.00	1
b7ba4364614b	0.00	1
b7bac8975009	4.00	1
b7bfc5d2948e	7.00	1
b7cb92f8f252	5.00	1
b7d5efd4e88f	7.00	1
b7ddfcf9d567	2.00	1
b7e0e6e3fba5	9.00	1
b7e57ee287f1	7.00	1
b7f4159ca4cf	5.00	1
b7f4606af5e4	8.00	1
b7fd47e49b9b	5.00	1
b8000ef45514	3.00	1
b8043a028a7d	5.00	1
b817a3f0ba89	6.00	1
b81c6392187a	1.00	1
b82a4ebc3fe4	1.00	1
b82ccf422306	3.00	1
b831bb982622	4.00	1
b836fe1091b6	2.00	1
b837fc7b49f8	5.00	1
b83d0b1332cc	5.00	1
b846be8fce6b	9.00	1
b849d1d3ac62	10.00	1
b84c7193677a	5.00	1
b8505fbced59	6.00	1
b8546ea678d5	5.00	1
b858df89623c	6.00	1
b85a98d41b42	3.00	1
b85ea82d3c25	2.00	1
b862d890e877	5.00	1
b86538216bda	2.00	1
b86f9b4d1eca	7.00	1
b879c50866a4	3.00	1
b87aef5845d8	4.00	1
b883330188ec	3.00	1
b889a1c2ec40	2.00	1
b88a358ec12d	5.00	1
b8942279b83d	3.00	1
b89aac6a0619	9.00	1
b8abb5b46b15	1.00	1
b8b52d46af67	3.00	1
b8b56732eafe	1.00	1
b8bca184711b	5.00	1
b8c34048dfa0	7.00	1
b8d05f5b0fd7	6.00	1
b8d89c924fc9	8.00	1
b8d94b9783f8	9.00	1
b8d9d149d5c2	1.00	1
b8ddc833049f	7.00	1
b8df63d4256b	7.00	1
b8eeb1d666ca	3.00	1
b8f19a5e4604	6.00	1
b8fc5af6389f	3.00	1
b9054f35ba7a	3.00	1
b905a6c41f53	2.00	1
b9100c6a448a	5.00	1
b91429dd0402	5.00	1
b91d0c6d385d	7.00	1
b92c91c89a15	4.00	1
b92ecce344fd	7.00	1
b944d6a6e8bb	9.00	1
b9549f67c43a	4.00	1
b96f4b842a35	7.00	1
b973f6f927d3	7.00	1
b974b723de52	1.00	1
b977e82ba452	5.00	1
b97a40e0f7bc	7.00	1
b998d881c228	7.00	1
b9ad4b1e61c9	1.00	1
b9b8f2b4b6df	2.00	1
b9bbb9ba0d54	9.00	1
b9bffd24b2a7	4.00	1
b9c124c1066d	8.00	1
b9c9c6aac629	9.00	1
b9cdd2260790	7.00	1
b9dc7dd93717	6.00	1
b9de848c55b2	0.00	1
b9f1b9991816	8.00	1
b9f1b9e819f7	7.00	1
b9f21b443cee	1.00	1
b9f398b5e091	4.00	1
ba00dfce0ff9	8.00	1
ba09267137ac	3.00	1
ba0b256a4ba3	9.00	1
ba0ca4e6e8ef	3.00	1
ba1a4aeb0b08	4.00	1
ba27943641ac	9.00	1
ba298b3870bc	3.00	1
ba2bbd0e5134	7.00	1
ba358da41ecd	5.00	1
ba378a02852d	7.00	1
ba3bb97fd22b	5.00	1
ba426590e5a2	0.00	1
ba4a1eb67a1b	8.00	1
ba4bdeb90d68	4.00	1
ba4e27291ba7	4.00	1
ba52b62fce42	3.00	1
ba6bb3fd333a	5.00	1
ba6fdfc2e25d	5.00	1
ba71fd177c71	1.00	1
ba7ab2e33ee3	4.00	1
ba806153fb96	1.00	1
ba8e4dad0f4c	8.00	1
ba906fdcdc75	7.00	1
ba9098f31bde	2.00	1
ba928602111d	1.00	1
ba9a07563aff	5.00	1
baaa66e5bac9	5.00	1
bab5802228c9	8.00	1
bac13f207d32	4.00	1
bac4b43debb2	4.00	1
bac642a2a922	0.00	1
bacb8360118c	9.00	1
bad69f9202d1	3.00	1
bad7279efb67	8.00	1
badadb553b75	2.00	1
badbd0e30ca9	4.00	1
badc11ecac75	2.00	1
badd959d5fa4	0.00	1
badf1f4d6a2b	5.00	1
bae69caa5fce	5.00	1
bae99f48343c	3.00	1
baedf3a82b30	5.00	1
baf309124d21	5.00	1
baf5a87c4696	4.00	1
bafc9f59a25a	2.00	1
baffd8155659	8.00	1
bb09b63205c9	3.00	1
bb12cf370198	4.00	1
bb1b1b932581	7.00	1
bb1be0c28938	7.00	1
bb386d7db43e	8.00	1
bb4129a2d9f2	6.00	1
bb42b3d09c62	8.00	1
bb4326c1596d	4.00	1
bb46e4b11b62	7.00	1
bb57bec1dd86	9.00	1
bb591488335f	1.00	1
bb652c18f768	6.00	1
bb656027ba8f	5.00	1
bb6cb0c05e3a	6.00	1
bb6f5828fe4c	7.00	1
bb7ac3187598	4.00	1
bb80186aa060	0.00	1
bb81b2a780b6	2.00	1
bb8721bae29f	8.00	1
bb8badb6fda1	1.00	1
bb8fdb2e7c43	2.00	1
bb9a651d1ff0	4.00	1
bb9ff4c3c785	3.00	1
bba274627b56	6.00	1
bba42256c9a1	5.00	1
bbb714d692c6	8.00	1
bbbbc4dd7e58	8.00	1
bbc115c3e90b	1.00	1
bbc992fa14aa	8.00	1
bbcdcc288860	0.00	1
bbdc85ab6398	6.00	1
bbe37daab7d8	0.00	1
bbf8a11aecbb	3.00	1
bc0aa9e1beb1	5.00	1
bc387a40c334	9.00	1
bc39aa715093	1.00	1
bc3e1b3eca7b	1.00	1
bc476948633d	4.00	1
bc4b051d0343	0.00	1
bc4e263f32f3	3.00	1
bc527a8cd181	5.00	1
bc66d0d7b622	9.00	1
bc671dd52672	9.00	1
bc6a8dd92f64	6.00	1
bc6bb8a3391e	9.00	1
bc6d017bd9da	5.00	1
bc6df65f80a8	9.00	1
bc7a48f71978	0.00	1
bc7aa78338f5	1.00	1
bc85bd6a9cf6	7.00	1
bc8d67dd07ca	3.00	1
bc9434924363	5.00	1
bc98d7afabff	9.00	1
bca08e47d180	3.00	1
bca42def31eb	9.00	1
bca53f17da3d	4.00	1
bca7083903ad	5.00	1
bcabf26d4b16	6.00	1
bcc1299d5069	8.00	1
bcc5dce94d29	7.00	1
bcd48adaba16	5.00	1
bcdd485acf9f	6.00	1
bceb8429de94	4.00	1
bcec72bb2e0c	7.00	1
bcf3f6974174	10.00	1
bd0cd3319311	2.00	1
bd1a6a9a138f	6.00	1
bd1afa2218d1	3.00	1
bd2b4162b459	7.00	1
bd2e3f020bad	9.00	1
bd628e7f5aa9	9.00	1
bd71e1df2745	3.00	1
bd72749b2578	1.00	1
bd72a04b71b9	7.00	1
bd82a3f79617	9.00	1
bd85508bba51	1.00	1
bd864da79a7d	9.00	1
bd8808f80a25	9.00	1
bd984aac2bf2	5.00	1
bd9d9a317a92	9.00	1
bda68bbb530b	3.00	1
bdb0f5d378b9	2.00	1
bdb1bee230e6	2.00	1
bdb5330361b2	7.00	1
bdb5b39fb2f0	2.00	1
bdb74da02b36	10.00	1
bdbaf650c73b	3.00	1
bdbe08f1994e	2.00	1
bdc0fa191b68	3.00	1
bdd9f018b09e	3.00	1
bddd047308ab	7.00	1
bde390c5d6ad	9.00	1
bdecb77c0e39	1.00	1
bdf24c28614e	9.00	1
bdff97349368	7.00	1
bdffd55a572d	4.00	1
be00994f4c99	6.00	1
be011c71a825	2.00	1
be0fb711b8be	0.00	1
be132d190a4c	9.00	1
be139bffd3fa	5.00	1
be20d24183ff	8.00	1
be2667d5bb93	1.00	1
be2718e07185	5.00	1
be37ed49d092	5.00	1
be37ffdfad8d	8.00	1
be4199755393	9.00	1
be437433693b	2.00	1
be4db615686d	1.00	1
be5b4782044d	9.00	1
be60a342dad8	5.00	1
be698dc5d84d	7.00	1
be72a009793d	9.00	1
be777b476be8	2.00	1
be7c53f2ed91	5.00	1
be82760d6b97	2.00	1
be8e3ea3afcd	9.00	1
be95da443863	8.00	1
be9edc983e1f	4.00	1
bea0294bc287	1.00	1
bea2c2b72675	5.00	1
bea57c38d917	9.00	1
beb13c70d143	5.00	1
bec823b7adbc	1.00	1
bed42830591d	1.00	1
bed843782eae	1.00	1
bede218f2ad6	7.00	1
bedf1f7ce314	1.00	1
bee2553cf2ad	7.00	1
beebd71f0de4	9.00	1
bef8d570261b	7.00	1
befa2879b6c8	5.00	1
bf06cec78027	2.00	1
bf0fd82eb4a0	5.00	1
bf1eba6f67a5	5.00	1
bf221519f342	2.00	1
bf2267aed003	4.00	1
bf229bb5cd77	3.00	1
bf314e7b63a5	3.00	1
bf33b52dc3be	5.00	1
bf362d80a34c	7.00	1
bf39266e96e1	9.00	1
bf4067ccd652	5.00	1
bf414a0eb744	7.00	1
bf529786ad5a	4.00	1
bf5d3082c388	7.00	1
bf69c8fce1df	8.00	1
bf6f2cf7b0f1	5.00	1
bf74eabbc405	7.00	1
bf77f8f800dc	9.00	1
bf7fe92c779f	5.00	1
bf856b3685c2	6.00	1
bf9bfd6252f2	5.00	1
bfaa236909e0	5.00	1
bfaf7d90ffd2	6.00	1
bfc1f185d406	7.00	1
bfd0a56b03b8	7.00	1
bfd681aeb11d	2.00	1
bfdd7fac54f2	8.00	1
bfdf00cbb456	5.00	1
bfe7279c5cfb	1.00	1
bfed04b10c01	1.00	1
bff2bc198442	2.00	1
bff6d8896be9	7.00	1
bffa242f0fd8	4.00	1
bffa86c36b12	1.00	1
c005bb56e605	7.00	1
c0236a7ecf2f	4.00	1
c026ed95b28f	8.00	1
c02aabd6ed49	1.00	1
c02d1a44c9da	0.00	1
c02d5a1824d7	9.00	1
c035af3053c0	7.00	1
c036b0aef024	6.00	1
c04243fa9d4d	9.00	1
c04406af3d56	8.00	1
c0486bfd6685	7.00	1
c05375dc2f36	1.00	1
c0547c8ca874	7.00	1
c0555745b3c1	3.00	1
c0613eb0f499	9.00	1
c063149429bb	7.00	1
c073a383dd48	8.00	1
c086663a1e6f	7.00	1
c092d5d202ff	3.00	1
c097da8d9221	5.00	1
c09ee079ff23	5.00	1
c0a28110c42e	5.00	1
c0a4e1be088f	1.00	1
c0a9f2be159d	5.00	1
c0aaa756a0eb	1.00	1
c0bfe8dd4318	3.00	1
c0c5ca64a6f1	10.00	1
c0c77cbbcffb	4.00	1
c0cc5b069f29	7.00	1
c0cca9abc76d	5.00	1
c0d1929dab8f	9.00	1
c0d56d88504c	5.00	1
c0d935fcde42	9.00	1
c0dfd1b1fd70	7.00	1
c0e4cf77a8f9	5.00	1
c0eabed3c5ed	3.00	1
c0f2aad487db	0.00	1
c0f74b98dafe	7.00	1
c0fd3dc736fe	1.00	1
c0fe3167934d	5.00	1
c103a8da2406	3.00	1
c1064158eae0	9.00	1
c11517ea5cdb	9.00	1
c11ac18774c8	7.00	1
c132c402cb26	4.00	1
c148a665c486	7.00	1
c15dc6f672e9	2.00	1
c164bf1d9e3e	8.00	1
c18d6576ba4e	1.00	1
c1a8e3205dd4	5.00	1
c1af2776f274	5.00	1
c1af7dcb2a57	5.00	1
c1b0dbfcfe5a	6.00	1
c1babee3624d	5.00	1
c1be879177a1	7.00	1
c1bea5035e1a	4.00	1
c1cb33494084	5.00	1
c1d3b91f7460	3.00	1
c1d6319561ad	1.00	1
c1d973783bed	8.00	1
c1e16666ce35	5.00	1
c1e27f93af4d	1.00	1
c1e4b1b27607	5.00	1
c1f4f3501fe1	5.00	1
c20346e4e2eb	5.00	1
c206fea4d4e4	3.00	1
c20e7f97ab5e	7.00	1
c212271989af	8.00	1
c21e4160ef60	5.00	1
c2202d50a5d0	5.00	1
c2207e1e9b89	9.00	1
c22554dae132	8.00	1
c23630698d73	7.00	1
c240cbdb71ed	8.00	1
c24277f369ad	2.00	1
c24644677f0e	1.00	1
c25493c4fae3	3.00	1
c259e1c1ff4b	7.00	1
c25f8763f112	7.00	1
c2679fb1c70f	5.00	1
c2728fd5edfe	5.00	1
c2796ff840c1	5.00	1
c287e0e5cbbe	7.00	1
c28a03afbf7e	0.00	1
c28b6c3a8065	8.00	1
c29ee2a707df	3.00	1
c2a3ce313ee2	5.00	1
c2a85b4f0723	3.00	1
c2af0c52084f	8.00	1
c2b234fe3264	9.00	1
c2b299b4cf55	1.00	1
c2b57526caa8	1.00	1
c2beb4e0840c	5.00	1
c2c01a98b09d	2.00	1
c2c1cb2d8919	1.00	1
c2c4464c241a	6.00	1
c2cb6063e9d0	5.00	1
c2d082a57cfc	1.00	1
c2d763f306be	10.00	1
c2ec44d8143e	9.00	1
c2fb0f28fbf2	3.00	1
c3098ae7d689	7.00	1
c31684d17cfc	4.00	1
c316ec58e063	1.00	1
c3172603a17f	5.00	1
c31a1ac2da1a	8.00	1
c337ddb871bc	9.00	1
c339ab99547d	5.00	1
c33a989039e2	5.00	1
c33da36aab6f	8.00	1
c34f0a2f5ec9	3.00	1
c352d2fa9c6d	0.00	1
c35a4d624874	7.00	1
c3633bbbd686	5.00	1
c3638d945b54	5.00	1
c36d6e87ef3c	7.00	1
c374d3204ed0	2.00	1
c37c0bf143d9	3.00	1
c37c4c96d071	9.00	1
c391ec495eee	5.00	1
c393a3c8ec34	7.00	1
c3983e25d176	8.00	1
c3a682966db6	0.00	1
c3aa2066d658	0.00	1
c3c02c8cba40	9.00	1
c3c1ffd4243b	7.00	1
c3c80e2bc3b2	3.00	1
c3ca121f3f53	8.00	1
c3cdb46bb1cf	5.00	1
c3cdecf621c2	5.00	1
c3ddecd21499	8.00	1
c3e2df07d13f	1.00	1
c3f107e787ec	1.00	1
c3f37586ecb9	3.00	1
c3fc47d9b188	1.00	1
c408f76c5bbd	9.00	1
c41057503b53	3.00	1
c41456413c51	2.00	1
c4170c6a581d	9.00	1
c423361bf43e	9.00	1
c42977204da3	2.00	1
c429ea08eaa7	7.00	1
c42b7ee556dd	8.00	1
c42e95b4288a	9.00	1
c4301dd4cc57	4.00	1
c430e4ba70e3	1.00	1
c432c1f59a41	3.00	1
c436ef1b4cc1	2.00	1
c43ced679eb4	8.00	1
c445c69d54d2	7.00	1
c44bbb53ada3	6.00	1
c45338982c32	2.00	1
c457a5fec401	7.00	1
c45a04a46101	4.00	1
c45f7329f263	3.00	1
c46548f6090d	9.00	1
c4657ab8196f	9.00	1
c46670c507f2	6.00	1
c467b65b31ab	5.00	1
c4740bdf628b	3.00	1
c478c72ca924	2.00	1
c47c2362d629	3.00	1
c47d20b11163	9.00	1
c4830f7e5640	1.00	1
c48bd1bfb578	8.00	1
c48ce063b83e	9.00	1
c4900de0f23f	2.00	1
c4916b5c4b7c	8.00	1
c49794389d85	7.00	1
c4ac011a7ba3	5.00	1
c4b25915e22e	8.00	1
c4bb6efd4b45	3.00	1
c4d14ac31a1e	2.00	1
c4d79202ffe7	1.00	1
c4e457395278	5.00	1
c4eaea8414f4	8.00	1
c4eb027d4c06	6.00	1
c500a84d1d21	9.00	1
c5055f1b4f8c	8.00	1
c5088ba79dbd	2.00	1
c50f40bf6971	5.00	1
c512fe276c80	2.00	1
c51c907a7aea	9.00	1
c51cb1eac561	1.00	1
c529f7b574d6	1.00	1
c52f1cefd239	7.00	1
c53b55686112	7.00	1
c54172d1c4ee	5.00	1
c546868f348e	2.00	1
c5529b251b48	3.00	1
c554b4970081	9.00	1
c555ada7afd9	9.00	1
c555d38aa076	1.00	1
c55945a14669	7.00	1
c563db392ae5	10.00	1
c56569131699	3.00	1
c56b046362f5	7.00	1
c57146f6d4b3	1.00	1
c57e334ec11d	5.00	1
c58193240634	5.00	1
c584a969df1c	3.00	1
c592d6aad142	6.00	1
c597c730c0cf	5.00	1
c59c54f77673	2.00	1
c59edb2d2f8f	10.00	1
c5a172d55ff6	1.00	1
c5a84a170f34	2.00	1
c5a99af9dc96	1.00	1
c5a9b6155833	5.00	1
c5afffe88acf	8.00	1
c5b585a645ab	5.00	1
c5b5c9ba5dbc	2.00	1
c5b5e2933932	4.00	1
c5c2c1ac9499	10.00	1
c5c92b9b8e87	3.00	1
c5ceb4ce6549	0.00	1
c5cf0ad41028	10.00	1
c5d10118e34b	7.00	1
c5d3086d48c2	1.00	1
c5d472022b1d	1.00	1
c5d47c73f21c	5.00	1
c5e06be51f4b	7.00	1
c5e4cc6470d2	8.00	1
c5ea501e48e9	8.00	1
c5eb2c36896e	1.00	1
c5ee40e6346d	0.00	1
c5f03187a159	4.00	1
c5f17bad70e9	1.00	1
c5f2a1aa9e2e	9.00	1
c5f5c3391347	5.00	1
c5fc3b86ea4a	5.00	1
c609dc69b235	1.00	1
c60a8e795fcb	5.00	1
c61cef799198	8.00	1
c627a4c4f508	1.00	1
c6299275b69b	7.00	1
c62a72225ee8	3.00	1
c6346c135a50	9.00	1
c63aada5da74	9.00	1
c63abe70e92b	3.00	1
c6422c5c17d7	3.00	1
c644fa918a6c	4.00	1
c648322bcd17	8.00	1
c64cedb9ae89	0.00	1
c64e137c286c	0.00	1
c670135e17f6	5.00	1
c6812a6bcc58	8.00	1
c68a63bfc6a3	5.00	1
c68b5f45cd1a	5.00	1
c691d712ba14	9.00	1
c6a340ddd051	2.00	1
c6a4249a2bc1	1.00	1
c6a63a89911c	0.00	1
c6b0af5aa79d	6.00	1
c6b3360a4355	9.00	1
c6ba86a07050	8.00	1
c6c3cce14497	7.00	1
c6c412bc4003	8.00	1
c6c4c3ec32f6	5.00	1
c6c9757e3fcf	8.00	1
c6d16dfb05e1	5.00	1
c6d16f4a06a1	0.00	1
c6e5bea96461	5.00	1
c708364a8e81	9.00	1
c70db3cb7ae1	4.00	1
c710fd537c80	3.00	1
c7114526cf19	9.00	1
c7217ca88e85	1.00	1
c726ed12e4f9	5.00	1
c7271a181819	7.00	1
c729f5296184	4.00	1
c72f036b0ac2	8.00	1
c73ae97f4c93	9.00	1
c73ec42b97a6	8.00	1
c748621ccc40	5.00	1
c74ae177f1f6	5.00	1
c7517be919d7	9.00	1
c75e88bbbf40	2.00	1
c76eabe6bed2	9.00	1
c7740bdb3918	9.00	1
c77f13fb50e0	5.00	1
c7833a4802be	0.00	1
c78434d01ece	3.00	1
c784e59708b0	9.00	1
c7879b747ebe	6.00	1
c7a69c7a55b0	7.00	1
c7c1ec6e0d0a	2.00	1
c7c7a3ea0daa	7.00	1
c7d53354a8cc	8.00	1
c7d7122b735b	5.00	1
c7e46e81ba9a	7.00	1
c7eec8010848	5.00	1
c80769a6547c	1.00	1
c80a1e31d571	5.00	1
c81262031ec0	2.00	1
c812fec4d10e	9.00	1
c816e41e2331	3.00	1
c818ac02ec8c	3.00	1
c81c9765c222	8.00	1
c82870980a93	5.00	1
c8311d174278	7.00	1
c835ea781efe	0.00	1
c83ffc2b0e74	8.00	1
c8464165ffa1	2.00	1
c848211298b9	5.00	1
c8639c9be5f7	0.00	1
c86ce99c140a	9.00	1
c86eedee959f	5.00	1
c86fa5d9da3b	0.00	1
c881f759c972	4.00	1
c881f988380a	6.00	1
c890b40304c9	4.00	1
c89a9c61c1b4	1.00	1
c89b64c0a16e	5.00	1
c8b1405914f3	8.00	1
c8b2996eb658	7.00	1
c8d18bd29f9f	2.00	1
c8d41482fe9d	0.00	1
c8f402684521	7.00	1
c8f81a15fa87	7.00	1
c8fba9ca4644	4.00	1
c9049e658c83	7.00	1
c92a6e6c81a6	5.00	1
c92f5a416ce5	8.00	1
c935e0a95945	7.00	1
c93bcee3aa7b	4.00	1
c9580043f69f	8.00	1
c95daaacd149	9.00	1
c962a88ee976	9.00	1
c963d38b0517	5.00	1
c96b52bc1618	3.00	1
c9921ffada34	7.00	1
c9a270653f71	3.00	1
c9a80a22d625	8.00	1
c9b7b907c6d4	5.00	1
c9c7d2d323e5	5.00	1
c9cf1d1a5868	3.00	1
c9d0adcc9d4f	8.00	1
c9d2144871e2	4.00	1
c9d35a91347e	3.00	1
c9e264a118fb	0.00	1
ca0b94f73e26	8.00	1
ca1a1154c7ab	10.00	1
ca25916a2b33	5.00	1
ca2b0cffb5ff	8.00	1
ca2f97bb3c7e	9.00	1
ca382b5de636	3.00	1
ca39cafcc17a	8.00	1
ca3dad8c8eaa	3.00	1
ca3f5dcd50a4	7.00	1
ca400b837219	5.00	1
ca46e0ca7cb5	5.00	1
ca61880f7f85	2.00	1
ca685a5cc562	9.00	1
ca6c76879c54	3.00	1
ca6cb172b65c	3.00	1
ca784a69e5e4	2.00	1
ca789f6fc80f	0.00	1
ca7ef60e18af	5.00	1
ca84a143617d	4.00	1
ca86bbc56538	1.00	1
ca8b90588530	7.00	1
ca8d58a323cf	5.00	1
ca8f11859e4b	5.00	1
ca926fca0244	9.00	1
ca92c4e2c772	2.00	1
ca93a2e6927e	9.00	1
caa180ec2a3d	5.00	1
caae6d14caf8	7.00	1
cab3420948e0	5.00	1
cab4c6aae4e0	6.00	1
cab538cd8273	7.00	1
cab5a5217f23	9.00	1
cab813d09f9f	3.00	1
cac0087e25aa	5.00	1
cac283023877	8.00	1
cac8af9d6694	2.00	1
cad4b7cb6e73	9.00	1
cad862fb7074	9.00	1
cae1de3985ae	7.00	1
cae89b5823d2	3.00	1
caea51b27948	2.00	1
caf74c255563	1.00	1
caf8877646f4	7.00	1
cb01fc486dbb	7.00	1
cb048f406e0b	5.00	1
cb15136f9e9d	9.00	1
cb225090eef6	1.00	1
cb2ea4de4596	3.00	1
cb37553ce75e	1.00	1
cb3eb129bc87	7.00	1
cb42f8f987d7	2.00	1
cb5b671b7fa9	5.00	1
cb6c33ae5da4	9.00	1
cb8bad308ed6	10.00	1
cb8bed5923a0	7.00	1
cb8e5a2fcc01	3.00	1
cb9367450328	5.00	1
cbaf8adcc1da	3.00	1
cbb2626951b9	9.00	1
cbb381ef5f98	7.00	1
cbbd660a3071	7.00	1
cbc289e1e297	5.00	1
cbda32e391b7	5.00	1
cbe654d89124	9.00	1
cbe81c3ef83c	4.00	1
cbfe0dea7e07	5.00	1
cc08375a85f5	7.00	1
cc0ae457e9f2	0.00	1
cc10371e7061	3.00	1
cc1890d28303	3.00	1
cc199169b258	5.00	1
cc1b76953c0b	7.00	1
cc1ce410588c	5.00	1
cc2151af818a	2.00	1
cc315158d7c2	7.00	1
cc3b32b0c4b2	2.00	1
cc41b094162a	5.00	1
cc56f196eb14	1.00	1
cc591e9cb079	8.00	1
cc5cce6dc6f3	0.00	1
cc6035bb4b94	4.00	1
cc62a32843e8	5.00	1
cc63551f21cf	3.00	1
cc6ac2b6bf82	3.00	1
cc6ffdc6f0dc	8.00	1
cc76340c04bd	3.00	1
cc76cf06d58b	6.00	1
cc7a0fbe0e2c	5.00	1
cc868d5c89f9	4.00	1
cc8a9698b514	7.00	1
cc8ac583f05c	7.00	1
cc9f2fb6c440	1.00	1
cca94c4b26a9	5.00	1
ccafbf385eea	5.00	1
ccb2830f0b96	9.00	1
ccb30fc26c30	0.00	1
ccc21b457307	1.00	1
cccd8691ffd8	6.00	1
cccda93668df	9.00	1
ccd0202e7b8e	1.00	1
ccd7c3ee82c0	9.00	1
ccd8a2801c88	1.00	1
ccd8ac04aee3	1.00	1
cce81e8faebe	2.00	1
ccee8d0b105a	3.00	1
ccf588fa16df	4.00	1
cd0068809afc	5.00	1
cd12c0454d93	3.00	1
cd1d06c2ddd3	7.00	1
cd264c462a6f	1.00	1
cd28e12d5aa7	3.00	1
cd2ba5689455	9.00	1
cd2cb8458000	4.00	1
cd2cf64121cd	1.00	1
cd3272e6741f	3.00	1
cd36cb31ab3a	0.00	1
cd36de617868	3.00	1
cd39e9452d45	5.00	1
cd3c074f248c	4.00	1
cd3d8a13d3b3	2.00	1
cd47505d8b0d	7.00	1
cd49e81b5b8a	3.00	1
cd4d2438d336	3.00	1
cd54c5e05105	0.00	1
cd57764fa2b4	4.00	1
cd5cb0914c6e	1.00	1
cd5f77601c08	5.00	1
cd6088840233	3.00	1
cd63a0cea5d2	3.00	1
cd6518fb4cc3	5.00	1
cd728310621f	5.00	1
cd7914071c46	7.00	1
cd87bb75d405	0.00	1
cd8c3101819c	3.00	1
cd8dbedc67e4	9.00	1
cd9d4ef661c7	1.00	1
cda8d218925e	8.00	1
cdaf9089929b	5.00	1
cdbb957dc54e	1.00	1
cdc1a40481ca	4.00	1
cdc1ca9e696a	5.00	1
cdc4546b027d	0.00	1
cdc61b284fef	7.00	1
cdc6a07c5db4	5.00	1
cdc769458c8c	9.00	1
cdc88c08a22f	1.00	1
cdc9e8586400	1.00	1
cdcbc1599052	5.00	1
cdd0f462629f	5.00	1
cddaf6489eaa	2.00	1
cddb3faed8f8	7.00	1
cde05c26543d	9.00	1
cde4563d2b9c	3.00	1
cde6396bc3f9	5.00	1
cde9e08fbe96	8.00	1
cdec4a6471d3	4.00	1
cdecd27db3ae	7.00	1
ce003ed8a5ae	3.00	1
ce01695a8d5a	5.00	1
ce0cd70803a6	9.00	1
ce24e324a0a7	4.00	1
ce267a03aaed	9.00	1
ce298ad24f6c	7.00	1
ce2f2fa6445a	9.00	1
ce5b08587daf	6.00	1
ce62a5def6b2	3.00	1
ce633ab30613	5.00	1
ce6d2d68efb8	3.00	1
ce6e9bbce7c7	5.00	1
ce7bda5d7316	5.00	1
ce80aae34da7	9.00	1
ce83b2a857a0	8.00	1
ce8b293e176b	6.00	1
ce9ac8ab2ebd	9.00	1
ce9f4f3a7fcd	8.00	1
cea0d2a8575d	9.00	1
ceaec724c08c	8.00	1
ceb61bde673c	6.00	1
ceb6e137e031	5.00	1
cec3ffbee90f	1.00	1
cecc84f50da5	7.00	1
cecd825498f5	6.00	1
ced20c7051e9	2.00	1
ced50a630dd4	2.00	1
cede020910cf	1.00	1
cedf3bc78107	2.00	1
cee0eb9a4290	9.00	1
cee7bdcf67cf	9.00	1
ceedf1341193	3.00	1
cef573535211	4.00	1
cef5e874b00b	3.00	1
cef8f03ac4bf	3.00	1
cf0183209769	8.00	1
cf027bdd8833	9.00	1
cf08fcbd274d	7.00	1
cf0bd94d097e	2.00	1
cf134fa39cd7	5.00	1
cf1716ebcf8a	2.00	1
cf193fd63096	2.00	1
cf1b492d8dc9	9.00	1
cf1cfa109b13	7.00	1
cf203552e6e6	3.00	1
cf212baf9cda	7.00	1
cf2392bd8981	5.00	1
cf23f8e2f1f8	8.00	1
cf240481f4cd	5.00	1
cf2a195d809b	7.00	1
cf304a8745f1	3.00	1
cf3769639b9c	3.00	1
cf3f16cddaff	8.00	1
cf4cfcf38749	1.00	1
cf532a894872	4.00	1
cf5997921e9e	5.00	1
cf671e580804	2.00	1
cf676cbff980	6.00	1
cf67ac086eed	2.00	1
cf6d7dc5b21b	9.00	1
cf7a5382f266	5.00	1
cf82ec3f9531	3.00	1
cf8493e3338c	5.00	1
cf921a1a3699	5.00	1
cf92ce23c9fe	1.00	1
cf92ef22f100	4.00	1
cf92f93341b5	7.00	1
cf9b22df0bc4	4.00	1
cf9f2c760279	3.00	1
cfa6cd9ab181	5.00	1
cfaea1e457be	10.00	1
cfaf07624bfd	8.00	1
cfaff50c39b5	2.00	1
cfb09334813b	5.00	1
cfb1c775cbb2	9.00	1
cfbae8898711	9.00	1
cfbb8b33774b	1.00	1
cfbf7a46a9ad	3.00	1
cfc18e72a22c	8.00	1
cfc21e4ee0d3	7.00	1
cfc2db81a0c3	4.00	1
cfc9ed5f96a8	5.00	1
cfc9f2674adc	7.00	1
cfcb363f39cc	5.00	1
cfcb9f5b888b	7.00	1
cfce97d108ff	6.00	1
cfd4b842b64d	6.00	1
cfe82ae8e437	3.00	1
cff3de97869e	7.00	1
cff5aab78200	5.00	1
d009fb8e2572	6.00	1
d00b322e85bb	4.00	1
d00ceabd9ee6	3.00	1
d017fb6e5e05	7.00	1
d01c75408530	2.00	1
d01fba3694c6	9.00	1
d0205c7695a2	9.00	1
d02cc2eb8517	9.00	1
d02ff532c4b5	8.00	1
d03e88de0750	1.00	1
d049f7ad9565	7.00	1
d04b264569f6	1.00	1
d04d94547f32	0.00	1
d04df93b67fc	3.00	1
d05e7dcc603b	9.00	1
d078b14e448a	2.00	1
d07c685006fe	1.00	1
d07e91c2227b	5.00	1
d084bc97b87e	9.00	1
d09b6cf96569	3.00	1
d0a48e8dc355	1.00	1
d0b2db988992	8.00	1
d0c66ffa21c9	7.00	1
d0ebd8b63366	6.00	1
d0ece35eaa44	4.00	1
d0f517af4a8a	4.00	1
d0fa40c710ce	1.00	1
d0fcf42c723a	5.00	1
d0fede43b925	7.00	1
d105e831a464	2.00	1
d10ae1582b22	1.00	1
d111426d5f3f	3.00	1
d11a86a5914b	2.00	1
d1239180e925	1.00	1
d127b496c587	8.00	1
d12a2638f0bf	7.00	1
d12b7b40c565	7.00	1
d139ad64b898	1.00	1
d14ee60218db	7.00	1
d1554d99a309	1.00	1
d157e4161bef	7.00	1
d16548842603	0.00	1
d16fa8464ec5	3.00	1
d17212c782f3	9.00	1
d176170f3520	1.00	1
d17c1e3a495d	0.00	1
d17ffcf9df30	9.00	1
d1822a2d8666	0.00	1
d1843292d6e5	8.00	1
d18a6eedc6fb	3.00	1
d18f45de17df	2.00	1
d1921ed59a1a	9.00	1
d1a8f7376648	9.00	1
d1aa3b668a3f	5.00	1
d1ab255757e0	2.00	1
d1be88b40ca4	1.00	1
d1c30601a0ae	8.00	1
d1c3af447b48	9.00	1
d1c81277789d	9.00	1
d1cf60c7ccf9	7.00	1
d1cf920907b1	5.00	1
d1d119fc05c1	1.00	1
d1d7c8fc7f5b	5.00	1
d1e174a22d3d	7.00	1
d1eedbf70886	4.00	1
d1f20bd232e6	9.00	1
d20469ad6b5d	4.00	1
d20aaedd5fcb	7.00	1
d20f6ad332b7	9.00	1
d210fb100ea1	8.00	1
d21c124f060a	0.00	1
d21f31e06f9d	5.00	1
d229eb245c9d	1.00	1
d248289ca3aa	3.00	1
d2529935c953	4.00	1
d25520827a36	1.00	1
d256e196e0ff	5.00	1
d259f6671c2c	7.00	1
d25e60bcedcb	7.00	1
d266870b998d	4.00	1
d27099c293b4	7.00	1
d279c167c585	7.00	1
d290f1d59df9	9.00	1
d29aead30746	5.00	1
d29be8f575ea	7.00	1
d29f484ef96b	6.00	1
d2a387ffc47e	3.00	1
d2a4afa51381	7.00	1
d2aae2d3338a	9.00	1
d2b18a018862	7.00	1
d2ca5b6cc012	9.00	1
d2ca67750a31	5.00	1
d2cae329d37c	9.00	1
d2d168793092	2.00	1
d2dec9675baf	5.00	1
d2e2b1689732	1.00	1
d2f21bb59898	5.00	1
d2f3ea14df58	3.00	1
d308df844255	5.00	1
d3111cbc8766	1.00	1
d3174d5be108	5.00	1
d31a0e6d1d46	1.00	1
d324caa18c58	4.00	1
d32a29c01106	0.00	1
d338c7cbf78c	10.00	1
d3636ba42a12	5.00	1
d37f4a6d4922	5.00	1
d384c806d958	1.00	1
d38cea5a7ad5	3.00	1
d396b92062d1	3.00	1
d3987009be68	8.00	1
d3a262bd9a82	7.00	1
d3a4527109e7	5.00	1
d3a5b1c7327a	5.00	1
d3b03f24d55e	7.00	1
d3b48fc2eabb	9.00	1
d3b59f3d210b	5.00	1
d3bc72771256	9.00	1
d3be24344b50	9.00	1
d3bf6e99107a	4.00	1
d3c46110ca72	9.00	1
d3d29f3eb30d	9.00	1
d3e1a538c5eb	7.00	1
d3e5a377650a	0.00	1
d3ec0ce24ac0	7.00	1
d3ece399a9ba	7.00	1
d3f48e998b05	3.00	1
d40053e80a2d	2.00	1
d4083705f1b7	5.00	1
d40eecaa9990	4.00	1
d4174f1fcd14	4.00	1
d41763b9c08a	7.00	1
d42e338a4b6e	7.00	1
d43975d34378	5.00	1
d43a2f56d4df	8.00	1
d43f24452f1b	3.00	1
d450dc1ab937	7.00	1
d4573bcc6fc0	3.00	1
d45a1887e9cd	7.00	1
d45a71d6ca27	9.00	1
d46638979549	1.00	1
d4687dc0b41d	5.00	1
d469ad6c6872	2.00	1
d46d1f3e1144	6.00	1
d46d6d7f6081	5.00	1
d47bf252b93e	2.00	1
d488005cc7a6	4.00	1
d488311e2a07	2.00	1
d4899d591033	5.00	1
d490d3b49e9c	7.00	1
d49bb775d34e	3.00	1
d4b810a5e2dc	7.00	1
d4d87c5a4950	1.00	1
d4e9c28d5c24	5.00	1
d5063d7e9fd6	8.00	1
d50769c32767	2.00	1
d513fd5be4ff	1.00	1
d51576d32422	9.00	1
d516fe526dd3	8.00	1
d51f27cd7934	7.00	1
d5207b405d7f	2.00	1
d5256595c304	3.00	1
d536e0aec324	5.00	1
d54f9b11ab4a	6.00	1
d54fa2978bff	7.00	1
d5500de58746	9.00	1
d559c5069065	2.00	1
d56b90c34068	0.00	1
d56bff1629df	0.00	1
d56da47c097a	8.00	1
d57cfe4020e8	7.00	1
d57f3945ea46	5.00	1
d594bc143757	3.00	1
d5ab90236f36	9.00	1
d5ac9c63d4f7	9.00	1
d5b1f78052e8	3.00	1
d5b3784bb1c1	1.00	1
d5b6890f07eb	4.00	1
d5b6b15cff9e	3.00	1
d5d03c2fbe3b	4.00	1
d5d9c788346a	1.00	1
d5e041791f38	5.00	1
d5e3752bccb7	9.00	1
d5e7389fe7e1	9.00	1
d5eb36f57d59	9.00	1
d5f123403052	6.00	1
d6011fefcc8d	3.00	1
d60262cf803d	9.00	1
d6057d975a27	4.00	1
d605d688c498	7.00	1
d607fa1a1dc8	7.00	1
d6089ee82593	0.00	1
d6092d0c5900	5.00	1
d613feed3941	6.00	1
d61487f2ec3c	7.00	1
d62522af17f1	5.00	1
d628a2b3ccaf	5.00	1
d636fa9e0100	5.00	1
d63a0cfffb35	7.00	1
d63a7395001c	3.00	1
d63d8b4ddc59	5.00	1
d63e30cce2b0	5.00	1
d64878be048f	6.00	1
d64a7087923c	0.00	1
d64bca3c3f73	7.00	1
d64c703add66	5.00	1
d64ddec410b1	9.00	1
d659427b4691	9.00	1
d6599f8610eb	8.00	1
d65b60cbb9d5	6.00	1
d671342f451c	3.00	1
d6796c6ed07c	8.00	1
d679769dd716	8.00	1
d67c9582889d	7.00	1
d681863eb151	2.00	1
d68244dd76f8	3.00	1
d689da999e0c	9.00	1
d69b959d4c52	8.00	1
d69d817c59ac	2.00	1
d69f79d6f056	7.00	1
d6b5b76f7d96	9.00	1
d6b744ef7ff4	6.00	1
d6b8e025a8d8	7.00	1
d6c61612cb3b	1.00	1
d6d071189dc0	1.00	1
d6f7aa2be36f	6.00	1
d6f7cac7beea	0.00	1
d6ff6811f5fc	3.00	1
d704040c004b	8.00	1
d7050aeea2b5	7.00	1
d70dec3a2f16	4.00	1
d711c07a2e34	5.00	1
d7126c9d7dea	1.00	1
d713090c9b93	2.00	1
d7148021fa08	8.00	1
d716cf137d18	2.00	1
d71e49b60501	4.00	1
d722260bb527	7.00	1
d7230af719cf	2.00	1
d72786592d99	8.00	1
d72aa8caed48	8.00	1
d749e2082e61	0.00	1
d754edb66077	1.00	1
d7560a55b74b	2.00	1
d7593feb9437	9.00	1
d75947e9f02e	9.00	1
d7609df19026	5.00	1
d763794fd932	9.00	1
d76dc4153f5c	2.00	1
d7759adedee4	2.00	1
d77c0eb4ecee	6.00	1
d781d0693def	8.00	1
d78c3cb97eae	4.00	1
d78da5ed94f6	7.00	1
d78e7f5345aa	5.00	1
d7905c8655da	7.00	1
d791ea705a71	1.00	1
d7947f52973e	0.00	1
d794b2b33619	5.00	1
d7976eee1467	8.00	1
d7a2fa80bdea	2.00	1
d7a5e350b471	9.00	1
d7ab8463fbbf	8.00	1
d7ad22188882	2.00	1
d7ae254440df	1.00	1
d7ba610ee3ca	0.00	1
d7c3e0f0252e	4.00	1
d7c4357a2e95	9.00	1
d7c7a8472415	5.00	1
d7ca95df0ae7	9.00	1
d7cf493286ab	3.00	1
d7e7fe1d90e9	7.00	1
d7ea1efbb803	9.00	1
d7ea9585a029	1.00	1
d7f81e1949b7	7.00	1
d7f8b51e6283	7.00	1
d80038b9c32d	5.00	1
d80cad41b08e	5.00	1
d819b3f71a47	9.00	1
d820bc7a46b8	4.00	1
d826d20a10f0	1.00	1
d82976c9d9bf	0.00	1
d82ee60ad3ef	1.00	1
d834d07be460	7.00	1
d8399d129115	1.00	1
d83ee3b1f37b	1.00	1
d8517365acc3	7.00	1
d8523606bf21	2.00	1
d852cdc6bdc7	5.00	1
d854d7c6aa79	5.00	1
d85591e790ef	5.00	1
d8571d5a5367	5.00	1
d85db6de16bf	9.00	1
d86abc83b355	7.00	1
d86d4a15e032	4.00	1
d86fd1ecae00	5.00	1
d88644da8fd9	3.00	1
d88e0004773b	5.00	1
d89369fa9e61	7.00	1
d89725d4506d	5.00	1
d897c92fb01d	3.00	1
d89b78c6725b	5.00	1
d8b9f3a5d741	8.00	1
d8bde2337da9	7.00	1
d8c66ddf3d93	3.00	1
d8cdee9e1a91	7.00	1
d8cf82a3274b	7.00	1
d8d1928eb208	0.00	1
d8d4594f4d7b	7.00	1
d8e3a5f03af1	6.00	1
d8f06a72fc64	7.00	1
d8f30105f06d	3.00	1
d8f43205517d	8.00	1
d8f4fcb67eaf	7.00	1
d8f63f6ef8b8	2.00	1
d8f84177db49	1.00	1
d8fd33e66fb1	8.00	1
d8fd7de514bb	2.00	1
d900e1fc2acc	3.00	1
d916045fe080	5.00	1
d919df4f9c56	7.00	1
d91a114ec68f	4.00	1
d92aa0179c68	0.00	1
d93288d2ed82	8.00	1
d9362ffcb9cf	4.00	1
d93a91331442	8.00	1
d93f07cde10f	8.00	1
d94033d64377	8.00	1
d943ad5076ed	1.00	1
d94b048692ae	7.00	1
d953553e9889	9.00	1
d955326444e8	0.00	1
d966085374af	5.00	1
d967301a59a5	3.00	1
d96c172b735c	1.00	1
d96e720442b2	4.00	1
d96ed0448d35	8.00	1
d977d8b4b501	3.00	1
d979ca66e6e4	3.00	1
d97b72d0e107	5.00	1
d97dba101b5f	5.00	1
d9862de13024	6.00	1
d99b88b3b5ea	5.00	1
d9a060162c67	5.00	1
d9a59c031f35	9.00	1
d9aa16214610	2.00	1
d9b5c46035ea	1.00	1
d9bcb6456a82	7.00	1
d9c48c8481d8	7.00	1
d9ce6414184a	3.00	1
d9d3ef1af9e3	2.00	1
d9d5ac010ce2	5.00	1
d9d84c5d1bc6	4.00	1
d9de261108e6	1.00	1
d9e0c0b35827	1.00	1
d9e352a23840	2.00	1
d9e70e46c994	4.00	1
d9e7bd0d06b5	1.00	1
d9ea733985f6	9.00	1
d9ed0509c4ac	5.00	1
d9f0c9006a0f	2.00	1
d9fa6aa80e2c	5.00	1
da002ddefcdb	1.00	1
da0127725633	9.00	1
da023e537870	9.00	1
da08f5063aa4	5.00	1
da0eb0bbb210	8.00	1
da0f2e9654ef	5.00	1
da13ec5a3e81	3.00	1
da16f355a54a	2.00	1
da17006300e8	6.00	1
da24481265b4	9.00	1
da26ab527e4a	2.00	1
da32544286d5	6.00	1
da48582009c2	7.00	1
da52a7250815	9.00	1
da56621de645	2.00	1
da5b7f1e3540	5.00	1
da5f8241783f	4.00	1
da6b0959591c	9.00	1
da6b5275a971	3.00	1
da737ba46505	1.00	1
da7ab217b185	5.00	1
da7d5f2362de	5.00	1
da931b1f5998	9.00	1
da9598ab2c3c	3.00	1
da96e18fc1ea	7.00	1
daa084309df5	7.00	1
daa67d07f27b	3.00	1
daac0bfdfd01	7.00	1
daadd36cfc0c	3.00	1
dab543f5d1dc	3.00	1
dab6c49349df	1.00	1
dab874d85933	1.00	1
dac0c2398cb7	0.00	1
dac104320fbd	3.00	1
dac12b103f2c	6.00	1
dacf27a2a0ef	3.00	1
dadcb5ae96a9	7.00	1
dafb64820106	7.00	1
dafcd4f3f138	5.00	1
db06ebfe1ac1	7.00	1
db0fe72b4b02	8.00	1
db17e23d73ec	5.00	1
db1853aa28ca	5.00	1
db1dc4efccb9	1.00	1
db1ef85b1fd6	5.00	1
db229d0c9528	5.00	1
db316c107670	9.00	1
db32c16fafaa	3.00	1
db42a4c5a2d0	5.00	1
db44fc3da265	0.00	1
db47a73151ac	5.00	1
db48b5669b50	2.00	1
db4d69842043	9.00	1
db5632f07879	5.00	1
db56ee97f1dc	7.00	1
db5f45a315f6	0.00	1
db60a0f6d660	5.00	1
db7d571d79a2	5.00	1
db84bbd9b39d	5.00	1
db8c3f2263ae	8.00	1
db8d5195b37b	8.00	1
db8f9a940df2	9.00	1
db9264ac3acb	5.00	1
db97a7771c95	9.00	1
db9c4b45413a	9.00	1
db9ccba19207	7.00	1
db9d5fcb716f	5.00	1
dba7500786e1	5.00	1
dbb6da643a1a	4.00	1
dbb9f823d95f	4.00	1
dbba9f429d95	5.00	1
dbc29eb11c19	9.00	1
dbc5bc64cd8d	2.00	1
dbccb2baa60d	7.00	1
dbd1f0c5d534	5.00	1
dbe9afe40a43	9.00	1
dbf6e056617e	8.00	1
dc001900dfea	7.00	1
dc0132a142be	2.00	1
dc059fccd7f1	0.00	1
dc0f042bc84c	9.00	1
dc18ab8cf73d	1.00	1
dc1e501e944b	0.00	1
dc24c02bdd5e	5.00	1
dc2aa3bae6c5	6.00	1
dc31f815c965	5.00	1
dc474e4e9f99	4.00	1
dc490a689020	9.00	1
dc51dcb8e799	5.00	1
dc68a96372c2	4.00	1
dc6a9e6d22a0	3.00	1
dc6e4768b680	5.00	1
dc7a2f4cd4a8	2.00	1
dc833bb1cc5c	7.00	1
dc87c8435f29	3.00	1
dc896b85ff50	5.00	1
dc8ba1b753e3	3.00	1
dc9469924cf4	5.00	1
dc9fa47619da	0.00	1
dca2da002583	2.00	1
dca842068678	8.00	1
dcac9e7ebcf8	2.00	1
dcb5f76f3ad9	4.00	1
dcb74ff01b7c	4.00	1
dcc984bd9258	5.00	1
dccb5dad88f8	5.00	1
dccfe5e3cc7f	5.00	1
dcd5f385f586	7.00	1
dcee50d05fa2	3.00	1
dceea19158ec	8.00	1
dcf55e0125eb	5.00	1
dcfbb6442212	0.00	1
dd139ced9f26	3.00	1
dd1be9d40426	7.00	1
dd2668fe3b24	4.00	1
dd269f55aad8	7.00	1
dd2fe8c9576e	5.00	1
dd316376778e	5.00	1
dd356b303221	2.00	1
dd36f666b214	8.00	1
dd4bf05d2666	0.00	1
dd515ba2e58d	0.00	1
dd604473a134	9.00	1
dd63f7e4b88e	5.00	1
dd667b06011f	7.00	1
dd73cc5d1c3c	5.00	1
dd7c8c7ffa29	0.00	1
dd7cc3c639dd	4.00	1
dd7fa8316f9d	4.00	1
dd90af97e7ce	7.00	1
dd96f6c8c8fd	6.00	1
dd98799c4313	1.00	1
dd9f0187b74d	0.00	1
dda842cc86f6	3.00	1
ddab7a22b07b	8.00	1
ddb037c4c69c	0.00	1
ddbeba84c04f	5.00	1
ddc57a297723	3.00	1
ddc7bfd579e4	4.00	1
ddccd812dd36	2.00	1
ddcd5a9c107b	3.00	1
ddcf3b616f57	2.00	1
ddcfb4b8956c	1.00	1
ddd2a555ce93	8.00	1
ddd987b4b812	5.00	1
ddef01f6bff0	9.00	1
de06ee06c080	7.00	1
de0a34646f69	8.00	1
de0dcbc5d6de	4.00	1
de0eb4494349	3.00	1
de109a19f3da	5.00	1
de139d589f8e	7.00	1
de14e974821d	9.00	1
de159b639ed7	6.00	1
de186ebde97e	7.00	1
de1a62955996	8.00	1
de229e24aa2b	7.00	1
de273f2d57d2	4.00	1
de2c22781794	3.00	1
de381efd79b8	7.00	1
de3a0f995ef2	7.00	1
de44ddfe46c8	7.00	1
de4b8a69fa1c	7.00	1
de520eef3e55	5.00	1
de579667b8ac	5.00	1
de5823675c87	7.00	1
de5b68895965	8.00	1
de5e08812a18	0.00	1
de5f9257852d	9.00	1
de663ec8f373	9.00	1
de6c8f33ba63	6.00	1
de6e7ab2974d	5.00	1
de811e4acb97	8.00	1
de8d16761f6a	7.00	1
de9052000fe6	1.00	1
dea35ad441fa	8.00	1
deab2367ad2e	7.00	1
deba0055733a	8.00	1
ded2f9c471b5	5.00	1
dee4bc0fc896	4.00	1
deee8b70f7d8	5.00	1
defe13a1af74	5.00	1
df02c1fd8c39	8.00	1
df0501b3516d	9.00	1
df0a404fd29a	8.00	1
df10c7cc1296	5.00	1
df17f723b9e3	8.00	1
df199c0bebfa	5.00	1
df21f7dbc45f	1.00	1
df337fd28a2e	4.00	1
df34710e7bea	5.00	1
df4b850be60f	3.00	1
df4d3c2f8619	6.00	1
df4e221d9951	2.00	1
df64673e2a60	9.00	1
df6855c4ce1c	8.00	1
df6f51d0f2bd	4.00	1
df7de661a595	4.00	1
df8351892ea5	4.00	1
dfbc2aacfea0	4.00	1
dfd2d8232bff	5.00	1
dfd40df485dc	8.00	1
dfd57c210fec	9.00	1
dfd61c78f775	8.00	1
dfe1f84b8737	7.00	1
dfe7ad75bd99	1.00	1
dff10226e2bd	6.00	1
e00403381adf	4.00	1
e006cc4fe0fe	9.00	1
e01beaf95bbd	7.00	1
e02f07c8c39e	2.00	1
e03cfe45e377	6.00	1
e03f6f12ad16	5.00	1
e042d8593a49	8.00	1
e049df03dbbd	1.00	1
e0681010f84a	2.00	1
e084bda2b704	5.00	1
e08e37e9644e	7.00	1
e09ba1849ab9	9.00	1
e0a86602f22a	8.00	1
e0a8fa9a59d4	5.00	1
e0ad6eb138d4	7.00	1
e0c6491e4faf	1.00	1
e0ceafa3f18b	5.00	1
e0f203006224	9.00	1
e0f5973e14f2	5.00	1
e102382a0f1d	5.00	1
e10736e09ae8	1.00	1
e107eb91f256	4.00	1
e109b36eeb64	7.00	1
e1198c8ebca7	3.00	1
e120510df5f5	9.00	1
e124088badf1	4.00	1
e133f66c2140	2.00	1
e135ddc1bd18	5.00	1
e13749feb526	7.00	1
e140977492e4	0.00	1
e145430fa54d	2.00	1
e14c3fe0f283	6.00	1
e14cc32f956e	5.00	1
e14d1b6aa2fb	5.00	1
e15071ea71fe	4.00	1
e15d6240d833	5.00	1
e16885ecaef5	4.00	1
e171f2d66aab	5.00	1
e1732dd7c8d2	7.00	1
e17a24503873	3.00	1
e18686573976	8.00	1
e19002730ea6	3.00	1
e197dce1921a	7.00	1
e19918e67f1e	5.00	1
e1adb325e08f	9.00	1
e1bb9d126728	5.00	1
e1c0244e9abf	0.00	1
e1d0c5d2d182	1.00	1
e1d55bf1536b	2.00	1
e1d7842fba3f	2.00	1
e1e7ad377b07	5.00	1
e1f22dad4204	9.00	1
e1f5544125c2	8.00	1
e1f5b4cd8124	3.00	1
e1f92b521f2f	7.00	1
e1fc887d62a8	9.00	1
e200539c6ca6	5.00	1
e20b736c24f7	2.00	1
e211fa93dafd	1.00	1
e21b973cb787	9.00	1
e22a59df72a9	5.00	1
e235e8cc1fd4	9.00	1
e23c5fb59517	9.00	1
e24eddbc0654	9.00	1
e24fcea10f1c	0.00	1
e25172d90270	3.00	1
e252394b9543	3.00	1
e26c109dce17	8.00	1
e26f263b0d88	9.00	1
e2736980dad4	2.00	1
e2779128aa11	1.00	1
e27bcd61f319	10.00	1
e288dd79c687	3.00	1
e29f2718de76	5.00	1
e2a3d1053050	3.00	1
e2b17d89176a	8.00	1
e2c3e24fb1d9	10.00	1
e2c5f59f130b	8.00	1
e2d33bd71285	8.00	1
e2dac538611b	0.00	1
e2ded53f323a	7.00	1
e2deeeb41eec	5.00	1
e2e1a639ac3c	3.00	1
e2e1ffa0bcc9	4.00	1
e2e476cd91f8	5.00	1
e2e60190f56b	4.00	1
e2e7b1c4d748	9.00	1
e2ece5a93e25	0.00	1
e2fb6d3da3af	3.00	1
e2fc108ebcce	1.00	1
e2ff57c5d6ac	9.00	1
e307e41002aa	7.00	1
e312a5969ebc	5.00	1
e32c61bcf5dd	1.00	1
e32e621a1376	0.00	1
e330172ef355	7.00	1
e333a547bbc6	8.00	1
e3342c1d1786	1.00	1
e334ae3c8cbb	5.00	1
e335beb38272	7.00	1
e34b9dae1d2d	1.00	1
e35b63260193	7.00	1
e360c8729d22	1.00	1
e3614e391ee3	5.00	1
e36679d546a5	9.00	1
e367b7eb15b2	5.00	1
e37863fa72e4	5.00	1
e387d3325fd9	9.00	1
e3a092f687fc	3.00	1
e3a71f9da801	5.00	1
e3b319855c67	5.00	1
e3b49cf19523	9.00	1
e3b68b95c82a	7.00	1
e3ba173bfbf6	1.00	1
e3bc108f6f27	9.00	1
e3c9ee335cd5	1.00	1
e3c9fba25a69	3.00	1
e3d1aa1d4506	8.00	1
e3d23246b9d0	7.00	1
e3d48d25c65c	5.00	1
e3d95d1759f8	8.00	1
e3da48cf46de	3.00	1
e3db36850ead	5.00	1
e3df956d6bcb	8.00	1
e3ec08b4f786	5.00	1
e3ef498e7447	9.00	1
e3f19e1c0d54	1.00	1
e3f8d261f0a5	8.00	1
e4021e4d9e9a	2.00	1
e40d03816226	0.00	1
e412253cd434	8.00	1
e41687edb031	7.00	1
e4190c50a4f8	8.00	1
e41929a86633	7.00	1
e4225c56ee55	5.00	1
e427c639cf62	5.00	1
e42ad885e92c	7.00	1
e42dcea330fb	7.00	1
e42e6ebcec20	6.00	1
e4372cf895a7	8.00	1
e452a18d4c6b	1.00	1
e4551b0d8cd6	5.00	1
e45d721d439b	5.00	1
e45e66560cbb	8.00	1
e45f9a6e6db8	0.00	1
e463a200dfa2	5.00	1
e46c796a4a70	1.00	1
e4808f070284	8.00	1
e481c69c4d38	5.00	1
e486e6fa4faa	7.00	1
e4890cc2d486	5.00	1
e497804c8f2d	9.00	1
e49fc5dbfcc9	0.00	1
e4a516453dfb	5.00	1
e4ab974283dc	4.00	1
e4bb3e26f2c0	9.00	1
e4c38015c65a	9.00	1
e4c9baa027cc	5.00	1
e4d62c867cee	7.00	1
e4ed7caf5113	1.00	1
e4f2d1a2b94e	0.00	1
e4f3c11c8064	5.00	1
e4f4a4e816ac	5.00	1
e4f4f02528be	5.00	1
e4ff25a630ae	1.00	1
e5040e35957a	0.00	1
e504f5af1fb5	9.00	1
e50980f9ca3d	1.00	1
e512411230db	7.00	1
e515ce22a952	7.00	1
e5160e3daf4b	5.00	1
e516231d36ec	6.00	1
e51ab5cacafb	9.00	1
e51dbff80f6e	9.00	1
e52516284bff	4.00	1
e53457592701	5.00	1
e53466fa2a0b	1.00	1
e53b933086b6	7.00	1
e53faff6aaad	6.00	1
e542e8b27093	3.00	1
e54e5b34863c	9.00	1
e55525f66902	2.00	1
e5571570a932	9.00	1
e5578f06f9be	7.00	1
e55cf212ba51	3.00	1
e5652a5e620b	5.00	1
e565a5b22dbf	10.00	1
e568102a1193	7.00	1
e568aaa69ca5	2.00	1
e56b7e189130	1.00	1
e56c338d9c22	3.00	1
e5797fa5fe8a	5.00	1
e58b23909da3	5.00	1
e58b3417e265	5.00	1
e5a65c0035ff	1.00	1
e5b329b1e6ee	6.00	1
e5b604239c43	5.00	1
e5b7130e7dc1	7.00	1
e5bd03ae7161	7.00	1
e5c73eb91d47	2.00	1
e5d49a941e42	3.00	1
e5d4dec2e1c2	0.00	1
e5d5f5bb5644	4.00	1
e5d79c922718	9.00	1
e5d83a4255a0	9.00	1
e5d8dde4f550	5.00	1
e5e2908a897b	9.00	1
e5e3baf0385f	4.00	1
e5e76031b280	5.00	1
e5ed357b5a1d	9.00	1
e5ee797fa07f	8.00	1
e5f34bb79e1d	7.00	1
e6046758df1c	2.00	1
e60d2cc46d61	7.00	1
e6170005b903	1.00	1
e61700220c49	7.00	1
e617375182bb	1.00	1
e61eea0a5684	0.00	1
e626b9e77ef2	4.00	1
e62d5c419d04	5.00	1
e64ad3655dfd	5.00	1
e64cdc6ad96a	5.00	1
e651c5e98b90	6.00	1
e653fe22d2b5	7.00	1
e6600c4aa6ce	7.00	1
e662917080c6	3.00	1
e663c9a0667e	7.00	1
e66c12b4227d	10.00	1
e66fc64202b9	4.00	1
e6790ba8adb7	2.00	1
e6832580b8da	4.00	1
e6840f3d76f8	8.00	1
e685d74606a9	2.00	1
e68e0f693d56	1.00	1
e69a354f4ab8	8.00	1
e69f964537a1	8.00	1
e6a6bf88c58c	4.00	1
e6a80367386a	7.00	1
e6a8eab584f2	6.00	1
e6aa13c00353	3.00	1
e6ad70e0be57	1.00	1
e6bb7ca8ba73	5.00	1
e6bcca4f9a21	5.00	1
e6c0505cbeb2	3.00	1
e6c2043ecb91	4.00	1
e6c41d6506fc	1.00	1
e6cd64c4f9b6	1.00	1
e6d303783c1b	3.00	1
e6dad4e20ae9	2.00	1
e6e46986de5b	3.00	1
e6ecd61775b9	4.00	1
e700f6525946	6.00	1
e701c32aa39b	5.00	1
e7037b554626	2.00	1
e704a5a8c86a	9.00	1
e711adafe165	9.00	1
e72bf1af2719	3.00	1
e733013df633	1.00	1
e73cce1c745e	5.00	1
e73ffb20c1bc	9.00	1
e7509f8323bf	2.00	1
e75cfcf2a9d5	3.00	1
e760544c6e2c	8.00	1
e7622521c978	2.00	1
e7693b470c4d	4.00	1
e77017f62d1d	5.00	1
e77b449fb6fc	5.00	1
e77b96643527	4.00	1
e77e9668d0b9	5.00	1
e787704b8d30	1.00	1
e790f4fc284a	3.00	1
e79762ec3dd4	5.00	1
e79c19667f37	2.00	1
e7a40096e738	7.00	1
e7ad620d6bf7	3.00	1
e7ad71b16fbd	0.00	1
e7afb0c2156c	3.00	1
e7b42f7e5bb9	7.00	1
e7b543b78e0e	0.00	1
e7ba6991b198	5.00	1
e7bca90da57e	8.00	1
e7c169317bf6	1.00	1
e7c16b7fd169	2.00	1
e7c88c539e20	6.00	1
e7d7c4933dd5	4.00	1
e7d97a04afb3	6.00	1
e7e586c4a0a5	2.00	1
e7ea9649e555	8.00	1
e7f3ca9dc0dc	2.00	1
e7f4958fca64	5.00	1
e7f4ee2badcd	0.00	1
e8033e9ff88b	10.00	1
e83471e9f641	5.00	1
e841a5f56f1a	5.00	1
e8466c45f711	5.00	1
e848f8092ea9	1.00	1
e84f0026de8b	4.00	1
e85815c31d27	1.00	1
e85a9c48eab6	1.00	1
e86ba78f8971	7.00	1
e8701b48baff	5.00	1
e873d703f95a	2.00	1
e873e1ed73c5	9.00	1
e87479696b8b	4.00	1
e881912f7b42	9.00	1
e889a10d9519	7.00	1
e892a279326e	3.00	1
e8a681b05f80	8.00	1
e8b0805c83d5	1.00	1
e8b1b3df3a5d	4.00	1
e8bb691f98a4	5.00	1
e8ce8a800ab2	3.00	1
e8d56be355cc	2.00	1
e8e534b66195	5.00	1
e8eb2167013b	7.00	1
e8ff6b4033f2	2.00	1
e900339b5b36	5.00	1
e9110bd436a1	1.00	1
e9137e2eea73	2.00	1
e92ebb1253b3	3.00	1
e92fdcc95f5d	3.00	1
e93096e5ac0d	2.00	1
e93383aa035e	7.00	1
e93e6036196f	7.00	1
e94a2c0a9855	7.00	1
e94ecbdafd94	7.00	1
e95690d1fc15	4.00	1
e95b3c37c9e8	7.00	1
e9616a5b9077	1.00	1
e96403fd2a24	5.00	1
e9886c1dd319	10.00	1
e98c53ed8a98	7.00	1
e98db3f16036	8.00	1
e98df40e33c6	7.00	1
e995a27c6c47	7.00	1
e9969b36b0e9	2.00	1
e9b6f0ef885d	9.00	1
e9bdde71a56a	5.00	1
e9c40eb4ccfe	0.00	1
e9c4519ace6f	7.00	1
e9c8721dd797	8.00	1
e9d2b33c4c71	1.00	1
e9d5312dfc6e	2.00	1
e9e1d2f4271f	7.00	1
e9e21c2f512e	5.00	1
e9e3ae8909d0	2.00	1
e9ef79b712c8	4.00	1
e9f0d546ea95	8.00	1
e9f69d8fe5fb	2.00	1
ea00c6b7f123	2.00	1
ea0949801859	7.00	1
ea0b9457620f	3.00	1
ea177809bec6	0.00	1
ea1a0a1996df	9.00	1
ea1bfc59450e	1.00	1
ea1f9fc687fc	0.00	1
ea2c54a8e83d	5.00	1
ea2f13e03a53	5.00	1
ea3001f5aa6d	1.00	1
ea3032dd1467	7.00	1
ea30bcbc07a9	9.00	1
ea3643ca9913	4.00	1
ea3ffff8466b	8.00	1
ea69efd3d31a	9.00	1
ea81079710f3	1.00	1
ea84d1f22440	3.00	1
ea897784c5ca	7.00	1
ea89b4276ae6	5.00	1
ea8c64d198d6	8.00	1
ea9a0f9893ef	5.00	1
eaa9e5ff7f88	5.00	1
eaaf00206b83	5.00	1
eab0a8392698	3.00	1
eab83ce3b3b0	8.00	1
eabbe7fe4577	3.00	1
eac3bda40807	2.00	1
eacb87f0961e	0.00	1
eacf7264b6d7	1.00	1
ead01aad4717	1.00	1
eadb7187c7f2	5.00	1
eae0438c94e7	8.00	1
eaeea67ab131	1.00	1
eaf9b9c0890f	3.00	1
eaff85a6712c	3.00	1
eb08bc829287	7.00	1
eb0904fe8685	1.00	1
eb0e9530b430	4.00	1
eb128e0060e5	7.00	1
eb161bb08775	7.00	1
eb192850099c	7.00	1
eb2dd0fb7f7f	7.00	1
eb31180a5260	7.00	1
eb31dcf01523	5.00	1
eb3c8c5371cb	5.00	1
eb424f0c0065	3.00	1
eb595e5f3c62	1.00	1
eb5c438396a2	5.00	1
eb6c82c49a67	3.00	1
eb6db4e2b166	3.00	1
eb6fc05fd49d	9.00	1
eb70a9b249bb	7.00	1
eb78453c4116	2.00	1
eb798b052887	9.00	1
eb7ee1d828bc	7.00	1
eb83c61f4ba9	5.00	1
eb9a6c78bab2	7.00	1
eb9fde207388	7.00	1
eb9fe8ef7ac2	5.00	1
eba4ff89c4d3	6.00	1
eba53b3c658a	2.00	1
ebb0acd367ad	9.00	1
ebb2a9438778	9.00	1
ebb94871d771	3.00	1
ebc15f9157e1	0.00	1
ebc482b7f352	5.00	1
ebc62f3b5665	1.00	1
ebc8cc3eab09	3.00	1
ebd727dbcd0c	2.00	1
ebdd70e623ca	5.00	1
ebe388a8529d	4.00	1
ebe4b8892310	4.00	1
ebe75b1485f0	8.00	1
ebe843232290	5.00	1
ebf6e74c0907	5.00	1
ebfe0a22b821	8.00	1
ec022feac567	8.00	1
ec02946f1533	7.00	1
ec04e58bbe5a	8.00	1
ec0e80e9bb6f	9.00	1
ec12119e7310	4.00	1
ec152d09b5e2	3.00	1
ec1a9144e7a3	3.00	1
ec1e8dce9d2b	3.00	1
ec29d3de7431	7.00	1
ec2de460940d	5.00	1
ec2fd15bf1a2	7.00	1
ec42071148b1	4.00	1
ec43b22b8fe6	8.00	1
ec4654d876b0	9.00	1
ec4a358dcbbf	5.00	1
ec4e6c72f7dd	7.00	1
ec52145e4d01	2.00	1
ec5f8239a0b0	9.00	1
ec7a26a6f12e	7.00	1
ec7a31d89a02	3.00	1
ec82749dfc9c	2.00	1
ec8b1d2a13bd	8.00	1
ec8b684ba82d	4.00	1
ec8f2c4bd7fd	7.00	1
ec9ed531b394	7.00	1
eca006f5e7f7	3.00	1
ecb019ccd1c4	9.00	1
ecb43812ad9d	3.00	1
ecb66d6f1217	5.00	1
ecbb1e9fdb5d	3.00	1
ecc68b4e8fbb	9.00	1
eccb17a386e5	5.00	1
eccf414bbaf7	1.00	1
ecd121934f73	9.00	1
ecd16abf2552	9.00	1
ecdabb58b405	8.00	1
ecdac01023e7	7.00	1
ece85f33ec90	4.00	1
eceec09da748	9.00	1
ecfa0fcbe855	9.00	1
ecfd4a442b79	9.00	1
ecfde6f79c17	1.00	1
ed00793f2d35	9.00	1
ed1cf4e99bb0	9.00	1
ed2244c044ab	0.00	1
ed29d9b9b3e3	3.00	1
ed44c237cb87	7.00	1
ed511c9ef4a7	8.00	1
ed53099b3cf0	7.00	1
ed5a5989b2dd	5.00	1
ed5c83dcc340	7.00	1
ed617956eb9f	6.00	1
ed628bb25b3e	7.00	1
ed631f903e8e	4.00	1
ed73bf878c5e	3.00	1
ed7abb1b1a1f	8.00	1
ed7e391d9938	8.00	1
ed8577876e5d	7.00	1
ed899beb4744	7.00	1
ed8b200fa2b0	2.00	1
ed8ca33596c1	4.00	1
ed8cc5fabe74	8.00	1
ed90b6591fa2	7.00	1
ed9194db32c4	2.00	1
eda384d7bec4	5.00	1
eda5b2eddf7b	2.00	1
eda9782657d4	9.00	1
edad0553ccc6	0.00	1
edc5f1461181	2.00	1
edc85c33ebfb	4.00	1
edc869b5682f	2.00	1
edcdffeb0fcd	8.00	1
edd55ff2f720	1.00	1
edd5fa87f082	5.00	1
eddacc9b7c22	3.00	1
eddb2ae55b4b	9.00	1
eddf44ff4e43	7.00	1
ede62db7426c	1.00	1
ede9d1772732	5.00	1
edf4035627bc	5.00	1
edf5b3fd22f7	5.00	1
edf8f408c8a3	2.00	1
edff36051011	2.00	1
ee044234f184	8.00	1
ee0a6354fa71	5.00	1
ee0b60e2f244	3.00	1
ee0cbe42eeaa	4.00	1
ee0e03634fa6	5.00	1
ee0f647a8dd3	10.00	1
ee13aad8e118	1.00	1
ee1e35f25f6e	9.00	1
ee2535f3925d	9.00	1
ee3030605767	5.00	1
ee37309a90f7	7.00	1
ee47b7615c76	2.00	1
ee602babb24c	5.00	1
ee660739ba6d	2.00	1
ee69d4817c46	0.00	1
ee6e07e1ea28	7.00	1
ee7649ec8a76	6.00	1
ee7956daae17	3.00	1
ee836db7ff91	1.00	1
ee883fd26ca3	3.00	1
ee88d9ed945e	3.00	1
ee8c0811633b	2.00	1
ee8cae65f19e	1.00	1
ee8db15ec9d7	3.00	1
ee8de76e1938	6.00	1
ee991db55a12	4.00	1
ee9a42374f05	3.00	1
eea69f908d4c	1.00	1
eea8d056e901	8.00	1
eeb120710645	1.00	1
eeb717e97b14	3.00	1
eec422c3bf8a	5.00	1
eec57bcd6f08	1.00	1
eec6290c1de2	8.00	1
eee0835504e6	2.00	1
eef0a84513d4	3.00	1
ef0680cde87f	7.00	1
ef0c3f13af3f	7.00	1
ef19aaedb24d	5.00	1
ef24080aee4d	2.00	1
ef25519f4e53	5.00	1
ef2a8357117b	4.00	1
ef2f5af3fe5b	4.00	1
ef3f7ae77d29	8.00	1
ef4014f20365	8.00	1
ef431fa54a87	6.00	1
ef4348ddf080	3.00	1
ef45c9477d09	2.00	1
ef5b22e8baf3	2.00	1
ef60d602a7fd	3.00	1
ef6e3d0f7af9	7.00	1
ef6fdb8b3921	2.00	1
ef721eaec431	9.00	1
ef799d1a7569	4.00	1
ef7bbed243be	7.00	1
ef8fdd5f93e5	5.00	1
ef902663e4cb	3.00	1
ef9c58f4075b	0.00	1
efa302cde718	1.00	1
efa39efe223a	0.00	1
efb3cdc915b4	9.00	1
efc006271c2b	6.00	1
efca7e44e7b0	7.00	1
efcbe54ded9a	3.00	1
efcea68ebd29	5.00	1
efcf32e8bafd	5.00	1
efe5c0f74600	0.00	1
eff1ff369d4c	5.00	1
eff495a74b3f	2.00	1
eff5e8cefcfa	3.00	1
effc1c1e5f49	3.00	1
effca84707fd	5.00	1
f000fd1ce609	3.00	1
f00de532c9bd	2.00	1
f011c9d1ec22	7.00	1
f01c4d7fb231	0.00	1
f02b98c8211d	2.00	1
f0334fe8db95	5.00	1
f0337dad8735	10.00	1
f0417089a195	4.00	1
f044f5f340de	9.00	1
f0459afce277	7.00	1
f04c7997818e	3.00	1
f04e881d1311	5.00	1
f0500ad0b1e5	6.00	1
f054fa3455ab	9.00	1
f058388c1eb7	5.00	1
f05e5b509840	3.00	1
f062ba45e668	3.00	1
f065d5a7c8e7	9.00	1
f06e3bb315eb	2.00	1
f06e61a7cadf	8.00	1
f07162e8697d	9.00	1
f072011e3134	1.00	1
f073aa6e0d76	2.00	1
f07730ba73b5	7.00	1
f07b35eb217f	3.00	1
f0804baa96f5	5.00	1
f096339e479d	5.00	1
f097716bcb8d	7.00	1
f0979a48423e	4.00	1
f09826e60cb1	5.00	1
f0a23d5be167	2.00	1
f0a69e3cb395	7.00	1
f0a97aab2d0b	3.00	1
f0b5e57fdf2b	4.00	1
f0bd03a3d458	6.00	1
f0c79519844f	5.00	1
f0f2ce2323f2	1.00	1
f0fac1a638ed	8.00	1
f0fb33abf09e	8.00	1
f0fc1ccbc98d	3.00	1
f0fc8fcd8767	9.00	1
f1026f07205b	1.00	1
f111c894759a	7.00	1
f11ab861ad6d	7.00	1
f12368c8c283	9.00	1
f1360275b4ee	5.00	1
f14c0cdc6ef5	5.00	1
f14eed1bf282	3.00	1
f153423d4135	3.00	1
f15692646bb8	3.00	1
f161f829bee8	5.00	1
f166605a2c95	2.00	1
f17cba782a29	0.00	1
f17e5df43bfc	7.00	1
f17fea9a89ed	7.00	1
f1875707543f	4.00	1
f191f310a77b	7.00	1
f19387f46af7	5.00	1
f19a9fe0da11	1.00	1
f19b636992a6	4.00	1
f19be9c99268	8.00	1
f1a1012ae521	8.00	1
f1a351609ffb	5.00	1
f1a9b15d8ea6	2.00	1
f1aa91fd88b8	10.00	1
f1b1f5f8105f	8.00	1
f1b89aa82292	5.00	1
f1c5e7d4f41b	3.00	1
f1c990ab2803	9.00	1
f1da2e2029aa	3.00	1
f1e146b0ee12	6.00	1
f1ebbcf29e91	3.00	1
f1eddf75c653	3.00	1
f1eff55fc3b9	7.00	1
f1f097c7af1e	2.00	1
f1fc7f44815b	7.00	1
f20c09ac881f	5.00	1
f215b4fc06be	4.00	1
f21798e6d6f3	9.00	1
f21f50fa4358	0.00	1
f221e7c30ee9	8.00	1
f221e922719f	1.00	1
f2229e351c0c	4.00	1
f2259b092f74	7.00	1
f227cb6794ed	2.00	1
f229e596dac1	9.00	1
f22a23aa3ae8	3.00	1
f22bd25bbb49	1.00	1
f239bd86b562	3.00	1
f241e293ca17	4.00	1
f24bbd63278f	1.00	1
f24e0e32ab50	1.00	1
f258f39af4cc	9.00	1
f261df15431c	0.00	1
f26e5fdf4f31	8.00	1
f2707dde60c3	3.00	1
f27bd4bb9831	5.00	1
f27d3504ad36	5.00	1
f27d6b23a241	9.00	1
f28294653cd0	9.00	1
f283d0589609	8.00	1
f285f9802d50	7.00	1
f289617d0ef2	1.00	1
f28d0a2d46bd	3.00	1
f28ee989cb83	1.00	1
f295044820a4	4.00	1
f29dad054782	3.00	1
f2a060f94d09	2.00	1
f2a2d532ca2a	3.00	1
f2a66a6533e5	5.00	1
f2a84a9aeb5d	9.00	1
f2ae39e1b539	1.00	1
f2b1d17b7fb7	2.00	1
f2b3787b51be	5.00	1
f2bfa050a776	5.00	1
f2cd2bef22a8	8.00	1
f2d67b7ce238	5.00	1
f2e3282e8ad6	4.00	1
f2e91326538b	7.00	1
f2f155ad3148	5.00	1
f2f316c0dd87	1.00	1
f2f47587bfa0	9.00	1
f31ec39a5434	7.00	1
f31ee083b330	2.00	1
f33720d4cc99	8.00	1
f33839e447ad	1.00	1
f338830a20c4	5.00	1
f339d67a926f	1.00	1
f33b86c5d894	9.00	1
f3489d64b308	8.00	1
f34f74449cef	5.00	1
f353f9a00404	3.00	1
f370a5f95002	4.00	1
f375bd76e85b	5.00	1
f38d61a26d14	3.00	1
f38f2f2415f5	6.00	1
f39126f352ac	8.00	1
f3931a8ad91f	5.00	1
f3a10e29036f	3.00	1
f3a8ef831266	3.00	1
f3ab29f4805a	9.00	1
f3b27fa6f03f	5.00	1
f3ba15c408e0	6.00	1
f3bdbbe2dba6	9.00	1
f3bdeaad949c	9.00	1
f3c097680d95	9.00	1
f3c25764a9b8	5.00	1
f3c61dfa2124	5.00	1
f3ddd3565a3c	5.00	1
f3ebb50a160e	5.00	1
f3fe5136f1ab	3.00	1
f4014810a66b	7.00	1
f402783837ff	0.00	1
f4033b70aef8	3.00	1
f40436bf2e0a	2.00	1
f406bcd383bd	3.00	1
f40712b7bbc2	7.00	1
f40fd1864647	3.00	1
f42e3579c91b	6.00	1
f4419fd9eb49	7.00	1
f442c125db14	1.00	1
f44981458ce5	7.00	1
f44a3fb3eb71	5.00	1
f45032575556	7.00	1
f450776d7aa4	8.00	1
f463b5e5867b	2.00	1
f4644d860684	5.00	1
f4662c90867a	3.00	1
f47293d95c56	5.00	1
f47a80eb635f	5.00	1
f48547439197	8.00	1
f486564f13e8	5.00	1
f48b04b6ad51	5.00	1
f4a2fc06bd9c	1.00	1
f4a6f09dc14c	3.00	1
f4aadaa8fd2e	2.00	1
f4b672ac330e	7.00	1
f4bbe7a79ac4	4.00	1
f4bd27ea0997	5.00	1
f4bf312eacfc	5.00	1
f4cc8f9c006c	8.00	1
f4d04e95a51a	3.00	1
f4d47b4a0c6e	6.00	1
f4da6cc52d2a	1.00	1
f4e2ff424c8a	4.00	1
f4e47f11e322	5.00	1
f4fbfd17692a	9.00	1
f4fe664a2d5c	1.00	1
f4fef0ce15ce	1.00	1
f4ff08faed35	1.00	1
f4ff63a5d5c0	5.00	1
f5055238da9e	2.00	1
f5071da54c3d	6.00	1
f50a892eab19	2.00	1
f50c6535ddf6	5.00	1
f51acc7095cf	8.00	1
f51ff9f01d05	5.00	1
f520ba0938ee	5.00	1
f5267d44c6f8	5.00	1
f526eb78ba2d	4.00	1
f527541c6f9a	9.00	1
f52b0af96bc5	8.00	1
f53d69ed9618	5.00	1
f53efa1ab6cb	4.00	1
f5597308f608	6.00	1
f55c8114fcd8	0.00	1
f563e6c319c7	0.00	1
f566a25f8d2b	5.00	1
f5685c2993de	2.00	1
f58526186c89	5.00	1
f58a30ebe841	9.00	1
f5902db7aa67	9.00	1
f5971e8c5f13	0.00	1
f5a1052433fa	2.00	1
f5ab44413e2a	1.00	1
f5bbb530809a	7.00	1
f5c678a9f83f	5.00	1
f5cc6a717c92	7.00	1
f5cd5b1ca811	5.00	1
f5ce57c59987	1.00	1
f5dddcc968f6	3.00	1
f5e1e3f30930	1.00	1
f5e70394d559	7.00	1
f5ece6751c68	7.00	1
f5fa7e4d0f8f	0.00	1
f600599cebcc	9.00	1
f6066410ab3e	1.00	1
f6118dcdcbf2	4.00	1
f627f65203ce	4.00	1
f62d460dd3c3	10.00	1
f64e7a9df9a2	3.00	1
f656f0b7f650	1.00	1
f66bf5c0c8e6	5.00	1
f67375bfbcc0	2.00	1
f674dd21b9a3	4.00	1
f67694c647bf	8.00	1
f6794e2dc3d9	6.00	1
f67a697ea4ba	1.00	1
f67cc9eeaebb	2.00	1
f694e8bad0c9	9.00	1
f6ab5c056077	2.00	1
f6adadd4f16a	9.00	1
f6b87eb67604	9.00	1
f6b96c212764	3.00	1
f6bee29d3b22	9.00	1
f6c2e29ea994	7.00	1
f6d1ea43a19c	1.00	1
f6d387de3c1d	2.00	1
f6db816bb801	9.00	1
f6dddb269c95	5.00	1
f6ebb049bc4f	2.00	1
f6efa24ba798	5.00	1
f709c8c6a13c	8.00	1
f71fb0b8c9ac	9.00	1
f721779fddfa	9.00	1
f722f9f74932	3.00	1
f72b5eefffc0	9.00	1
f731b0531b64	6.00	1
f73b4ef90f5a	9.00	1
f73c031f4481	9.00	1
f73f467bff35	2.00	1
f74672fdbe99	5.00	1
f748a43a7d02	8.00	1
f75155423a44	5.00	1
f7546f356678	9.00	1
f759aba08eb7	4.00	1
f75a4a80248b	5.00	1
f772ef36e1f4	5.00	1
f7778ab8423f	9.00	1
f7902226b894	5.00	1
f798e8d2afed	9.00	1
f79eeb02f7bc	3.00	1
f7a51b598d67	2.00	1
f7a676dc5bda	7.00	1
f7aa054cf315	7.00	1
f7bda66754e7	2.00	1
f7cd4031740a	5.00	1
f7d21ab1c6af	5.00	1
f7d50bd71fb9	1.00	1
f7db90d44baf	1.00	1
f7dfb90209ec	9.00	1
f7e3312e9588	5.00	1
f7e53fe477ac	0.00	1
f7e7248c5cf8	10.00	1
f7e7f1ccf759	8.00	1
f7e85811ca56	9.00	1
f7e8752da352	5.00	1
f7edb7aba7de	5.00	1
f7f75ae754a4	7.00	1
f8028126a3a3	8.00	1
f8093c9109f3	8.00	1
f82ae976a83b	5.00	1
f82d76768b84	2.00	1
f831150b1881	3.00	1
f832046f9ffd	2.00	1
f833536e32f2	2.00	1
f83686f60217	5.00	1
f83f815cb502	3.00	1
f84920b7cebf	1.00	1
f84ac8cd4228	5.00	1
f8532228c090	8.00	1
f8552f55e643	3.00	1
f859e343e4e6	1.00	1
f85e70b69818	6.00	1
f85f242bd634	0.00	1
f86da9cdc602	7.00	1
f870570bb3da	1.00	1
f888e747bda7	3.00	1
f8990c7bc24d	7.00	1
f89df4a9136f	7.00	1
f8a1ab8fa238	8.00	1
f8a7d2b70aaf	3.00	1
f8b31de20c9e	1.00	1
f8b9a10d0c84	6.00	1
f8c118c25cd6	5.00	1
f8c3c2906eca	7.00	1
f8c445c5f40c	2.00	1
f8cde40547f3	5.00	1
f8d8c87360a2	5.00	1
f8d8eae7fff8	0.00	1
f8dccc422984	8.00	1
f8de35c2dd5d	9.00	1
f8dec39ccf51	8.00	1
f8e466834ee0	6.00	1
f8e8097a4e15	4.00	1
f8fad6f0fb19	5.00	1
f9022ba558a9	3.00	1
f90352c39e4b	6.00	1
f905a64b35ba	7.00	1
f9064ce59d8f	3.00	1
f9157ad962d7	9.00	1
f920b2a8c7b2	7.00	1
f9275b0dc288	0.00	1
f92d12962034	2.00	1
f93203530bf0	7.00	1
f9377a6faccb	9.00	1
f93bb2439a47	3.00	1
f949b05fa414	9.00	1
f94be240d047	3.00	1
f95de94f178d	3.00	1
f95e4e86c448	5.00	1
f95eb509bf0d	8.00	1
f9695c3893aa	0.00	1
f96ae6dda597	6.00	1
f978d3d7a369	7.00	1
f97b5410e9cb	8.00	1
f98103b08c06	6.00	1
f9936bbb37ee	5.00	1
f9958b8f1ee9	1.00	1
f9986ef9a051	3.00	1
f99ea7221d74	5.00	1
f9ae855ad3aa	5.00	1
f9aeba84f947	8.00	1
f9bc8c4682c4	2.00	1
f9caa16451d2	6.00	1
f9ce3f74b1b8	7.00	1
f9da556714a5	9.00	1
f9dfae8361bb	6.00	1
f9e6368bb53b	9.00	1
f9e9bb4901f7	6.00	1
f9ed0077ce3e	2.00	1
f9f97de70a4a	3.00	1
f9fd0a552d4a	9.00	1
f9fe40394e29	9.00	1
fa0687188c6a	8.00	1
fa1163651562	5.00	1
fa1a00e6edc5	9.00	1
fa1ad05c6782	1.00	1
fa1f4d3f73a8	0.00	1
fa218a8c7059	7.00	1
fa22912c07cb	9.00	1
fa28a7a86792	1.00	1
fa2e292216e8	1.00	1
fa42d8c80af8	9.00	1
fa4434296e45	5.00	1
fa45b8c72401	7.00	1
fa4b86ddfb9b	5.00	1
fa579153ce3b	9.00	1
fa5c21c5ba78	3.00	1
fa63f03326fa	5.00	1
fa6891002d3f	1.00	1
fa738dd14707	2.00	1
fa743ce303d9	10.00	1
fa84cf2960b0	1.00	1
fa8cdec3410c	9.00	1
fa9d85241664	5.00	1
fa9ec05c2bb2	7.00	1
faa326e1915e	8.00	1
faac8adc505f	2.00	1
fab251dc0c38	4.00	1
fab45da38e87	2.00	1
fabb59de7949	8.00	1
fabef47f3426	9.00	1
face49e9020f	5.00	1
fad1ca8968f8	6.00	1
fad2d47f0554	3.00	1
fad473910581	1.00	1
fadd35e481cc	2.00	1
fadd505440d6	9.00	1
fae9c44abd43	0.00	1
faeda97daf45	8.00	1
faeef2f3b8ea	4.00	1
fafa2d73ecbb	5.00	1
fafba815252f	1.00	1
fb048c92614c	2.00	1
fb0e83e339a6	9.00	1
fb1109d24d97	7.00	1
fb148cc735a4	5.00	1
fb1502f8a437	9.00	1
fb173f3fcbc8	6.00	1
fb1d7ef59255	2.00	1
fb40dc8cd115	0.00	1
fb4a050e6481	5.00	1
fb4bf3cc6e7e	9.00	1
fb500757902c	7.00	1
fb503cb409c4	5.00	1
fb556920d83c	3.00	1
fb55e1febf4d	4.00	1
fb5678549a51	3.00	1
fb5d92242919	4.00	1
fb626a8e3938	0.00	1
fb638afc2c79	5.00	1
fb64da6b74a2	8.00	1
fb6e8cc48e0b	3.00	1
fb713d02d925	1.00	1
fb73f97205f2	0.00	1
fb81e04dec4f	5.00	1
fb936baf5583	7.00	1
fb93db1d266a	8.00	1
fba2cb78aac7	4.00	1
fba355ebdb0a	1.00	1
fba60a1d004e	4.00	1
fba930fa4c3a	5.00	1
fbaeada202bc	2.00	1
fbafad318253	7.00	1
fbb31fa88fba	8.00	1
fbb3841020b7	4.00	1
fbb7a44e08e8	7.00	1
fbb98ef10cb5	4.00	1
fbbcdf8f4baf	4.00	1
fbbf4a5eccc1	9.00	1
fbc14f145529	3.00	1
fbc4597a4a3e	8.00	1
fbc73573017e	1.00	1
fbd3e661f3a9	10.00	1
fbd9983f9438	2.00	1
fbebbfb980d8	7.00	1
fbf08313b6df	3.00	1
fbf177ecc479	5.00	1
fbf82855e9a2	0.00	1
fc03cfbb4a8b	9.00	1
fc15620f09c5	5.00	1
fc1cd87b9f60	6.00	1
fc23f4d77307	9.00	1
fc2483fb2eed	5.00	1
fc259b7c5082	7.00	1
fc28ecb5e3d9	5.00	1
fc293624413e	5.00	1
fc39fa110148	8.00	1
fc3f0d978376	5.00	1
fc45272c041b	5.00	1
fc4dc687853c	5.00	1
fc4fbf88a6bf	7.00	1
fc52832227c8	9.00	1
fc5e61cadb88	0.00	1
fc6907bed6f2	6.00	1
fc698ebac8f3	5.00	1
fc6acd11dfc7	7.00	1
fc6e6e00dcce	2.00	1
fc7ca4e5f3e6	8.00	1
fc8020b64a45	3.00	1
fc9683f6deab	2.00	1
fc9d9b82c1fb	4.00	1
fca49060dcef	5.00	1
fca7c3f9c06e	1.00	1
fcbbb50492c3	5.00	1
fcc02b1e894f	5.00	1
fcc70f16677b	2.00	1
fcce57aa5593	1.00	1
fcd655410d41	2.00	1
fcd83e2b541e	6.00	1
fcdcd759e9d3	1.00	1
fce64888ea69	7.00	1
fce769caa78a	5.00	1
fceb0e33b7a8	1.00	1
fcec332d66a3	0.00	1
fceebd4a1522	1.00	1
fcf3d6fd01db	0.00	1
fcf706ea0ae5	9.00	1
fcf764ede158	5.00	1
fcfc29301713	4.00	1
fcfe9949c0dc	2.00	1
fd1666085fc9	5.00	1
fd1a491bd9b4	3.00	1
fd1adefcec09	6.00	1
fd1ca6366460	0.00	1
fd28ceac7ab9	9.00	1
fd32a4955d70	5.00	1
fd3915d5bf2e	1.00	1
fd419020c3ce	8.00	1
fd430a5c1b7d	5.00	1
fd43f8237634	8.00	1
fd44efa1d422	9.00	1
fd466acf1182	8.00	1
fd48b8fa83bb	1.00	1
fd4a8a180d02	4.00	1
fd4b4e031526	3.00	1
fd4ff7ab3595	7.00	1
fd51727e628b	5.00	1
fd53bf105fe6	9.00	1
fd58f146d121	7.00	1
fd5dfa457856	4.00	1
fd6140d2a709	7.00	1
fd6d06e1b035	9.00	1
fd6f80b63c82	7.00	1
fd6fec565b6c	5.00	1
fd7063c2909e	7.00	1
fd7a60cf4093	9.00	1
fd90f0074d89	0.00	1
fd928e6372de	8.00	1
fd9f22956736	7.00	1
fdacf1e3ac59	1.00	1
fdc40adec550	1.00	1
fdc8981ff6e6	4.00	1
fdccb0ff5b9d	0.00	1
fdd116387305	4.00	1
fdd3486ddb95	9.00	1
fde117294aaa	6.00	1
fdf25b747f15	9.00	1
fdf4f539262e	6.00	1
fdfc8c4b8faf	5.00	1
fe041a55f40e	1.00	1
fe0f299abe96	7.00	1
fe0fdc7b4f5f	5.00	1
fe0ff719a50e	3.00	1
fe1ef7699637	8.00	1
fe1fd9736e80	1.00	1
fe21a4b3681f	7.00	1
fe23bb8b576b	7.00	1
fe267f816b7f	1.00	1
fe3566166813	9.00	1
fe366819a838	7.00	1
fe37994a6269	5.00	1
fe3bbf408278	5.00	1
fe40d2c53eae	9.00	1
fe425640a6d1	9.00	1
fe566116dd0c	5.00	1
fe584bffe299	5.00	1
fe5bccc02ebc	5.00	1
fe5d0e8d91ec	7.00	1
fe67ad1305e5	9.00	1
fe687258edef	5.00	1
fe71537473b8	3.00	1
fe72e6896f9e	9.00	1
fe7398f8ee2d	3.00	1
fe7e9e3c79d0	1.00	1
fe85027694d5	2.00	1
fe8cb84f9874	6.00	1
fe912b052d8d	3.00	1
fea068799059	3.00	1
feb36db22973	9.00	1
febb931ede85	2.00	1
febf2ba9bf03	6.00	1
fec39dd9972b	8.00	1
fec409096369	4.00	1
fed237c50160	2.00	1
fed2d41903f2	8.00	1
fed634c882c1	5.00	1
fedfea6731dd	3.00	1
fee6735561ab	1.00	1
fef0262d8778	5.00	1
fef26056a684	6.00	1
fef3c06ab7ef	2.00	1
ff00505420a0	5.00	1
ff0343601696	1.00	1
ff1cbec40f56	5.00	1
ff30cffca835	2.00	1
ff3c7438b6e4	9.00	1
ff499caad823	9.00	1
ff4eb4a8234e	1.00	1
ff501201c441	5.00	1
ff5546c2e597	3.00	1
ff578faec733	1.00	1
ff5b4ebbd71c	5.00	1
ff5c78deda33	5.00	1
ff69449679b0	9.00	1
ff6d0739267e	8.00	1
ff7090c5d89f	7.00	1
ff744d68ea9e	7.00	1
ff7dc94d6492	4.00	1
ff83be03efdc	9.00	1
ff874785e75c	7.00	1
ffabda448285	7.00	1
ffb808c40926	8.00	1
ffbed97c37cc	9.00	1
ffc26544b417	5.00	1
ffd0442dcae1	1.00	1
ffd39cff686b	9.00	1
ffd6828f00a9	8.00	1
ffd9bc8e6625	5.00	1
ffe6762db1d6	4.00	1
ffeb74c47a06	3.00	1
fff18d03ac36	1.00	1
fff3203f9149	2.00	1
fff3ced79a73	10.00	1
fffef0a4a9f7	9.00	1
