/**
 * generated by fontconvert.py
 * name: toybox_44
 * size: 44
 * mode: 1-bit
 * Command used: tools_local/toybox/gen_toybox_fonts.sh (fontconvert.py toybox_44 44 jersey25-ascii.ttf)
 */
#pragma once
#include "EpdFontData.h"

static const uint8_t toybox_44Bitmaps[20492] = {
    0xFF, 0xFF, 0xFF, 0xFF, 0xFF, 0xFF, 0xFF, 0xFF, 0xFF, 0xFF, 0xFF, 0xFF, 0xFF, 0xFF, 0xFF, 0xFF,
    0xFF, 0xFF, 0xFF, 0xFF, 0xFF, 0xFF, 0xFF, 0xFF, 0xFF, 0xFF, 0xFF, 0xFF, 0xFF, 0xFF, 0xFF, 0xFF,
    0xFF, 0xFF, 0xFF, 0xFF, 0xFF, 0xFF, 0xFF, 0xFF, 0xFF, 0xFF, 0xFF, 0xFF, 0xFF, 0xFF, 0xFF, 0xFF,
    0xFF, 0xFF, 0xFF, 0x3F, 0xC3, 0xFC, 0x1F, 0x80, 0x70, 0x07, 0x00, 0x00, 0x00, 0x00, 0x00, 0x00,
    0x00, 0x00, 0x00, 0x00, 0x00, 0xFF, 0xFF, 0xFF, 0xFF, 0xFF, 0xFF, 0xFF, 0xFF, 0xFF, 0xFF, 0xFF,
    0xFF, 0xFF, 0xFF, 0xFF, 0xFF, 0xF0, 0xFF, 0xF0, 0xFF, 0xFF, 0xFF, 0x0F, 0xFF, 0xFF, 0xF0, 0xFF,
    0xFF, 0xFF, 0x0F, 0xFF, 0xFF, 0xF0, 0xFF, 0xFF, 0xFF, 0x0F, 0xFF, 0xFF, 0xF0, 0xFF, 0xFF, 0xFF,
    0x0F, 0xFF, 0xFF, 0xF0, 0xFF, 0xFF, 0xFF, 0x0F, 0xFF, 0xFF, 0xF0, 0xFF, 0xF3, 0xFC, 0x03, 0xFC,
    0x3F, 0xC0, 0x3F, 0xC3, 0xFC, 0x03, 0xFC, 0x3F, 0xC0, 0x3F, 0xC3, 0xFC, 0x03, 0xF8, 0x07, 0x00,
    0x0E, 0x00, 0x70, 0x00, 0xE0, 0x07, 0x00, 0x0E, 0x00, 0x70, 0x00, 0xE0, 0x00, 0x00, 0x00, 0x00,
    0x00, 0x00, 0x00, 0x00, 0x07, 0xFF, 0x80, 0x7F, 0xF8, 0x00, 0x00, 0x3F, 0xFC, 0x03, 0xFF, 0xC0,
    0x00, 0x01, 0xFF, 0xE0, 0x1F, 0xFE, 0x00, 0x00, 0x0F, 0xFF, 0x00, 0xFF, 0xF0, 0x00, 0x00, 0x7F,
    0xF8, 0x07, 0xFF, 0x80, 0x00, 0x03, 0xFF, 0xC0, 0x3F, 0xFC, 0x00, 0x00, 0x1F, 0xFE, 0x01, 0xFF,
    0xE0, 0x00, 0x00, 0xFF, 0xF0, 0x0F, 0xFF, 0x00, 0x00, 0x1F, 0xFF, 0x81, 0xFF, 0xF8, 0x00, 0x00,
    0xFF, 0xF0, 0x0F, 0xFF, 0x00, 0x00, 0x07, 0xFF, 0x80, 0x7F, 0xF8, 0x00, 0x00, 0x3F, 0xFC, 0x03,
    0xFF, 0xC0, 0x00, 0x01, 0xFF, 0xE0, 0x1F, 0xFE, 0x00, 0x1F, 0xFF, 0xFF, 0xFF, 0xFF, 0xFF, 0xC0,
    0xFF, 0xFF, 0xFF, 0xFF, 0xFF, 0xFE, 0x07, 0xFF, 0xFF, 0xFF, 0xFF, 0xFF, 0xF0, 0x3F, 0xFF, 0xFF,
    0xFF, 0xFF, 0xFF, 0x81, 0xFF, 0xFF, 0xFF, 0xFF, 0xFF, 0xFC, 0x0F, 0xFF, 0xFF, 0xFF, 0xFF, 0xFF,
    0xE0, 0x7F, 0xFF, 0xFF, 0xFF, 0xFF, 0xFF, 0x00, 0x0F, 0xFF, 0x00, 0x7F, 0xF8, 0x00, 0x00, 0x7F,
    0xF8, 0x03, 0xFF, 0xC0, 0x00, 0x03, 0xFF, 0xC0, 0x1F, 0xFE, 0x00, 0x00, 0x1F, 0xFE, 0x00, 0xFF,
    0xF0, 0x00, 0x00, 0xFF, 0xF0, 0x07, 0xFF, 0x80, 0x00, 0x07, 0xFF, 0x80, 0x3F, 0xFC, 0x00, 0x00,
    0x3F, 0xFC, 0x01, 0xFF, 0xE0, 0x00, 0x07, 0xFF, 0xE0, 0x7F, 0xF8, 0x00, 0x00, 0x3F, 0xFF, 0x03,
    0xFF, 0xC0, 0x00, 0x01, 0xFF, 0xF8, 0x1F, 0xFE, 0x00, 0x00, 0x0F, 0xFF, 0x00, 0xFF, 0xF0, 0x00,
    0x00, 0x7F, 0xF8, 0x07, 0xFF, 0x80, 0x00, 0x03, 0xFF, 0xC0, 0x3F, 0xFC, 0x00, 0x00, 0x1F, 0xFE,
    0x01, 0xFF, 0xE0, 0x01, 0xFF, 0xFF, 0xFF, 0xFF, 0xFF, 0xFE, 0x0F, 0xFF, 0xFF, 0xFF, 0xFF, 0xFF,
    0xF0, 0x7F, 0xFF, 0xFF, 0xFF, 0xFF, 0xFF, 0x83, 0xFF, 0xFF, 0xFF, 0xFF, 0xFF, 0xFC, 0x1F, 0xFF,
    0xFF, 0xFF, 0xFF, 0xFF, 0xE0, 0xFF, 0xFF, 0xFF, 0xFF, 0xFF, 0xFF, 0x07, 0xFF, 0xFF, 0xFF, 0xFF,
    0xFF, 0xF8, 0x00, 0x7F, 0xF8, 0x07, 0xFF, 0x80, 0x00, 0x03, 0xFF, 0xC0, 0x3F, 0xFC, 0x00, 0x00,
    0x1F, 0xFE, 0x01, 0xFF, 0xE0, 0x00, 0x00, 0xFF, 0xF0, 0x0F, 0xFF, 0x00, 0x00, 0x1F, 0xFE, 0x01,
    0xFF, 0xE0, 0x00, 0x00, 0xFF, 0xF0, 0x0F, 0xFF, 0x00, 0x00, 0x07, 0xFF, 0x80, 0x7F, 0xF8, 0x00,
    0x00, 0x3F, 0xFC, 0x03, 0xFF, 0xC0, 0x00, 0x01, 0xFF, 0xE0, 0x1F, 0xFE, 0x00, 0x00, 0x0F, 0xFF,
    0x00, 0xFF, 0xF0, 0x00, 0x00, 0x7F, 0xF8, 0x07, 0xFF, 0x80, 0x00, 0x03, 0xFF, 0xC0, 0x3F, 0xFC,
    0x00, 0x00, 0x1F, 0xFE, 0x01, 0xFF, 0xE0, 0x00, 0x00, 0x00, 0x00, 0xFE, 0x00, 0x00, 0x00, 0x01,
    0xFC, 0x00, 0x00, 0x00, 0x03, 0xF8, 0x00, 0x00, 0x00, 0x07, 0xF0, 0x00, 0x00, 0x07, 0xFF, 0xFF,
    0xC0, 0x00, 0x0F, 0xFF, 0xFF, 0x80, 0x00, 0x1F, 0xFF, 0xFF, 0x00, 0x03, 0xFF, 0xFF, 0xFF, 0xF0,
    0x07, 0xFF, 0xFF, 0xFF, 0xE0, 0x7F, 0xFF, 0xFF, 0xFF, 0xF0, 0xFF, 0xFF, 0xFF, 0xFF, 0xE1, 0xFF,
    0xFF, 0xFF, 0xFF, 0xC3, 0xFF, 0xFF, 0xFF, 0xFF, 0x9F, 0xFF, 0xFF, 0xFF, 0xFF, 0xFF, 0xFF, 0xFF,
    0xFF, 0xFF, 0xFF, 0xF8, 0x7F, 0x0F, 0xFF, 0xFF, 0xF0, 0xFE, 0x1F, 0xFF, 0xFF, 0xE1, 0xFC, 0x3F,
    0xFF, 0xFF, 0x03, 0xF8, 0x1F, 0xFF, 0xFE, 0x07, 0xF0, 0x3F, 0xFF, 0xFC, 0x0F, 0xE0, 0x00, 0x1F,
    0xF8, 0x1F, 0xC0, 0x00, 0x3F, 0xF0, 0x3F, 0x80, 0x00, 0x7F, 0xE0, 0x7F, 0x00, 0x00, 0xFF, 0xF0,
    0xFE, 0x00, 0x01, 0xFF, 0xE1, 0xFC, 0x00, 0x03, 0xFF, 0xC3, 0xF8, 0x00, 0x07, 0xFF, 0xFF, 0xFF,
    0xE0, 0x0F, 0xFF, 0xFF, 0xFF, 0xC0, 0x07, 0xFF, 0xFF, 0xFF, 0x80, 0x0F, 0xFF, 0xFF, 0xFF, 0xF8,
    0x1F, 0xFF, 0xFF, 0xFF, 0xF0, 0x3F, 0xFF, 0xFF, 0xFF, 0xF8, 0x7F, 0xFF, 0xFF, 0xFF, 0xF0, 0x1F,
    0xFF, 0xFF, 0xFF, 0xE0, 0x3F, 0xFF, 0xFF, 0xFF, 0xC0, 0x07, 0xFF, 0xFF, 0xFF, 0xE0, 0x0F, 0xFF,
    0xFF, 0xFF, 0xC0, 0x00, 0x3F, 0x87, 0xFF, 0x80, 0x00, 0x7F, 0x0F, 0xFF, 0x00, 0x00, 0xFE, 0x1F,
    0xFE, 0x00, 0x01, 0xFC, 0x0F, 0xFC, 0x00, 0x03, 0xF8, 0x1F, 0xF8, 0x00, 0x07, 0xF0, 0x3F, 0xF0,
    0x00, 0x0F, 0xE0, 0x7F, 0xFF, 0xF8, 0x1F, 0xC0, 0xFF, 0xFF, 0xF0, 0x3F, 0x81, 0xFF, 0xFF, 0xF8,
    0x7F, 0x0F, 0xFF, 0xFF, 0xF0, 0xFE, 0x1F, 0xFF, 0xFF, 0xE1, 0xFC, 0x3F, 0xFF, 0xFF, 0xFF, 0xFF,
    0xFF, 0xFF, 0xFF, 0xFF, 0xFF, 0xFF, 0xF3, 0xFF, 0xFF, 0xFF, 0xFF, 0x87, 0xFF, 0xFF, 0xFF, 0xFF,
    0x0F, 0xFF, 0xFF, 0xFF, 0xFE, 0x1F, 0xFF, 0xFF, 0xFF, 0xFC, 0x3F, 0xFF, 0xFF, 0xFF, 0xF8, 0x0F,
    0xFF, 0xFF, 0xFF, 0xC0, 0x1F, 0xFF, 0xFF, 0xFF, 0x80, 0x03, 0xFF, 0xFF, 0xE0, 0x00, 0x07, 0xFF,
    0xFF, 0xC0, 0x00, 0x00, 0x1F, 0xC0, 0x00, 0x00, 0x00, 0x3F, 0x80, 0x00, 0x00, 0x00, 0x7F, 0x00,
    0x00, 0x00, 0x00, 0xFE, 0x00, 0x00, 0x00, 0x01, 0xFC, 0x00, 0x00, 0x00, 0x03, 0xF8, 0x00, 0x00,
    0x00, 0x07, 0xF0, 0x00, 0x00, 0x00, 0x00, 0x00, 0x00, 0x00, 0x00, 0x00, 0x00, 0x3F, 0xF0, 0x00,
    0x01, 0xF8, 0x00, 0x00, 0x1F, 0xF8, 0x00, 0x00, 0xFC, 0x00, 0x00, 0xFF, 0xFF, 0xC0, 0x00, 0x7E,
    0x00, 0x00, 0x7F, 0xFF, 0xE0, 0x00, 0x3F, 0x00, 0x01, 0xFF, 0xFF, 0xFC, 0x00, 0x7F, 0x80, 0x00,
    0xFF, 0xFF, 0xFF, 0x00, 0x3F, 0xC0, 0x00, 0x7F, 0xFF, 0xFF, 0x80, 0x1F, 0xC0, 0x00, 0x3F, 0xFF,
    0xFF, 0xC0, 0x0F, 0x80, 0x00, 0x3F, 0xFF, 0xFF, 0xF0, 0x0F, 0xC0, 0x00, 0x3F, 0xFC, 0x3F, 0xFC,
    0x0F, 0xE0, 0x00, 0x1F, 0xFE, 0x1F, 0xFE, 0x07, 0xF0, 0x00, 0x0F, 0xFE, 0x07, 0xFF, 0x03, 0xF0,
    0x00, 0x07, 0xFE, 0x01, 0xFF, 0x81, 0xF0, 0x00, 0x03, 0xFF, 0x00, 0xFF, 0xC3, 0xF8, 0x00, 0x01,
    0xFF, 0x80, 0x7F, 0xE1, 0xFC, 0x00, 0x00, 0xFF, 0xF0, 0xFF, 0xF0, 0xFE, 0x00, 0x00, 0x7F, 0xF8,
    0x7F, 0xF8, 0x7C, 0x00, 0x00, 0x3F, 0xFF, 0xFF, 0xFC, 0xFE, 0x00, 0x00, 0x07, 0xFF, 0xFF, 0xF8,
    0xFF, 0x00, 0x00, 0x03, 0xFF, 0xFF, 0xFC, 0x7F, 0x80, 0x00, 0x01, 0xFF, 0xFF, 0xFE, 0x3F, 0x00,
    0x00, 0x00, 0xFF, 0xFF, 0xFF, 0x1F, 0x80, 0x00, 0x00, 0x3F, 0xFF, 0xFF, 0x3F, 0xC0, 0x00, 0x00,
    0x07, 0xFF, 0xFE, 0x1F, 0xE0, 0x00, 0x00, 0x03, 0xFF, 0xFF, 0x0F, 0xE0, 0x00, 0x00, 0x00, 0x1F,
    0xF8, 0x07, 0xC0, 0x00, 0x00, 0x00, 0x0F, 0xFC, 0x0F, 0xE0, 0x00, 0x00, 0x00, 0x00, 0x00, 0x07,
    0xF0, 0x00, 0x00, 0x00, 0x00, 0x00, 0x03, 0xF8, 0x00, 0x00, 0x00, 0x00, 0x00, 0x01, 0xF0, 0x0F,
    0xFC, 0x00, 0x00, 0x00, 0x00, 0xF8, 0x07, 0xFE, 0x00, 0x00, 0x00, 0x01, 0xFC, 0x3F, 0xFF, 0xF0,
    0x00, 0x00, 0x00, 0xFE, 0x1F, 0xFF, 0xF8, 0x00, 0x00, 0x00, 0x7F, 0x3F, 0xFF, 0xFF, 0x80, 0x00,
    0x00, 0x3E, 0x1F, 0xFF, 0xFF, 0xC0, 0x00, 0x00, 0x7F, 0x0F, 0xFF, 0xFF, 0xE0, 0x00, 0x00, 0x7F,
    0x87, 0xFF, 0xFF, 0xF0, 0x00, 0x00, 0x3F, 0xC3, 0xFF, 0xFF, 0xF8, 0x00, 0x00, 0x1F, 0x8F, 0xFF,
    0x0F, 0xFF, 0x00, 0x00, 0x0F, 0xC7, 0xFF, 0x87, 0xFF, 0x80, 0x00, 0x1F, 0xE3, 0xFF, 0xC3, 0xFF,
    0xC0, 0x00, 0x0F, 0xF1, 0xFF, 0x80, 0x7F, 0xE0, 0x00, 0x07, 0xF0, 0xFF, 0xC0, 0x3F, 0xF0, 0x00,
    0x03, 0xE0, 0x7F, 0xE0, 0x1F, 0xF8, 0x00, 0x07, 0xF0, 0x3F, 0xFC, 0x3F, 0xFC, 0x00, 0x03, 0xF8,
    0x1F, 0xFE, 0x1F, 0xFE, 0x00, 0x01, 0xFC, 0x0F, 0xFF, 0x0F, 0xFF, 0x00, 0x00, 0xF8, 0x00, 0xFF,
    0xFF, 0xFE, 0x00, 0x00, 0x7C, 0x00, 0x7F, 0xFF, 0xFF, 0x00, 0x00, 0xFE, 0x00, 0x3F, 0xFF, 0xFF,
    0x80, 0x00, 0x7F, 0x00, 0x1F, 0xFF, 0xFF, 0xC0, 0x00, 0x3F, 0x80, 0x0F, 0xFF, 0xFF, 0xE0, 0x00,
    0x1F, 0x00, 0x01, 0xFF, 0xFF, 0x80, 0x00, 0x0F, 0x80, 0x00, 0xFF, 0xFF, 0xC0, 0x00, 0x07, 0xC0,
    0x00, 0x07, 0xFE, 0x00, 0x00, 0x03, 0xE0, 0x00, 0x03, 0xFF, 0x00, 0x00, 0x00, 0x00, 0xFF, 0xFC,
    0x00, 0x00, 0x00, 0x00, 0x07, 0xFF, 0xE0, 0x00, 0x00, 0x00, 0x00, 0x3F, 0xFF, 0x00, 0x00, 0x00,
    0x00, 0x3F, 0xFF, 0xFF, 0xC0, 0x00, 0x00, 0x01, 0xFF, 0xFF, 0xFE, 0x00, 0x00, 0x00, 0x3F, 0xFF,
    0xFF, 0xFC, 0x00, 0x00, 0x01, 0xFF, 0xFF, 0xFF, 0xE0, 0x00, 0x00, 0x0F, 0xFF, 0xFF, 0xFF, 0x00,
    0x00, 0x00, 0x7F, 0xFF, 0xFF, 0xF8, 0x00, 0x00, 0x03, 0xFF, 0xC3, 0xFF, 0xC0, 0x00, 0x00, 0x7F,
    0xFE, 0x1F, 0xFF, 0x80, 0x00, 0x03, 0xFF, 0xF0, 0xFF, 0xFC, 0x00, 0x00, 0x1F, 0xFE, 0x01, 0xFF,
    0xE0, 0x00, 0x00, 0xFF, 0xF0, 0x0F, 0xFF, 0x00, 0x00, 0x07, 0xFF, 0x80, 0x7F, 0xF8, 0x00, 0x00,
    0x3F, 0xFC, 0x03, 0xFF, 0xC0, 0x00, 0x01, 0xFF, 0xE0, 0x7F, 0xFE, 0x00, 0x00, 0x0F, 0xFF, 0x03,
    0xFF, 0xC0, 0x00, 0x00, 0x7F, 0xFE, 0x7F, 0xFE, 0x00, 0x00, 0x03, 0xFF, 0xF3, 0xFF, 0xF0, 0x00,
    0x00, 0x1F, 0xFF, 0x9F, 0xFF, 0x80, 0x00, 0x00, 0x3F, 0xFF, 0xFF, 0xF0, 0x00, 0x00, 0x01, 0xFF,
    0xFF, 0xFF, 0x80, 0x00, 0x00, 0x03, 0xFF, 0xFF, 0xE0, 0x00, 0x00, 0x00, 0x1F, 0xFF, 0xFF, 0x00,
    0x00, 0x00, 0x00, 0xFF, 0xFF, 0xF8, 0x00, 0x00, 0x00, 0x07, 0xFF, 0xFF, 0x00, 0x00, 0x00, 0x00,
    0x3F, 0xFF, 0xF8, 0x00, 0x00, 0x00, 0x1F, 0xFF, 0xFF, 0x00, 0xFF, 0xF0, 0x03, 0xFF, 0xFF, 0xFE,
    0x07, 0xFF, 0x80, 0x1F, 0xFF, 0xFF, 0xF0, 0x3F, 0xFC, 0x00, 0xFF, 0xFF, 0xFF, 0x81, 0xFF, 0xE0,
    0x07, 0xFF, 0xFF, 0xFF, 0x3F, 0xFF, 0x00, 0x3F, 0xFF, 0xFF, 0xF9, 0xFF, 0xF8, 0x0F, 0xFF, 0xEF,
    0xFF, 0xFF, 0xFF, 0xC0, 0x7F, 0xFF, 0x7F, 0xFF, 0xFF, 0xFE, 0x03, 0xFF, 0xFB, 0xFF, 0xFF, 0xFF,
    0xF0, 0x1F, 0xFE, 0x07, 0xFF, 0xFF, 0xFE, 0x00, 0xFF, 0xF0, 0x3F, 0xFF, 0xFF, 0xF0, 0x1F, 0xFE,
    0x00, 0x3F, 0xFF, 0xFF, 0x80, 0xFF, 0xF0, 0x01, 0xFF, 0xFF, 0xFC, 0x07, 0xFF, 0x80, 0x03, 0xFF,
    0xFF, 0x80, 0x3F, 0xFC, 0x00, 0x1F, 0xFF, 0xFC, 0x01, 0xFF, 0xF8, 0x00, 0xFF, 0xFF, 0xC0, 0x0F,
    0xFF, 0xC0, 0x07, 0xFF, 0xF8, 0x00, 0x7F, 0xFE, 0x00, 0x3F, 0xFF, 0xC0, 0x00, 0xFF, 0xFF, 0xFF,
    0xFF, 0xFF, 0xC0, 0x07, 0xFF, 0xFF, 0xFF, 0xFF, 0xFE, 0x00, 0x3F, 0xFF, 0xFF, 0xFF, 0xFF, 0xFC,
    0x01, 0xFF, 0xFF, 0xFF, 0xFF, 0xFF, 0xE0, 0x01, 0xFF, 0xFF, 0xFF, 0xFF, 0xFF, 0xC0, 0x0F, 0xFF,
    0xFF, 0xFF, 0xFF, 0xFE, 0x00, 0x1F, 0xFF, 0xFF, 0xF3, 0xFF, 0xFC, 0x00, 0xFF, 0xFF, 0xFF, 0x9F,
    0xFF, 0xE0, 0x07, 0xFF, 0xFF, 0xFC, 0xFF, 0xFF, 0xC0, 0x0F, 0xFF, 0xFF, 0x81, 0xFF, 0xFE, 0x00,
    0x7F, 0xFF, 0xFC, 0x0F, 0xFF, 0xF0, 0xFF, 0xFF, 0xFF, 0xFF, 0xFF, 0xFF, 0xFF, 0xFF, 0xFF, 0xFF,
    0xFF, 0xFF, 0xFF, 0xFF, 0xFF, 0xFF, 0xF3, 0xFC, 0x3F, 0xC3, 0xFC, 0x3F, 0xC3, 0xFC, 0x07, 0x00,
    0x70, 0x07, 0x00, 0x70, 0x00, 0x1F, 0xFE, 0x00, 0x3F, 0xFC, 0x07, 0xFF, 0xF8, 0x0F, 0xFF, 0xF0,
    0x1F, 0xFF, 0xE0, 0xFF, 0xFC, 0x01, 0xFF, 0xF8, 0x1F, 0xFF, 0xE0, 0x3F, 0xFF, 0x80, 0x7F, 0xFF,
    0x00, 0xFF, 0xF0, 0x01, 0xFF, 0xE0, 0x0F, 0xFF, 0xC0, 0x1F, 0xFF, 0x80, 0x3F, 0xFF, 0x00, 0x7F,
    0xF8, 0x00, 0xFF, 0xF0, 0x01, 0xFF, 0xE0, 0x03, 0xFF, 0xC0, 0x07, 0xFF, 0x80, 0x0F, 0xFF, 0x00,
    0x1F, 0xFE, 0x00, 0x3F, 0xFC, 0x00, 0x7F, 0xF8, 0x00, 0xFF, 0xF0, 0x01, 0xFF, 0xE0, 0x03, 0xFF,
    0xC0, 0x07, 0xFF, 0x80, 0x0F, 0xFF, 0x00, 0x1F, 0xFE, 0x00, 0x3F, 0xFC, 0x00, 0x7F, 0xF8, 0x00,
    0xFF, 0xF0, 0x01, 0xFF, 0xE0, 0x03, 0xFF, 0xC0, 0x07, 0xFF, 0x80, 0x0F, 0xFF, 0x00, 0x1F, 0xFE,
    0x00, 0x3F, 0xFC, 0x00, 0x7F, 0xF8, 0x00, 0xFF, 0xF0, 0x01, 0xFF, 0xE0, 0x03, 0xFF, 0xC0, 0x07,
    0xFF, 0x80, 0x0F, 0xFF, 0x00, 0x1F, 0xFE, 0x00, 0x3F, 0xFC, 0x00, 0x7F, 0xF8, 0x00, 0xFF, 0xF0,
    0x01, 0xFF, 0xE0, 0x03, 0xFF, 0xC0, 0x07, 0xFF, 0x80, 0x0F, 0xFF, 0x00, 0x1F, 0xFE, 0x00, 0x3F,
    0xFF, 0x00, 0x7F, 0xFE, 0x00, 0xFF, 0xFC, 0x00, 0x7F, 0xF8, 0x00, 0xFF, 0xF0, 0x01, 0xFF, 0xF8,
    0x03, 0xFF, 0xF8, 0x07, 0xFF, 0xF8, 0x01, 0xFF, 0xF8, 0x03, 0xFF, 0xF0, 0x01, 0xFF, 0xFE, 0x03,
    0xFF, 0xFC, 0x07, 0xFF, 0xF8, 0x00, 0xFF, 0xF0, 0x01, 0xFF, 0xE0, 0xFF, 0xF0, 0x01, 0xFF, 0xE0,
    0x03, 0xFF, 0xFC, 0x07, 0xFF, 0xFC, 0x0F, 0xFF, 0xF8, 0x00, 0xFF, 0xFC, 0x01, 0xFF, 0xF8, 0x03,
    0xFF, 0xFC, 0x01, 0xFF, 0xF8, 0x03, 0xFF, 0xF0, 0x01, 0xFF, 0xE0, 0x03, 0xFF, 0xC0, 0x07, 0xFF,
    0xE0, 0x0F, 0xFF, 0xC0, 0x1F, 0xFF, 0x80, 0x0F, 0xFF, 0x00, 0x1F, 0xFE, 0x00, 0x3F, 0xFC, 0x00,
    0x7F, 0xF8, 0x00, 0xFF, 0xF0, 0x01, 0xFF, 0xE0, 0x03, 0xFF, 0xC0, 0x07, 0xFF, 0x80, 0x0F, 0xFF,
    0x00, 0x1F, 0xFE, 0x00, 0x3F, 0xFC, 0x00, 0x7F, 0xF8, 0x00, 0xFF, 0xF0, 0x01, 0xFF, 0xE0, 0x03,
    0xFF, 0xC0, 0x07, 0xFF, 0x80, 0x0F, 0xFF, 0x00, 0x1F, 0xFE, 0x00, 0x3F, 0xFC, 0x00, 0x7F, 0xF8,
    0x00, 0xFF, 0xF0, 0x01, 0xFF, 0xE0, 0x03, 0xFF, 0xC0, 0x07, 0xFF, 0x80, 0x0F, 0xFF, 0x00, 0x1F,
    0xFE, 0x00, 0x3F, 0xFC, 0x00, 0x7F, 0xF8, 0x00, 0xFF, 0xF0, 0x01, 0xFF, 0xE0, 0x03, 0xFF, 0xC0,
    0x07, 0xFF, 0x80, 0x0F, 0xFF, 0x00, 0x1F, 0xFE, 0x00, 0x3F, 0xFC, 0x00, 0x7F, 0xF8, 0x00, 0xFF,
    0xF0, 0x01, 0xFF, 0xE0, 0x03, 0xFF, 0xC0, 0x1F, 0xFF, 0x80, 0x3F, 0xFF, 0x00, 0x7F, 0xFE, 0x00,
    0xFF, 0xF0, 0x01, 0xFF, 0xE0, 0x0F, 0xFF, 0xC0, 0x1F, 0xFF, 0x80, 0xFF, 0xFF, 0x01, 0xFF, 0xF8,
    0x03, 0xFF, 0xF0, 0xFF, 0xFF, 0x81, 0xFF, 0xFF, 0x03, 0xFF, 0xFC, 0x07, 0xFF, 0x80, 0x0F, 0xFF,
    0x00, 0x00, 0x00, 0x7F, 0x80, 0x00, 0x1F, 0xE0, 0x00, 0x07, 0xF8, 0x00, 0x01, 0xFE, 0x00, 0x00,
    0x7F, 0x80, 0x00, 0x1F, 0xE0, 0x03, 0xF7, 0xFB, 0xE0, 0xFD, 0xFE, 0xF8, 0x7F, 0xFF, 0xFF, 0xBF,
    0xFF, 0xFF, 0xFF, 0xFF, 0xFF, 0xFC, 0xFF, 0xFF, 0xF8, 0x3F, 0xFF, 0xFE, 0x01, 0xFF, 0xFE, 0x00,
    0x7F, 0xFF, 0x80, 0x1F, 0xFF, 0xE0, 0x01, 0xFF, 0xE0, 0x00, 0x7F, 0xF8, 0x00, 0x7F, 0xFF, 0x80,
    0x1F, 0xFF, 0xE0, 0x3F, 0xF3, 0xFE, 0x0F, 0xFC, 0xFF, 0x83, 0xFF, 0x3F, 0xE0, 0xFF, 0x03, 0xF8,
    0x3F, 0xC0, 0xFE, 0x01, 0xC0, 0x0E, 0x00, 0x70, 0x03, 0x80, 0x00, 0x03, 0xFE, 0x00, 0x00, 0x00,
    0x1F, 0xF0, 0x00, 0x00, 0x00, 0xFF, 0x80, 0x00, 0x00, 0x07, 0xFC, 0x00, 0x00, 0x00, 0x3F, 0xE0,
    0x00, 0x00, 0x01, 0xFF, 0x00, 0x00, 0x00, 0x0F, 0xF8, 0x00, 0x00, 0x00, 0x7F, 0xC0, 0x00, 0x00,
    0x03, 0xFE, 0x00, 0x00, 0x00, 0x1F, 0xF0, 0x00, 0x00, 0x00, 0xFF, 0x80, 0x00, 0x00, 0x07, 0xFC,
    0x00, 0x00, 0x00, 0x3F, 0xE0, 0x00, 0x7F, 0xFF, 0xFF, 0xFF, 0xFF, 0xFF, 0xFF, 0xFF, 0xFF, 0xFF,
    0xFF, 0xFF, 0xFF, 0xFF, 0xFF, 0xFF, 0xFF, 0xFF, 0xFF, 0xFF, 0xFF, 0xFF, 0xFF, 0xFF, 0xFF, 0xFF,
    0xFF, 0xFF, 0xFF, 0xFF, 0xFF, 0xFF, 0xFF, 0xFF, 0xFF, 0xFF, 0xFF, 0xFF, 0xFF, 0xFF, 0xFF, 0xFC,
    0x00, 0x0F, 0xF8, 0x00, 0x00, 0x00, 0x7F, 0xC0, 0x00, 0x00, 0x03, 0xFE, 0x00, 0x00, 0x00, 0x1F,
    0xF0, 0x00, 0x00, 0x00, 0xFF, 0x80, 0x00, 0x00, 0x07, 0xFC, 0x00, 0x00, 0x00, 0x3F, 0xE0, 0x00,
    0x00, 0x01, 0xFF, 0x00, 0x00, 0x00, 0x0F, 0xF8, 0x00, 0x00, 0x00, 0x7F, 0xC0, 0x00, 0x00, 0x03,
    0xFE, 0x00, 0x00, 0x00, 0x1F, 0xF0, 0x00, 0x00, 0x00, 0xFF, 0x80, 0x00, 0x00, 0x07, 0xFC, 0x00,
    0x00, 0xFF, 0xFF, 0xFF, 0xFF, 0xFF, 0xFF, 0xFF, 0xFF, 0xFF, 0xFF, 0xFF, 0xFF, 0xFF, 0xFF, 0xFF,
    0xFF, 0xF0, 0x7F, 0x07, 0xF0, 0x7F, 0x07, 0xC3, 0xFC, 0x3F, 0x0F, 0xF0, 0xF8, 0x0F, 0x80, 0xFF,
    0xFF, 0xFF, 0xFF, 0xFF, 0xFF, 0xFF, 0xFF, 0xFF, 0xFF, 0xFF, 0xFF, 0xFF, 0xFF, 0xFF, 0xFF, 0xFF,
    0xFF, 0xFF, 0xFF, 0xFF, 0xFF, 0xFF, 0xFF, 0xFF, 0xFF, 0xFF, 0xFF, 0xFF, 0xFF, 0xFF, 0xFF, 0xFF,
    0xFF, 0xFF, 0xFF, 0xFF, 0xFF, 0xFF, 0xFF, 0xFF, 0xFF, 0xFF, 0xFF, 0xFF, 0xFF, 0xFF, 0xFF, 0x80,
    0xFF, 0xFF, 0xFF, 0xFF, 0xFF, 0xFF, 0xFF, 0xFF, 0xFF, 0xFF, 0xFF, 0xFF, 0xFF, 0xFF, 0xFF, 0xFF,
    0xF0, 0x00, 0x03, 0xFF, 0xC0, 0x00, 0xFF, 0xF0, 0x00, 0x3F, 0xFC, 0x00, 0x0F, 0xFF, 0x00, 0x03,
    0xFF, 0xC0, 0x00, 0xFF, 0xF0, 0x00, 0x3F, 0xFC, 0x00, 0x0F, 0xFF, 0x00, 0x03, 0xFF, 0xC0, 0x00,
    0xFF, 0xF0, 0x00, 0x3F, 0xFC, 0x00, 0x0F, 0xF8, 0x00, 0x1F, 0xFE, 0x00, 0x07, 0xFF, 0x80, 0x01,
    0xFF, 0xE0, 0x00, 0x7F, 0xF8, 0x00, 0x1F, 0xFE, 0x00, 0x07, 0xFF, 0x80, 0x01, 0xFF, 0xE0, 0x00,
    0x7F, 0xF8, 0x00, 0x1F, 0xFE, 0x00, 0x1F, 0xFE, 0x00, 0x07, 0xFF, 0x80, 0x01, 0xFF, 0xE0, 0x00,
    0x7F, 0xF8, 0x00, 0x1F, 0xFE, 0x00, 0x07, 0xFF, 0x80, 0x01, 0xFF, 0xE0, 0x00, 0x7F, 0xF8, 0x00,
    0x1F, 0xFE, 0x00, 0x1F, 0xFE, 0x00, 0x07, 0xFF, 0x80, 0x01, 0xFF, 0xE0, 0x00, 0x7F, 0xF8, 0x00,
    0x1F, 0xFE, 0x00, 0x07, 0xFF, 0x80, 0x01, 0xFF, 0xE0, 0x00, 0x7F, 0xF8, 0x00, 0x1F, 0xFE, 0x00,
    0x1F, 0xFE, 0x00, 0x07, 0xFF, 0x80, 0x01, 0xFF, 0xE0, 0x00, 0x7F, 0xF8, 0x00, 0x1F, 0xFE, 0x00,
    0x07, 0xFF, 0x80, 0x01, 0xFF, 0xE0, 0x00, 0x7F, 0xF8, 0x00, 0x1F, 0xFE, 0x00, 0x3F, 0xFC, 0x00,
    0x0F, 0xFF, 0x00, 0x03, 0xFF, 0xC0, 0x00, 0xFF, 0xF0, 0x00, 0x3F, 0xFC, 0x00, 0x0F, 0xFF, 0x00,
    0x03, 0xFF, 0xC0, 0x00, 0xFF, 0xF0, 0x00, 0x3F, 0xFC, 0x00, 0x3F, 0xFC, 0x00, 0x0F, 0xFF, 0x00,
    0x03, 0xFF, 0xC0, 0x00, 0xFF, 0xF0, 0x00, 0x3F, 0xFC, 0x00, 0x0F, 0xFF, 0x00, 0x03, 0xFF, 0xC0,
    0x00, 0xFF, 0xF0, 0x00, 0x3F, 0xFC, 0x00, 0x0F, 0xFF, 0x00, 0x03, 0xFF, 0xC0, 0x00, 0x00, 0x7F,
    0xFF, 0xC0, 0x00, 0x0F, 0xFF, 0xF8, 0x00, 0x1F, 0xFF, 0xFF, 0xF0, 0x03, 0xFF, 0xFF, 0xFE, 0x00,
    0x7F, 0xFF, 0xFF, 0xC0, 0x7F, 0xFF, 0xFF, 0xFE, 0x0F, 0xFF, 0xFF, 0xFF, 0xC1, 0xFF, 0xFF, 0xFF,
    0xF8, 0x3F, 0xFF, 0xFF, 0xFF, 0x07, 0xFF, 0xFF, 0xFF, 0xE3, 0xFF, 0xFF, 0xFF, 0xFF, 0xFF, 0xFE,
    0x07, 0xFF, 0xFF, 0xFF, 0xC0, 0xFF, 0xFF, 0xFF, 0xF8, 0x0F, 0xFF, 0xFF, 0xFC, 0x00, 0x7F, 0xFF,
    0xFF, 0x80, 0x0F, 0xFF, 0xFF, 0xF0, 0x01, 0xFF, 0xFF, 0xFE, 0x00, 0x3F, 0xFF, 0xFF, 0xC0, 0x07,
    0xFF, 0xFF, 0xF8, 0x00, 0xFF, 0xFF, 0xFF, 0x00, 0x1F, 0xFF, 0xFF, 0xE0, 0x03, 0xFF, 0xFF, 0xFC,
    0x00, 0x7F, 0xFF, 0xFF, 0x80, 0x0F, 0xFF, 0xFF, 0xF0, 0x01, 0xFF, 0xFF, 0xFE, 0x00, 0x3F, 0xFF,
    0xFF, 0xC0, 0x07, 0xFF, 0xFF, 0xF8, 0x00, 0xFF, 0xFF, 0xFF, 0x00, 0x1F, 0xFF, 0xFF, 0xE0, 0x03,
    0xFF, 0xFF, 0xFC, 0x00, 0x7F, 0xFF, 0xFF, 0x80, 0x0F, 0xFF, 0xFF, 0xF0, 0x01, 0xFF, 0xFF, 0xFE,
    0x00, 0x3F, 0xFF, 0xFF, 0xC0, 0x07, 0xFF, 0xFF, 0xF8, 0x00, 0xFF, 0xFF, 0xFF, 0x00, 0x1F, 0xFF,
    0xFF, 0xE0, 0x03, 0xFF, 0xFF, 0xFC, 0x00, 0x7F, 0xFF, 0xFF, 0x80, 0x0F, 0xFF, 0xFF, 0xF0, 0x01,
    0xFF, 0xFF, 0xFE, 0x00, 0x3F, 0xFF, 0xFF, 0xC0, 0x07, 0xFF, 0xFF, 0xFE, 0x03, 0xFF, 0xFF, 0xFF,
    0xC0, 0xFF, 0xFF, 0xFF, 0xF8, 0x1F, 0xFF, 0xFF, 0xFF, 0xFF, 0xFF, 0xFF, 0xFF, 0xFF, 0xFF, 0xFF,
    0x3F, 0xFF, 0xFF, 0xFF, 0x07, 0xFF, 0xFF, 0xFF, 0xE0, 0xFF, 0xFF, 0xFF, 0xFC, 0x1F, 0xFF, 0xFF,
    0xFF, 0x83, 0xFF, 0xFF, 0xFF, 0xF0, 0x0F, 0xFF, 0xFF, 0xF8, 0x01, 0xFF, 0xFF, 0xFF, 0x00, 0x03,
    0xFF, 0xFE, 0x00, 0x00, 0x7F, 0xFF, 0xC0, 0x00, 0xFF, 0xFF, 0xFF, 0xFF, 0xFF, 0xFF, 0xFF, 0xFF,
    0xFF, 0xFF, 0xFF, 0xFF, 0xFF, 0xFF, 0xFF, 0xFF, 0xFF, 0xFF, 0xFF, 0xFF, 0xFF, 0xFF, 0xFF, 0xFF,
    0xFF, 0xFF, 0xFF, 0xFF, 0xFE, 0x00, 0xFF, 0xF0, 0x07, 0xFF, 0x80, 0x3F, 0xFC, 0x01, 0xFF, 0xE0,
    0x0F, 0xFF, 0x00, 0x7F, 0xF8, 0x03, 0xFF, 0xC0, 0x1F, 0xFE, 0x00, 0xFF, 0xF0, 0x07, 0xFF, 0x80,
    0x3F, 0xFC, 0x01, 0xFF, 0xE0, 0x0F, 0xFF, 0x00, 0x7F, 0xF8, 0x03, 0xFF, 0xC0, 0x1F, 0xFE, 0x00,
    0xFF, 0xF0, 0x07, 0xFF, 0x80, 0x3F, 0xFC, 0x01, 0xFF, 0xE0, 0x0F, 0xFF, 0x00, 0x7F, 0xF8, 0x03,
    0xFF, 0xC0, 0x1F, 0xFE, 0x00, 0xFF, 0xF0, 0x07, 0xFF, 0x80, 0x3F, 0xFC, 0x01, 0xFF, 0xE0, 0x0F,
    0xFF, 0x00, 0x7F, 0xF8, 0x03, 0xFF, 0xC0, 0x1F, 0xFE, 0x00, 0xFF, 0xF0, 0x07, 0xFF, 0x80, 0x3F,
    0xFC, 0x01, 0xFF, 0xE0, 0x0F, 0xFF, 0x00, 0x7F, 0xF8, 0x03, 0xFF, 0xC0, 0x1F, 0xFE, 0x00, 0xFF,
    0xF0, 0x07, 0xFF, 0x80, 0x3F, 0xFC, 0x01, 0xFF, 0xE0, 0x0F, 0xFF, 0x00, 0x7F, 0xF8, 0x00, 0x7F,
    0xFF, 0xF0, 0x00, 0x03, 0xFF, 0xFF, 0x80, 0x00, 0x1F, 0xFF, 0xFC, 0x00, 0x0F, 0xFF, 0xFF, 0xFE,
    0x00, 0x7F, 0xFF, 0xFF, 0xF0, 0x1F, 0xFF, 0xFF, 0xFF, 0xF0, 0xFF, 0xFF, 0xFF, 0xFF, 0x87, 0xFF,
    0xFF, 0xFF, 0xFC, 0x3F, 0xFF, 0xFF, 0xFF, 0xE1, 0xFF, 0xFF, 0xFF, 0xFF, 0x3F, 0xFF, 0xFF, 0xFF,
    0xFF, 0xFF, 0xF8, 0x03, 0xFF, 0xFF, 0xFF, 0xC0, 0x1F, 0xFF, 0xFF, 0xFE, 0x00, 0xFF, 0xFF, 0xFF,
    0xC0, 0x01, 0xFF, 0xFF, 0xFE, 0x00, 0x0F, 0xFF, 0xFF, 0xF0, 0x00, 0x7F, 0xF8, 0x00, 0x00, 0x03,
    0xFF, 0xC0, 0x00, 0x00, 0x7F, 0xFE, 0x00, 0x00, 0x03, 0xFF, 0xF0, 0x00, 0x00, 0x1F, 0xFF, 0x80,
    0x00, 0x07, 0xFF, 0xF0, 0x00, 0x00, 0x3F, 0xFF, 0x80, 0x00, 0x07, 0xFF, 0xE0, 0x00, 0x00, 0x3F,
    0xFF, 0x00, 0x00, 0x07, 0xFF, 0xE0, 0x00, 0x00, 0x3F, 0xFF, 0x00, 0x00, 0x07, 0xFF, 0xE0, 0x00,
    0x00, 0x3F, 0xFF, 0x00, 0x00, 0x01, 0xFF, 0xF8, 0x00, 0x00, 0x7F, 0xFF, 0x00, 0x00, 0x03, 0xFF,
    0xF8, 0x00, 0x00, 0x7F, 0xFE, 0x00, 0x00, 0x03, 0xFF, 0xF0, 0x00, 0x00, 0x7F, 0xFF, 0x80, 0x00,
    0x03, 0xFF, 0xF0, 0x00, 0x00, 0x7F, 0xFF, 0x80, 0x00, 0x03, 0xFF, 0xF0, 0x00, 0x00, 0x3F, 0xFF,
    0x80, 0x00, 0x07, 0xFF, 0xF0, 0x00, 0x00, 0x3F, 0xFF, 0x80, 0x00, 0x07, 0xFF, 0xE0, 0x00, 0x00,
    0x3F, 0xFF, 0x00, 0x00, 0x01, 0xFF, 0xF8, 0x00, 0x00, 0x0F, 0xFF, 0x00, 0x00, 0x00, 0x7F, 0xF8,
    0x00, 0x00, 0x03, 0xFF, 0xFF, 0xFF, 0xFF, 0xFF, 0xFF, 0xFF, 0xFF, 0xFF, 0xFF, 0xFF, 0xFF, 0xFF,
    0xFF, 0xFF, 0xFF, 0xFF, 0xFF, 0xFF, 0xFF, 0xFF, 0xFF, 0xFF, 0xFF, 0xFF, 0xFF, 0xFF, 0xFF, 0xFF,
    0xFF, 0xFF, 0xFF, 0xFF, 0xFF, 0xFF, 0xFF, 0xFF, 0xFF, 0xFF, 0xFF, 0xFF, 0xFF, 0xFF, 0xFF, 0xFF,
    0xFF, 0xFF, 0xFF, 0xFF, 0xFF, 0xF8, 0x00, 0x7F, 0xFF, 0xF0, 0x00, 0x03, 0xFF, 0xFF, 0x80, 0x01,
    0xFF, 0xFF, 0xFF, 0xC0, 0x0F, 0xFF, 0xFF, 0xFE, 0x00, 0x7F, 0xFF, 0xFF, 0xF0, 0x1F, 0xFF, 0xFF,
    0xFF, 0xF0, 0xFF, 0xFF, 0xFF, 0xFF, 0x87, 0xFF, 0xFF, 0xFF, 0xFC, 0x3F, 0xFF, 0xFF, 0xFF, 0xE7,
    0xFF, 0xFF, 0xFF, 0xFF, 0xFF, 0xFF, 0xFF, 0xFF, 0xFF, 0xFF, 0xF8, 0x03, 0xFF, 0xFF, 0xFF, 0xC0,
    0x1F, 0xFF, 0xFF, 0xFE, 0x00, 0xFF, 0xFF, 0xFF, 0xC0, 0x01, 0xFF, 0xFF, 0xFE, 0x00, 0x0F, 0xFF,
    0x00, 0x00, 0x00, 0x7F, 0xF8, 0x00, 0x00, 0x03, 0xFF, 0xC0, 0x00, 0x00, 0x1F, 0xFE, 0x00, 0x00,
    0x00, 0xFF, 0xF0, 0x00, 0x00, 0x07, 0xFF, 0x80, 0x00, 0x00, 0xFF, 0xFC, 0x00, 0x00, 0x07, 0xFF,
    0xE0, 0x03, 0xFF, 0xFF, 0xFC, 0x00, 0x1F, 0xFF, 0xFF, 0xE0, 0x00, 0xFF, 0xFF, 0xF8, 0x00, 0x07,
    0xFF, 0xFF, 0xC0, 0x00, 0x3F, 0xFF, 0xFE, 0x00, 0x01, 0xFF, 0xFF, 0xF0, 0x00, 0x0F, 0xFF, 0xFF,
    0x80, 0x00, 0x7F, 0xFF, 0xFF, 0x80, 0x03, 0xFF, 0xFF, 0xFC, 0x00, 0x00, 0x01, 0xFF, 0xF8, 0x00,
    0x00, 0x0F, 0xFF, 0xC0, 0x00, 0x00, 0x7F, 0xFE, 0x00, 0x00, 0x00, 0xFF, 0xF0, 0x00, 0x00, 0x07,
    0xFF, 0x80, 0x00, 0x00, 0x3F, 0xFC, 0x00, 0x00, 0x01, 0xFF, 0xE0, 0x00, 0x00, 0x0F, 0xFF, 0x00,
    0x00, 0x00, 0x7F, 0xFF, 0xFF, 0x80, 0x03, 0xFF, 0xFF, 0xFC, 0x00, 0x1F, 0xFF, 0xFF, 0xF8, 0x03,
    0xFF, 0xFF, 0xFF, 0xC0, 0x1F, 0xFF, 0xFF, 0xFE, 0x00, 0xFF, 0xFF, 0xFF, 0xFF, 0xFF, 0xFF, 0xFF,
    0xFF, 0xFF, 0xFF, 0xFF, 0x3F, 0xFF, 0xFF, 0xFF, 0xE1, 0xFF, 0xFF, 0xFF, 0xFF, 0x0F, 0xFF, 0xFF,
    0xFF, 0xF8, 0x7F, 0xFF, 0xFF, 0xFF, 0xC3, 0xFF, 0xFF, 0xFF, 0xFE, 0x03, 0xFF, 0xFF, 0xFF, 0x80,
    0x1F, 0xFF, 0xFF, 0xFC, 0x00, 0x0F, 0xFF, 0xFE, 0x00, 0x00, 0x7F, 0xFF, 0xF0, 0x00, 0x00, 0x00,
    0x01, 0xFF, 0xE0, 0x00, 0x00, 0x3F, 0xFC, 0x00, 0x00, 0x3F, 0xFF, 0x80, 0x00, 0x07, 0xFF, 0xF0,
    0x00, 0x00, 0xFF, 0xFE, 0x00, 0x00, 0x7F, 0xFF, 0xC0, 0x00, 0x0F, 0xFF, 0xF8, 0x00, 0x07, 0xFF,
    0xFF, 0x00, 0x00, 0xFF, 0xFF, 0xE0, 0x00, 0x7F, 0xFF, 0xFC, 0x00, 0x0F, 0xFF, 0xFF, 0x80, 0x01,
    0xFF, 0xFF, 0xF0, 0x01, 0xFF, 0xFF, 0xFE, 0x00, 0x3F, 0xFF, 0xFF, 0xC0, 0x1F, 0xFF, 0xFF, 0xF8,
    0x03, 0xFF, 0xFF, 0xFF, 0x01, 0xFF, 0xF9, 0xFF, 0xE0, 0x3F, 0xFF, 0x3F, 0xFC, 0x1F, 0xFF, 0xE7,
    0xFF, 0x83, 0xFF, 0xF0, 0xFF, 0xF1, 0xFF, 0xFE, 0x1F, 0xFE, 0x7F, 0xFF, 0x03, 0xFF, 0xCF, 0xFF,
    0xE0, 0x7F, 0xFF, 0xFF, 0xE0, 0x0F, 0xFF, 0xFF, 0xFC, 0x01, 0xFF, 0xFF, 0xFF, 0x80, 0x3F, 0xFF,
    0xFF, 0xC0, 0x07, 0xFF, 0xFF, 0xF8, 0x00, 0xFF, 0xFF, 0xFF, 0x00, 0x1F, 0xFF, 0xFF, 0xE0, 0x03,
    0xFF, 0xFF, 0xFC, 0x00, 0x7F, 0xFF, 0xFF, 0x80, 0x0F, 0xFF, 0xFF, 0xF0, 0x01, 0xFF, 0xFF, 0xFE,
    0x00, 0x3F, 0xFF, 0xFF, 0xC0, 0x07, 0xFF, 0xFF, 0xFF, 0xFF, 0xFF, 0xFF, 0xFF, 0xFF, 0xFF, 0xFF,
    0xFF, 0xFF, 0xFF, 0xFF, 0xFF, 0xFF, 0xFF, 0xFF, 0xFF, 0xFF, 0xFF, 0xFF, 0xFF, 0xFF, 0xFF, 0xFF,
    0xFF, 0xFF, 0xFF, 0xFF, 0xFF, 0xFF, 0xFF, 0xFF, 0xFF, 0xFF, 0xFF, 0xFF, 0xFF, 0xFF, 0xFF, 0xFF,
    0xFF, 0xFF, 0xFF, 0xFF, 0xFF, 0xFF, 0xFF, 0xC0, 0x00, 0x00, 0x7F, 0xF8, 0x00, 0x00, 0x0F, 0xFF,
    0x00, 0x00, 0x01, 0xFF, 0xE0, 0x00, 0x00, 0x3F, 0xFC, 0x00, 0x00, 0x07, 0xFF, 0x80, 0x00, 0x00,
    0xFF, 0xF0, 0x00, 0x00, 0x1F, 0xFE, 0x00, 0x00, 0x03, 0xFF, 0xC0, 0x00, 0x00, 0x7F, 0xF8, 0x00,
    0x00, 0x0F, 0xFF, 0x00, 0x00, 0x01, 0xFF, 0xE0, 0xFF, 0xFF, 0xFF, 0xFF, 0xFF, 0xFF, 0xFF, 0xFF,
    0xFF, 0xFF, 0xFF, 0xFF, 0xFF, 0xFF, 0xFF, 0xFF, 0xFF, 0xFF, 0xFF, 0xFF, 0xFF, 0xFF, 0xFF, 0xFF,
    0xFF, 0xFF, 0xFF, 0xFF, 0xFF, 0xFF, 0xFF, 0xFF, 0xFF, 0xFF, 0xFF, 0xFF, 0xFF, 0xFF, 0xFF, 0xFF,
    0xFF, 0xFF, 0xFF, 0xFF, 0xFF, 0xFF, 0xFF, 0xFF, 0xFF, 0xFF, 0xFF, 0xFF, 0xE0, 0x00, 0x00, 0x0F,
    0xFF, 0x00, 0x00, 0x00, 0x7F, 0xF8, 0x00, 0x00, 0x03, 0xFF, 0xC0, 0x00, 0x00, 0x1F, 0xFE, 0x00,
    0x00, 0x00, 0xFF, 0xF0, 0x00, 0x00, 0x07, 0xFF, 0x80, 0x00, 0x00, 0x3F, 0xFC, 0x00, 0x00, 0x01,
    0xFF, 0xE0, 0x00, 0x00, 0x0F, 0xFF, 0x00, 0x00, 0x00, 0x7F, 0xFF, 0xFF, 0xF8, 0x03, 0xFF, 0xFF,
    0xFF, 0xC0, 0x1F, 0xFF, 0xFF, 0xFF, 0xE0, 0xFF, 0xFF, 0xFF, 0xFF, 0x07, 0xFF, 0xFF, 0xFF, 0xFF,
    0x3F, 0xFF, 0xFF, 0xFF, 0xF9, 0xFF, 0xFF, 0xFF, 0xFF, 0xCF, 0xFF, 0xFF, 0xFF, 0xFE, 0x7F, 0xFF,
    0xFF, 0xFF, 0xF3, 0xFF, 0xFF, 0xFF, 0xFF, 0xFF, 0xFF, 0xFF, 0xFF, 0xFF, 0x00, 0x00, 0x01, 0xFF,
    0xF8, 0x00, 0x00, 0x0F, 0xFF, 0xC0, 0x00, 0x00, 0x7F, 0xFE, 0x00, 0x00, 0x00, 0xFF, 0xF0, 0x00,
    0x00, 0x07, 0xFF, 0x80, 0x00, 0x00, 0x3F, 0xFC, 0x00, 0x00, 0x01, 0xFF, 0xE0, 0x00, 0x00, 0x0F,
    0xFF, 0x00, 0x00, 0x00, 0x7F, 0xFF, 0xFF, 0x80, 0x03, 0xFF, 0xFF, 0xFC, 0x00, 0x1F, 0xFF, 0xFF,
    0xF8, 0x03, 0xFF, 0xFF, 0xFF, 0xC0, 0x1F, 0xFF, 0xFF, 0xFE, 0x00, 0xFF, 0xFF, 0xFF, 0xFF, 0xFF,
    0xFF, 0xFF, 0xFF, 0xFF, 0xFF, 0xFF, 0x3F, 0xFF, 0xFF, 0xFF, 0xE1, 0xFF, 0xFF, 0xFF, 0xFF, 0x0F,
    0xFF, 0xFF, 0xFF, 0xF8, 0x7F, 0xFF, 0xFF, 0xFF, 0xC0, 0x7F, 0xFF, 0xFF, 0xF0, 0x03, 0xFF, 0xFF,
    0xFF, 0x80, 0x1F, 0xFF, 0xFF, 0xFC, 0x00, 0x0F, 0xFF, 0xFE, 0x00, 0x00, 0x7F, 0xFF, 0xF0, 0x00,
    0x00, 0x7F, 0xFF, 0xF0, 0x00, 0x03, 0xFF, 0xFF, 0x80, 0x01, 0xFF, 0xFF, 0xFF, 0xC0, 0x0F, 0xFF,
    0xFF, 0xFE, 0x03, 0xFF, 0xFF, 0xFF, 0xFE, 0x1F, 0xFF, 0xFF, 0xFF, 0xF0, 0xFF, 0xFF, 0xFF, 0xFF,
    0x87, 0xFF, 0xFF, 0xFF, 0xFC, 0x3F, 0xFF, 0xFF, 0xFF, 0xE7, 0xFF, 0xFF, 0xFF, 0xFF, 0xFF, 0xFF,
    0xFF, 0xFF, 0xFF, 0xFF, 0xF8, 0x03, 0xFF, 0xFF, 0xFF, 0xC0, 0x1F, 0xFF, 0xFF, 0xFE, 0x00, 0xFF,
    0xFF, 0xFF, 0xC0, 0x01, 0xFF, 0xFF, 0xFE, 0x00, 0x0F, 0xFF, 0xFF, 0xF0, 0x00, 0x00, 0x07, 0xFF,
    0x80, 0x00, 0x00, 0x3F, 0xFC, 0x00, 0x00, 0x01, 0xFF, 0xE0, 0x00, 0x00, 0x0F, 0xFF, 0x00, 0x00,
    0x00, 0x7F, 0xFF, 0xFF, 0xF8, 0x03, 0xFF, 0xFF, 0xFF, 0xC0, 0x1F, 0xFF, 0xFF, 0xFF, 0xE0, 0xFF,
    0xFF, 0xFF, 0xFF, 0x07, 0xFF, 0xFF, 0xFF, 0xFF, 0x3F, 0xFF, 0xFF, 0xFF, 0xF9, 0xFF, 0xFF, 0xFF,
    0xFF, 0xCF, 0xFF, 0xFF, 0xFF, 0xFE, 0x7F, 0xFF, 0xFF, 0xFF, 0xF3, 0xFF, 0xFF, 0xFF, 0xFF, 0xFF,
    0xFF, 0xFF, 0xFF, 0xFF, 0xFF, 0xFC, 0x01, 0xFF, 0xFF, 0xFF, 0xE0, 0x0F, 0xFF, 0xFF, 0xFF, 0x00,
    0x7F, 0xFF, 0xFF, 0xE0, 0x00, 0xFF, 0xFF, 0xFF, 0x00, 0x07, 0xFF, 0xFF, 0xF8, 0x00, 0x3F, 0xFF,
    0xFF, 0xC0, 0x01, 0xFF, 0xFF, 0xFE, 0x00, 0x0F, 0xFF, 0xFF, 0xF0, 0x00, 0x7F, 0xFF, 0xFF, 0x80,
    0x03, 0xFF, 0xFF, 0xFC, 0x00, 0x1F, 0xFF, 0xFF, 0xF8, 0x03, 0xFF, 0xFF, 0xFF, 0xC0, 0x1F, 0xFF,
    0xFF, 0xFE, 0x00, 0xFF, 0xFF, 0xFF, 0xFF, 0xFF, 0xFF, 0xFF, 0xFF, 0xFF, 0xFF, 0xFF, 0x3F, 0xFF,
    0xFF, 0xFF, 0xE1, 0xFF, 0xFF, 0xFF, 0xFF, 0x0F, 0xFF, 0xFF, 0xFF, 0xF8, 0x7F, 0xFF, 0xFF, 0xFF,
    0xC0, 0x7F, 0xFF, 0xFF, 0xF0, 0x03, 0xFF, 0xFF, 0xFF, 0x80, 0x1F, 0xFF, 0xFF, 0xFC, 0x00, 0x0F,
    0xFF, 0xFE, 0x00, 0x00, 0x7F, 0xFF, 0xF0, 0x00, 0xFF, 0xFF, 0xFF, 0xFF, 0xFF, 0xFF, 0xFF, 0xFF,
    0xFF, 0xFF, 0xFF, 0xFF, 0xFF, 0xFF, 0xFF, 0xFF, 0xFF, 0xFF, 0xFF, 0xFF, 0xFF, 0xFF, 0xFF, 0xFF,
    0xFF, 0xFF, 0xFF, 0xFF, 0xFF, 0xFF, 0xFF, 0xFF, 0xFF, 0xFF, 0xFF, 0xFF, 0xFF, 0xFF, 0xFF, 0xFF,
    0xFF, 0xFF, 0xFF, 0xFF, 0xFF, 0xFF, 0xFF, 0xFF, 0x80, 0x00, 0x07, 0xFF, 0xF0, 0x00, 0x00, 0xFF,
    0xFE, 0x00, 0x00, 0x1F, 0xFF, 0xC0, 0x00, 0x03, 0xFF, 0xF8, 0x00, 0x00, 0x7F, 0xFF, 0x00, 0x00,
    0x0F, 0xFF, 0xE0, 0x00, 0x01, 0xFF, 0xFC, 0x00, 0x00, 0x3F, 0xFF, 0x80, 0x00, 0x07, 0xFF, 0xF0,
    0x00, 0x03, 0xFF, 0xFC, 0x00, 0x00, 0x7F, 0xFE, 0x00, 0x00, 0x0F, 0xFF, 0xC0, 0x00, 0x01, 0xFF,
    0xF8, 0x00, 0x00, 0xFF, 0xFF, 0x00, 0x00, 0x1F, 0xFF, 0x80, 0x00, 0x03, 0xFF, 0xF0, 0x00, 0x00,
    0x7F, 0xFE, 0x00, 0x00, 0x0F, 0xFF, 0xC0, 0x00, 0x07, 0xFF, 0xF8, 0x00, 0x00, 0xFF, 0xFC, 0x00,
    0x00, 0x1F, 0xFF, 0x80, 0x00, 0x03, 0xFF, 0xF0, 0x00, 0x00, 0x7F, 0xFE, 0x00, 0x00, 0x7F, 0xFF,
    0x00, 0x00, 0x0F, 0xFF, 0xE0, 0x00, 0x01, 0xFF, 0xFC, 0x00, 0x00, 0x3F, 0xFF, 0x80, 0x00, 0x07,
    0xFF, 0xE0, 0x00, 0x00, 0xFF, 0xF0, 0x00, 0x00, 0x1F, 0xFE, 0x00, 0x00, 0x03, 0xFF, 0xC0, 0x00,
    0x00, 0x7F, 0xF8, 0x00, 0x00, 0x0F, 0xFF, 0x00, 0x00, 0x01, 0xFF, 0xE0, 0x00, 0x00, 0x3F, 0xFC,
    0x00, 0x00, 0x07, 0xFF, 0x80, 0x00, 0x00, 0xFF, 0xF0, 0x00, 0x00, 0x1F, 0xFE, 0x00, 0x00, 0x03,
    0xFF, 0xC0, 0x00, 0x00, 0x7F, 0xF8, 0x00, 0x00, 0x0F, 0xFF, 0x00, 0x00, 0x01, 0xFF, 0xE0, 0x00,
    0x00, 0x3F, 0xFC, 0x00, 0x00, 0x07, 0xFF, 0x80, 0x00, 0x00, 0xFF, 0xF0, 0x00, 0x00, 0x1F, 0xFE,
    0x00, 0x00, 0x00, 0x7F, 0xFF, 0xF0, 0x00, 0x03, 0xFF, 0xFF, 0x80, 0x01, 0xFF, 0xFF, 0xFF, 0xC0,
    0x0F, 0xFF, 0xFF, 0xFE, 0x00, 0x7F, 0xFF, 0xFF, 0xF0, 0x1F, 0xFF, 0xFF, 0xFF, 0xF0, 0xFF, 0xFF,
    0xFF, 0xFF, 0x87, 0xFF, 0xFF, 0xFF, 0xFC, 0x3F, 0xFF, 0xFF, 0xFF, 0xE7, 0xFF, 0xFF, 0xFF, 0xFF,
    0xFF, 0xFF, 0xFF, 0xFF, 0xFF, 0xFF, 0xF8, 0x03, 0xFF, 0xFF, 0xFF, 0xC0, 0x1F, 0xFF, 0xFF, 0xFE,
    0x00, 0xFF, 0xFF, 0xFF, 0xC0, 0x01, 0xFF, 0xFF, 0xFE, 0x00, 0x0F, 0xFF, 0xFF, 0xF0, 0x00, 0x7F,
    0xFF, 0xFF, 0x80, 0x03, 0xFF, 0xFF, 0xFC, 0x00, 0x1F, 0xFF, 0xFF, 0xE0, 0x00, 0xFF, 0xFF, 0xFF,
    0x00, 0x07, 0xFF, 0xFF, 0xFE, 0x00, 0xFF, 0xFF, 0xFF, 0xF0, 0x07, 0xFF, 0xE7, 0xFF, 0xFF, 0xFF,
    0xFC, 0x3F, 0xFF, 0xFF, 0xFF, 0xE0, 0x3F, 0xFF, 0xFF, 0xF8, 0x01, 0xFF, 0xFF, 0xFF, 0xC0, 0x0F,
    0xFF, 0xFF, 0xFE, 0x00, 0x7F, 0xFF, 0xFF, 0xF0, 0x03, 0xFF, 0xFF, 0xFF, 0x80, 0xFF, 0xFF, 0xFF,
    0xFF, 0x87, 0xFF, 0xFF, 0xFF, 0xFC, 0xFF, 0xFC, 0x01, 0xFF, 0xFF, 0xFF, 0xE0, 0x0F, 0xFF, 0xFF,
    0xFF, 0x00, 0x7F, 0xFF, 0xFF, 0xE0, 0x00, 0xFF, 0xFF, 0xFF, 0x00, 0x07, 0xFF, 0xFF, 0xF8, 0x00,
    0x3F, 0xFF, 0xFF, 0xC0, 0x01, 0xFF, 0xFF, 0xFE, 0x00, 0x0F, 0xFF, 0xFF, 0xF0, 0x00, 0x7F, 0xFF,
    0xFF, 0x80, 0x03, 0xFF, 0xFF, 0xFC, 0x00, 0x1F, 0xFF, 0xFF, 0xF8, 0x03, 0xFF, 0xFF, 0xFF, 0xC0,
    0x1F, 0xFF, 0xFF, 0xFE, 0x00, 0xFF, 0xFF, 0xFF, 0xFF, 0xFF, 0xFF, 0xFF, 0xFF, 0xFF, 0xFF, 0xFF,
    0x3F, 0xFF, 0xFF, 0xFF, 0xE1, 0xFF, 0xFF, 0xFF, 0xFF, 0x0F, 0xFF, 0xFF, 0xFF, 0xF8, 0x7F, 0xFF,
    0xFF, 0xFF, 0xC3, 0xFF, 0xFF, 0xFF, 0xFE, 0x03, 0xFF, 0xFF, 0xFF, 0x80, 0x1F, 0xFF, 0xFF, 0xFC,
    0x00, 0x0F, 0xFF, 0xFE, 0x00, 0x00, 0x7F, 0xFF, 0xF0, 0x00, 0x00, 0x7F, 0xFF, 0xF0, 0x00, 0x03,
    0xFF, 0xFF, 0x80, 0x00, 0x1F, 0xFF, 0xFC, 0x00, 0x0F, 0xFF, 0xFF, 0xFE, 0x00, 0x7F, 0xFF, 0xFF,
    0xF0, 0x1F, 0xFF, 0xFF, 0xFF, 0xF0, 0xFF, 0xFF, 0xFF, 0xFF, 0x87, 0xFF, 0xFF, 0xFF, 0xFC, 0x3F,
    0xFF, 0xFF, 0xFF, 0xE1, 0xFF, 0xFF, 0xFF, 0xFF, 0x3F, 0xFF, 0xFF, 0xFF, 0xFF, 0xFF, 0xF8, 0x03,
    0xFF, 0xFF, 0xFF, 0xC0, 0x1F, 0xFF, 0xFF, 0xFE, 0x00, 0xFF, 0xFF, 0xFF, 0xC0, 0x01, 0xFF, 0xFF,
    0xFE, 0x00, 0x0F, 0xFF, 0xFF, 0xF0, 0x00, 0x7F, 0xFF, 0xFF, 0x80, 0x03, 0xFF, 0xFF, 0xFC, 0x00,
    0x1F, 0xFF, 0xFF, 0xE0, 0x00, 0xFF, 0xFF, 0xFF, 0x00, 0x07, 0xFF, 0xFF, 0xF8, 0x00, 0x3F, 0xFF,
    0xFF, 0xF0, 0x07, 0xFF, 0xFF, 0xFF, 0x80, 0x3F, 0xFF, 0xFF, 0xFC, 0x01, 0xFF, 0xFF, 0xFF, 0xFF,
    0xFF, 0xFF, 0xFF, 0xFF, 0xFF, 0xFF, 0xFF, 0xFF, 0xFF, 0xFF, 0xFF, 0xF3, 0xFF, 0xFF, 0xFF, 0xFF,
    0x9F, 0xFF, 0xFF, 0xFF, 0xFC, 0xFF, 0xFF, 0xFF, 0xFF, 0xE7, 0xFF, 0xFF, 0xFF, 0xFF, 0x07, 0xFF,
    0xFF, 0xFF, 0xF8, 0x3F, 0xFF, 0xFF, 0xFF, 0xC1, 0xFF, 0xFF, 0xFF, 0xFE, 0x00, 0xFF, 0xFF, 0xFF,
    0xF0, 0x00, 0x00, 0x07, 0xFF, 0x80, 0x00, 0x00, 0x3F, 0xFC, 0x00, 0x00, 0x01, 0xFF, 0xE0, 0x00,
    0x00, 0x0F, 0xFF, 0x00, 0x00, 0x00, 0x7F, 0xFF, 0xFF, 0x80, 0x03, 0xFF, 0xFF, 0xFC, 0x00, 0x1F,
    0xFF, 0xFF, 0xF8, 0x03, 0xFF, 0xFF, 0xFF, 0xC0, 0x1F, 0xFF, 0xFF, 0xFE, 0x00, 0xFF, 0xFF, 0xFF,
    0xFF, 0xFF, 0xFF, 0xFF, 0xFF, 0xFF, 0xFF, 0xFF, 0x3F, 0xFF, 0xFF, 0xFF, 0xE1, 0xFF, 0xFF, 0xFF,
    0xFF, 0x0F, 0xFF, 0xFF, 0xFF, 0xF8, 0x7F, 0xFF, 0xFF, 0xFF, 0xC3, 0xFF, 0xFF, 0xFF, 0xFE, 0x03,
    0xFF, 0xFF, 0xFF, 0x80, 0x1F, 0xFF, 0xFF, 0xFC, 0x00, 0x0F, 0xFF, 0xFE, 0x00, 0x00, 0x7F, 0xFF,
    0xF0, 0x00, 0xFF, 0xFF, 0xFF, 0xFF, 0xFF, 0xFF, 0xFF, 0xFF, 0xFF, 0xFF, 0xFF, 0xFF, 0xFF, 0xFF,
    0xFF, 0xFF, 0xF0, 0x00, 0x00, 0x00, 0x00, 0x00, 0x00, 0x00, 0x00, 0x00, 0x00, 0x00, 0x00, 0x00,
    0x00, 0x00, 0x00, 0x00, 0x00, 0x00, 0x00, 0x00, 0x00, 0x00, 0x00, 0x00, 0x00, 0x00, 0x00, 0x00,
    0x00, 0x00, 0x00, 0x00, 0x00, 0xFF, 0xFF, 0xFF, 0xFF, 0xFF, 0xFF, 0xFF, 0xFF, 0xFF, 0xFF, 0xFF,
    0xFF, 0xFF, 0xFF, 0xFF, 0xFF, 0xF0, 0xFF, 0xFF, 0xFF, 0xFF, 0xFF, 0xFF, 0xFF, 0xFF, 0xFF, 0xFF,
    0xFF, 0xFF, 0xFF, 0xFF, 0xFF, 0xFF, 0xF0, 0x00, 0x00, 0x00, 0x00, 0x00, 0x00, 0x00, 0x00, 0x00,
    0x00, 0x00, 0x00, 0x00, 0x00, 0x00, 0x00, 0x00, 0x00, 0x00, 0x00, 0x00, 0x00, 0x00, 0x00, 0x00,
    0x00, 0x00, 0x00, 0x00, 0x00, 0x00, 0x00, 0x00, 0x00, 0xFF, 0xFF, 0xFF, 0xFF, 0xFF, 0xFF, 0xFF,
    0xFF, 0xFF, 0xFF, 0xFF, 0xFF, 0xFF, 0xFF, 0xFF, 0xFF, 0xF0, 0x7F, 0x07, 0xF0, 0x7F, 0x07, 0xC3,
    0xFC, 0x3F, 0x0F, 0xF0, 0xF8, 0x0F, 0x80, 0x00, 0x00, 0x00, 0x00, 0xF8, 0x00, 0x00, 0x00, 0x07,
    0xC0, 0x00, 0x00, 0x00, 0x3E, 0x00, 0x00, 0x00, 0x3F, 0xF0, 0x00, 0x00, 0x01, 0xFF, 0x80, 0x00,
    0x00, 0xFF, 0xFC, 0x00, 0x00, 0x07, 0xFF, 0xE0, 0x00, 0x07, 0xFF, 0xFF, 0x00, 0x00, 0x3F, 0xFF,
    0xF8, 0x00, 0x1F, 0xFF, 0xFF, 0xC0, 0x00, 0xFF, 0xFF, 0xFE, 0x00, 0x07, 0xFF, 0xFE, 0x00, 0x07,
    0xFF, 0xFF, 0xF0, 0x00, 0x3F, 0xFF, 0xFF, 0x80, 0x1F, 0xFF, 0xFF, 0xC0, 0x00, 0xFF, 0xFF, 0xFE,
    0x00, 0xFF, 0xFF, 0xFE, 0x00, 0x07, 0xFF, 0xFF, 0xF0, 0x00, 0x3F, 0xFF, 0xF8, 0x00, 0x01, 0xFF,
    0xFF, 0xC0, 0x00, 0x0F, 0xFF, 0xFE, 0x00, 0x00, 0x7F, 0xFF, 0xF0, 0x00, 0x03, 0xFF, 0xFF, 0x80,
    0x00, 0x1F, 0xFF, 0xFF, 0xC0, 0x00, 0xFF, 0xFF, 0xFE, 0x00, 0x00, 0x3F, 0xFF, 0xFF, 0x80, 0x01,
    0xFF, 0xFF, 0xFC, 0x00, 0x00, 0xFF, 0xFF, 0xFE, 0x00, 0x07, 0xFF, 0xFF, 0xF0, 0x00, 0x3F, 0xFF,
    0xFF, 0x80, 0x00, 0x0F, 0xFF, 0xFF, 0xE0, 0x00, 0x7F, 0xFF, 0xFF, 0x00, 0x00, 0x3F, 0xFF, 0xF8,
    0x00, 0x01, 0xFF, 0xFF, 0xC0, 0x00, 0x00, 0x7F, 0xFE, 0x00, 0x00, 0x03, 0xFF, 0xF0, 0x00, 0x00,
    0x01, 0xFF, 0x80, 0x00, 0x00, 0x0F, 0xFC, 0x00, 0x00, 0x00, 0x03, 0xE0, 0x00, 0x00, 0x00, 0x1F,
    0x00, 0x00, 0x00, 0x00, 0xF8, 0xFF, 0xFF, 0xFF, 0xFF, 0xFF, 0xFF, 0xFF, 0xFF, 0xFF, 0xFF, 0xFF,
    0xFF, 0xFF, 0xFF, 0xFF, 0xFF, 0xFF, 0xFF, 0xFF, 0xFF, 0xFF, 0xFF, 0xFF, 0xFF, 0xFF, 0xFF, 0xFF,
    0xFF, 0xFF, 0xFF, 0xFF, 0xFF, 0xFF, 0xFF, 0xFF, 0xFF, 0xFF, 0xFF, 0xFF, 0xFF, 0xFF, 0xF8, 0x00,
    0x00, 0x00, 0x00, 0x00, 0x00, 0x00, 0x00, 0x00, 0x00, 0x00, 0x00, 0x00, 0x00, 0x00, 0x00, 0x00,
    0x00, 0x00, 0x00, 0x00, 0x00, 0x00, 0x00, 0x00, 0x00, 0x00, 0x00, 0x00, 0x00, 0x00, 0x00, 0xFF,
    0xFF, 0xFF, 0xFF, 0xFF, 0xFF, 0xFF, 0xFF, 0xFF, 0xFF, 0xFF, 0xFF, 0xFF, 0xFF, 0xFF, 0xFF, 0xFF,
    0xFF, 0xFF, 0xFF, 0xFF, 0xFF, 0xFF, 0xFF, 0xFF, 0xFF, 0xFF, 0xFF, 0xFF, 0xFF, 0xFF, 0xFF, 0xFF,
    0xFF, 0xFF, 0xFF, 0xFF, 0xFF, 0xFF, 0xFF, 0xFF, 0xF8, 0xF8, 0x00, 0x00, 0x00, 0x07, 0xC0, 0x00,
    0x00, 0x00, 0x3E, 0x00, 0x00, 0x00, 0x01, 0xFF, 0x80, 0x00, 0x00, 0x0F, 0xFC, 0x00, 0x00, 0x00,
    0x7F, 0xFE, 0x00, 0x00, 0x03, 0xFF, 0xF0, 0x00, 0x00, 0x1F, 0xFF, 0xFC, 0x00, 0x00, 0xFF, 0xFF,
    0xE0, 0x00, 0x07, 0xFF, 0xFF, 0xF0, 0x00, 0x3F, 0xFF, 0xFF, 0x80, 0x00, 0x0F, 0xFF, 0xFC, 0x00,
    0x00, 0x7F, 0xFF, 0xFF, 0x00, 0x03, 0xFF, 0xFF, 0xF8, 0x00, 0x01, 0xFF, 0xFF, 0xFC, 0x00, 0x0F,
    0xFF, 0xFF, 0xE0, 0x00, 0x03, 0xFF, 0xFF, 0xF8, 0x00, 0x1F, 0xFF, 0xFF, 0xC0, 0x00, 0x0F, 0xFF,
    0xFE, 0x00, 0x00, 0x7F, 0xFF, 0xF0, 0x00, 0x03, 0xFF, 0xFF, 0x80, 0x00, 0x1F, 0xFF, 0xFC, 0x00,
    0x00, 0xFF, 0xFF, 0xE0, 0x00, 0x7F, 0xFF, 0xFF, 0x00, 0x03, 0xFF, 0xFF, 0xF8, 0x03, 0xFF, 0xFF,
    0xF8, 0x00, 0x1F, 0xFF, 0xFF, 0xC0, 0x0F, 0xFF, 0xFF, 0xE0, 0x00, 0x7F, 0xFF, 0xFF, 0x00, 0x03,
    0xFF, 0xFF, 0xF8, 0x03, 0xFF, 0xFF, 0xF8, 0x00, 0x1F, 0xFF, 0xFF, 0xC0, 0x00, 0xFF, 0xFF, 0xE0,
    0x00, 0x07, 0xFF, 0xFF, 0x00, 0x00, 0x3F, 0xFF, 0x00, 0x00, 0x01, 0xFF, 0xF8, 0x00, 0x00, 0x0F,
    0xFC, 0x00, 0x00, 0x00, 0x7F, 0xE0, 0x00, 0x00, 0x03, 0xE0, 0x00, 0x00, 0x00, 0x1F, 0x00, 0x00,
    0x00, 0x00, 0xF8, 0x00, 0x00, 0x00, 0x00, 0x00, 0x7F, 0xFF, 0xC0, 0x00, 0x0F, 0xFF, 0xF8, 0x00,
    0x01, 0xFF, 0xFF, 0x00, 0x03, 0xFF, 0xFF, 0xFE, 0x00, 0x7F, 0xFF, 0xFF, 0xC0, 0x7F, 0xFF, 0xFF,
    0xFE, 0x0F, 0xFF, 0xFF, 0xFF, 0xC1, 0xFF, 0xFF, 0xFF, 0xF8, 0x3F, 0xFF, 0xFF, 0xFF, 0x1F, 0xFF,
    0xFF, 0xFF, 0xFF, 0xFF, 0xFF, 0xFF, 0xFF, 0xFF, 0xFE, 0x07, 0xFF, 0xFF, 0xFF, 0xC0, 0xFF, 0xFF,
    0xFF, 0xF8, 0x0F, 0xFF, 0xFF, 0xFC, 0x00, 0x7F, 0xFF, 0xFF, 0x80, 0x0F, 0xFF, 0x00, 0x00, 0x01,
    0xFF, 0xE0, 0x00, 0x00, 0x3F, 0xFC, 0x00, 0x00, 0x3F, 0xFF, 0x80, 0x00, 0x07, 0xFF, 0xF0, 0x00,
    0x03, 0xFF, 0xFE, 0x00, 0x00, 0x7F, 0xFF, 0xC0, 0x00, 0x0F, 0xFF, 0xF8, 0x00, 0x07, 0xFF, 0xF8,
    0x00, 0x00, 0xFF, 0xFF, 0x00, 0x00, 0x7F, 0xFF, 0x80, 0x00, 0x0F, 0xFF, 0xF0, 0x00, 0x0F, 0xFF,
    0xF8, 0x00, 0x01, 0xFF, 0xFF, 0x00, 0x00, 0x3F, 0xFF, 0xC0, 0x00, 0x07, 0xFF, 0xF0, 0x00, 0x00,
    0xFF, 0xFC, 0x00, 0x00, 0x1F, 0xFE, 0x00, 0x00, 0x03, 0xFF, 0xC0, 0x00, 0x00, 0x0F, 0xE0, 0x00,
    0x00, 0x01, 0xFC, 0x00, 0x00, 0x00, 0x0E, 0x00, 0x00, 0x00, 0x01, 0xC0, 0x00, 0x00, 0x00, 0x38,
    0x00, 0x00, 0x00, 0x00, 0x00, 0x00, 0x00, 0x00, 0x00, 0x00, 0x00, 0x00, 0x00, 0x00, 0x00, 0x00,
    0x00, 0x00, 0x00, 0x00, 0x00, 0x00, 0x00, 0x00, 0x00, 0x00, 0x00, 0x00, 0x00, 0x00, 0x00, 0x00,
    0x00, 0x07, 0xFF, 0x80, 0x00, 0x00, 0xFF, 0xF0, 0x00, 0x00, 0x1F, 0xFE, 0x00, 0x00, 0x03, 0xFF,
    0xC0, 0x00, 0x00, 0x7F, 0xF8, 0x00, 0x00, 0x0F, 0xFF, 0x00, 0x00, 0x01, 0xFF, 0xE0, 0x00, 0x00,
    0x3F, 0xFC, 0x00, 0x00, 0x07, 0xFF, 0x80, 0x00, 0x00, 0xFF, 0xF0, 0x00, 0x00, 0x1F, 0xFE, 0x00,
    0x00, 0x00, 0x00, 0x07, 0xFF, 0xFF, 0x80, 0x00, 0x00, 0x00, 0x00, 0x3F, 0xFF, 0xFE, 0x00, 0x00,
    0x00, 0x00, 0x00, 0xFF, 0xFF, 0xF8, 0x00, 0x00, 0x00, 0x00, 0x3F, 0xFF, 0xFF, 0xFF, 0x00, 0x00,
    0x00, 0x00, 0xFF, 0xFF, 0xFF, 0xFC, 0x00, 0x00, 0x00, 0x7F, 0xFF, 0xFF, 0xFF, 0xFF, 0x00, 0x00,
    0x01, 0xFF, 0xFF, 0xFF, 0xFF, 0xFC, 0x00, 0x00, 0x1F, 0xFF, 0xFF, 0xFF, 0xFF, 0xFC, 0x00, 0x00,
    0x7F, 0xFE, 0x00, 0x03, 0xFF, 0xF0, 0x00, 0x07, 0xFF, 0xF8, 0x00, 0x0F, 0xFF, 0xF0, 0x00, 0x1F,
    0xFE, 0x00, 0x00, 0x01, 0xFF, 0xE0, 0x01, 0xFF, 0xF8, 0x00, 0x00, 0x07, 0xFF, 0xC0, 0x07, 0xFC,
    0x00, 0x00, 0x00, 0x01, 0xFF, 0x80, 0x1F, 0xF0, 0x00, 0x00, 0x00, 0x07, 0xFE, 0x03, 0xFF, 0x80,
    0x1F, 0xFF, 0xF8, 0x0F, 0xFE, 0x0F, 0xFC, 0x00, 0x7F, 0xFF, 0xE0, 0x1F, 0xF8, 0x3F, 0xF0, 0x3F,
    0xFF, 0xFF, 0xE0, 0x3F, 0xE0, 0xFF, 0x00, 0xFF, 0xFF, 0xFF, 0xC0, 0x3F, 0x8F, 0xFC, 0x0F, 0xFF,
    0xFF, 0xFF, 0xC0, 0xFF, 0xBF, 0xF0, 0x3F, 0xFF, 0xFF, 0xFF, 0x03, 0xFE, 0xFF, 0xC0, 0xFF, 0xFF,
    0xFF, 0xFC, 0x0F, 0xFB, 0xFC, 0x03, 0xFF, 0xFF, 0xFF, 0xF0, 0x0F, 0xEF, 0xF0, 0x0F, 0xFF, 0xFF,
    0xFF, 0xC0, 0x3F, 0xBF, 0xC0, 0xFF, 0xF0, 0x03, 0xFF, 0x00, 0xFE, 0xFF, 0x03, 0xFF, 0xC0, 0x0F,
    0xFC, 0x03, 0xFB, 0xFC, 0x0F, 0xFE, 0x00, 0x3F, 0xF0, 0x0F, 0xEF, 0xF0, 0x3F, 0xE0, 0x00, 0xFF,
    0xC0, 0x3F, 0xBF, 0xC0, 0xFF, 0x80, 0x03, 0xFF, 0x00, 0xFE, 0xFF, 0x03, 0xFE, 0x00, 0x0F, 0xFC,
    0x03, 0xFB, 0xFC, 0x0F, 0xF8, 0x00, 0x3F, 0xF0, 0x0F, 0xEF, 0xF0, 0x3F, 0xE0, 0x00, 0xFF, 0xC0,
    0x3F, 0xBF, 0xC0, 0xFF, 0x80, 0x03, 0xFF, 0x00, 0xFE, 0xFF, 0x03, 0xFE, 0x00, 0x0F, 0xFC, 0x03,
    0xFB, 0xFC, 0x0F, 0xF8, 0x00, 0x3F, 0xF0, 0x0F, 0xEF, 0xF0, 0x3F, 0xE0, 0x00, 0xFF, 0xC0, 0x3F,
    0xBF, 0xC0, 0xFF, 0x80, 0x03, 0xFF, 0x00, 0xFE, 0xFF, 0x03, 0xFF, 0x80, 0x0F, 0xFC, 0x0F, 0xFB,
    0xFC, 0x0F, 0xFF, 0x00, 0x3F, 0xF0, 0x3F, 0xEF, 0xF0, 0x3F, 0xFF, 0xFF, 0xFF, 0xFF, 0xFF, 0xBF,
    0xC0, 0x3F, 0xFF, 0xFF, 0xFF, 0xFF, 0xF8, 0xFF, 0x00, 0xFF, 0xFF, 0xFF, 0xFF, 0xFF, 0xE3, 0xFF,
    0x03, 0xFF, 0xFF, 0xFF, 0xFF, 0xFE, 0x0F, 0xFC, 0x0F, 0xFF, 0xFF, 0xFF, 0xFF, 0xF8, 0x3F, 0xF0,
    0x3F, 0xFF, 0xFF, 0xFF, 0xFF, 0xE0, 0x3F, 0xC0, 0x3F, 0xFF, 0xFF, 0xFF, 0xFE, 0x00, 0xFF, 0xC0,
    0xFF, 0xFF, 0xFF, 0xFF, 0xF8, 0x03, 0xFF, 0x00, 0x1F, 0xFE, 0xFF, 0xFF, 0x00, 0x0F, 0xFF, 0x00,
    0x7F, 0xF3, 0xFF, 0xFC, 0x00, 0x07, 0xFC, 0x00, 0x00, 0x00, 0x00, 0x00, 0x00, 0x1F, 0xF0, 0x00,
    0x00, 0x00, 0x00, 0x00, 0x00, 0x1F, 0xFE, 0x00, 0x00, 0x00, 0x00, 0x00, 0x00, 0x7F, 0xF8, 0x00,
    0x00, 0x00, 0x00, 0x00, 0x01, 0xFF, 0xFE, 0x00, 0x00, 0x00, 0x00, 0x00, 0x01, 0xFF, 0xF8, 0x00,
    0x00, 0x00, 0x00, 0x00, 0x07, 0xFF, 0xFF, 0xFF, 0xFF, 0xFC, 0x00, 0x00, 0x07, 0xFF, 0xFF, 0xFF,
    0xFF, 0xF0, 0x00, 0x00, 0x1F, 0xFF, 0xFF, 0xFF, 0xFF, 0xC0, 0x00, 0x00, 0x03, 0xFF, 0xFF, 0xFF,
    0xFF, 0x00, 0x00, 0x00, 0x0F, 0xFF, 0xFF, 0xFF, 0xFC, 0x00, 0x00, 0x00, 0x03, 0xFF, 0xFF, 0xFF,
    0xF0, 0x00, 0x00, 0x00, 0x0F, 0xFF, 0xFF, 0xFF, 0xC0, 0x00, 0x00, 0x00, 0x1F, 0xFF, 0xFF, 0xFF,
    0x00, 0x00, 0x00, 0x03, 0xFE, 0x00, 0x00, 0x00, 0x1F, 0xF0, 0x00, 0x00, 0x00, 0xFF, 0x80, 0x00,
    0x00, 0x3F, 0xFF, 0x80, 0x00, 0x01, 0xFF, 0xFC, 0x00, 0x00, 0x3F, 0xFF, 0xF8, 0x00, 0x01, 0xFF,
    0xFF, 0xC0, 0x00, 0x3F, 0xFF, 0xFF, 0x80, 0x01, 0xFF, 0xFF, 0xFC, 0x00, 0x3F, 0xFF, 0xFF, 0xF8,
    0x01, 0xFF, 0xFF, 0xFF, 0xC0, 0x3F, 0xFF, 0xFF, 0xFF, 0x83, 0xFF, 0xFF, 0xFF, 0xFE, 0x1F, 0xFF,
    0xFF, 0xFF, 0xF3, 0xFF, 0xFE, 0x3F, 0xFF, 0xFF, 0xFF, 0xF1, 0xFF, 0xFF, 0xFF, 0xFF, 0x07, 0xFF,
    0xFF, 0xFF, 0xE0, 0x0F, 0xFF, 0xFF, 0xFF, 0x00, 0x7F, 0xFF, 0xFF, 0xE0, 0x00, 0xFF, 0xFF, 0xFF,
    0x00, 0x07, 0xFF, 0xFF, 0xF8, 0x00, 0x3F, 0xFF, 0xFF, 0xC0, 0x01, 0xFF, 0xFF, 0xFE, 0x00, 0x0F,
    0xFF, 0xFF, 0xF0, 0x00, 0x7F, 0xFF, 0xFF, 0x80, 0x03, 0xFF, 0xFF, 0xFC, 0x00, 0x1F, 0xFF, 0xFF,
    0xE0, 0x00, 0xFF, 0xFF, 0xFF, 0x00, 0x07, 0xFF, 0xFF, 0xF8, 0x00, 0x3F, 0xFF, 0xFF, 0xC0, 0x01,
    0xFF, 0xFF, 0xFE, 0x00, 0x0F, 0xFF, 0xFF, 0xFF, 0xFF, 0xFF, 0xFF, 0xFF, 0xFF, 0xFF, 0xFF, 0xFF,
    0xFF, 0xFF, 0xFF, 0xFF, 0xFF, 0xFF, 0xFF, 0xFF, 0xFF, 0xFF, 0xFF, 0xFF, 0xFF, 0xFF, 0xFF, 0xFF,
    0xFF, 0xFF, 0xFF, 0xFF, 0xFF, 0xFF, 0xFF, 0xFF, 0xFF, 0xFF, 0xFF, 0xFF, 0xFF, 0xFF, 0xFF, 0xFF,
    0xFF, 0xFF, 0xFF, 0xFF, 0xFF, 0xFF, 0xFF, 0xFF, 0xFF, 0xFF, 0xE0, 0x00, 0xFF, 0xFF, 0xFF, 0x00,
    0x07, 0xFF, 0xFF, 0xF8, 0x00, 0x3F, 0xFF, 0xFF, 0xC0, 0x01, 0xFF, 0xFF, 0xFE, 0x00, 0x0F, 0xFF,
    0xFF, 0xF0, 0x00, 0x7F, 0xFF, 0xFF, 0x80, 0x03, 0xFF, 0xFF, 0xFC, 0x00, 0x1F, 0xFF, 0xFF, 0xE0,
    0x00, 0xFF, 0xFF, 0xFF, 0x00, 0x07, 0xFF, 0xFF, 0xF8, 0x00, 0x3F, 0xFF, 0xFF, 0xC0, 0x01, 0xFF,
    0xFF, 0xFE, 0x00, 0x0F, 0xFF, 0xFF, 0xF0, 0x00, 0x7F, 0xF8, 0xFF, 0xFF, 0xFF, 0xF0, 0x07, 0xFF,
    0xFF, 0xFF, 0x80, 0x3F, 0xFF, 0xFF, 0xFF, 0xC1, 0xFF, 0xFF, 0xFF, 0xFE, 0x0F, 0xFF, 0xFF, 0xFF,
    0xF0, 0x7F, 0xFF, 0xFF, 0xFF, 0xF3, 0xFF, 0xFF, 0xFF, 0xFF, 0x9F, 0xFF, 0xFF, 0xFF, 0xFC, 0xFF,
    0xFF, 0xFF, 0xFF, 0xE7, 0xFF, 0xFF, 0xFF, 0xFF, 0xFF, 0xFF, 0xFF, 0xFF, 0xFF, 0xFF, 0xE0, 0x03,
    0xFF, 0xFF, 0xFF, 0x00, 0x1F, 0xFF, 0xFF, 0xF8, 0x00, 0xFF, 0xFF, 0xFF, 0xC0, 0x01, 0xFF, 0xFF,
    0xFE, 0x00, 0x0F, 0xFF, 0xFF, 0xF0, 0x00, 0x7F, 0xFF, 0xFF, 0x80, 0x03, 0xFF, 0xFF, 0xFC, 0x00,
    0x1F, 0xFF, 0xFF, 0xE0, 0x00, 0xFF, 0xFF, 0xFF, 0x00, 0x07, 0xFF, 0xFF, 0xF8, 0x00, 0xFF, 0xFF,
    0xFF, 0xC0, 0x07, 0xFF, 0xFF, 0xFF, 0xFF, 0xFF, 0xFF, 0xFF, 0xFF, 0xFF, 0xFF, 0xFF, 0xFF, 0xFF,
    0xFF, 0xFF, 0x3F, 0xFF, 0xFF, 0xFF, 0xF9, 0xFF, 0xFF, 0xFF, 0xFF, 0xCF, 0xFF, 0xFF, 0xFF, 0xF0,
    0x7F, 0xFF, 0xFF, 0xFF, 0x83, 0xFF, 0xFF, 0xFF, 0xFF, 0x9F, 0xFF, 0xFF, 0xFF, 0xFC, 0xFF, 0xFF,
    0xFF, 0xFF, 0xFF, 0xFF, 0xFF, 0xFF, 0xFF, 0xFF, 0xFC, 0x00, 0x7F, 0xFF, 0xFF, 0xE0, 0x03, 0xFF,
    0xFF, 0xFF, 0x00, 0x1F, 0xFF, 0xFF, 0xF8, 0x00, 0x3F, 0xFF, 0xFF, 0xC0, 0x01, 0xFF, 0xFF, 0xFE,
    0x00, 0x0F, 0xFF, 0xFF, 0xF0, 0x00, 0x7F, 0xFF, 0xFF, 0x80, 0x03, 0xFF, 0xFF, 0xFC, 0x00, 0x1F,
    0xFF, 0xFF, 0xE0, 0x03, 0xFF, 0xFF, 0xFF, 0x00, 0x1F, 0xFF, 0xFF, 0xF8, 0x00, 0xFF, 0xFF, 0xFF,
    0xFF, 0xFF, 0xFF, 0xFF, 0xFF, 0xFF, 0xFF, 0xFF, 0xFF, 0xFF, 0xFF, 0xFF, 0xE7, 0xFF, 0xFF, 0xFF,
    0xFF, 0x3F, 0xFF, 0xFF, 0xFF, 0xF9, 0xFF, 0xFF, 0xFF, 0xFF, 0xCF, 0xFF, 0xFF, 0xFF, 0xFE, 0x7F,
    0xFF, 0xFF, 0xFF, 0x83, 0xFF, 0xFF, 0xFF, 0xFC, 0x1F, 0xFF, 0xFF, 0xFE, 0x00, 0xFF, 0xFF, 0xFF,
    0xF0, 0x00, 0x00, 0x7F, 0xFF, 0xFC, 0x00, 0x00, 0xFF, 0xFF, 0xF8, 0x00, 0x1F, 0xFF, 0xFF, 0xFF,
    0x00, 0x3F, 0xFF, 0xFF, 0xFF, 0x00, 0x7F, 0xFF, 0xFF, 0xFE, 0x07, 0xFF, 0xFF, 0xFF, 0xFF, 0x0F,
    0xFF, 0xFF, 0xFF, 0xFE, 0x1F, 0xFF, 0xFF, 0xFF, 0xFC, 0x3F, 0xFF, 0xFF, 0xFF, 0xF9, 0xFF, 0xFF,
    0xFF, 0xFF, 0xFF, 0xFF, 0xFF, 0xFF, 0xFF, 0xFF, 0xFF, 0xE0, 0x03, 0xFF, 0xFF, 0xFF, 0xC0, 0x07,
    0xFF, 0xFF, 0xFF, 0x80, 0x0F, 0xFF, 0xFF, 0xFC, 0x00, 0x07, 0xFF, 0xFF, 0xF8, 0x00, 0x0F, 0xFF,
    0xFF, 0xF0, 0x00, 0x1F, 0xFF, 0xFF, 0xE0, 0x00, 0x3F, 0xFF, 0xFF, 0xC0, 0x00, 0x00, 0x07, 0xFF,
    0x80, 0x00, 0x00, 0x0F, 0xFF, 0x00, 0x00, 0x00, 0x1F, 0xFE, 0x00, 0x00, 0x00, 0x3F, 0xFC, 0x00,
    0x00, 0x00, 0x7F, 0xF8, 0x00, 0x00, 0x00, 0xFF, 0xF0, 0x00, 0x00, 0x01, 0xFF, 0xE0, 0x00, 0x00,
    0x03, 0xFF, 0xC0, 0x00, 0x00, 0x07, 0xFF, 0x80, 0x00, 0x00, 0x0F, 0xFF, 0x00, 0x00, 0x00, 0x1F,
    0xFE, 0x00, 0x00, 0x00, 0x3F, 0xFC, 0x00, 0x00, 0x00, 0x7F, 0xF8, 0x00, 0x00, 0x00, 0xFF, 0xF0,
    0x00, 0x00, 0x01, 0xFF, 0xE0, 0x00, 0x00, 0x03, 0xFF, 0xC0, 0x00, 0x00, 0x07, 0xFF, 0x80, 0x00,
    0x00, 0x0F, 0xFF, 0x00, 0x00, 0x00, 0x1F, 0xFE, 0x00, 0x00, 0x00, 0x3F, 0xFC, 0x00, 0x00, 0x00,
    0x7F, 0xF8, 0x00, 0x0F, 0xFF, 0xFF, 0xF0, 0x00, 0x1F, 0xFF, 0xFF, 0xE0, 0x00, 0x3F, 0xFF, 0xFF,
    0xC0, 0x00, 0x7F, 0xFF, 0xFF, 0xE0, 0x03, 0xFF, 0xFF, 0xFF, 0xC0, 0x07, 0xFF, 0xFF, 0xFF, 0x80,
    0x0F, 0xFF, 0xFF, 0xFF, 0xFF, 0xFF, 0xFF, 0xFF, 0xFF, 0xFF, 0xFF, 0xFF, 0x3F, 0xFF, 0xFF, 0xFF,
    0xF8, 0x7F, 0xFF, 0xFF, 0xFF, 0xF0, 0xFF, 0xFF, 0xFF, 0xFF, 0xE1, 0xFF, 0xFF, 0xFF, 0xFF, 0xC3,
    0xFF, 0xFF, 0xFF, 0xFF, 0x80, 0xFF, 0xFF, 0xFF, 0xFC, 0x01, 0xFF, 0xFF, 0xFF, 0xF8, 0x00, 0x3F,
    0xFF, 0xFE, 0x00, 0x00, 0x7F, 0xFF, 0xFC, 0x00, 0xFF, 0xFF, 0xFF, 0xF0, 0x07, 0xFF, 0xFF, 0xFF,
    0x80, 0x3F, 0xFF, 0xFF, 0xFF, 0xC1, 0xFF, 0xFF, 0xFF, 0xFE, 0x0F, 0xFF, 0xFF, 0xFF, 0xF0, 0x7F,
    0xFF, 0xFF, 0xFF, 0xF3, 0xFF, 0xFF, 0xFF, 0xFF, 0x9F, 0xFF, 0xFF, 0xFF, 0xFC, 0xFF, 0xFF, 0xFF,
    0xFF, 0xE7, 0xFF, 0xFF, 0xFF, 0xFF, 0x3F, 0xFF, 0xFF, 0xFF, 0xFF, 0xFF, 0xE0, 0x03, 0xFF, 0xFF,
    0xFF, 0x00, 0x1F, 0xFF, 0xFF, 0xF8, 0x00, 0xFF, 0xFF, 0xFF, 0xC0, 0x01, 0xFF, 0xFF, 0xFE, 0x00,
    0x0F, 0xFF, 0xFF, 0xF0, 0x00, 0x7F, 0xFF, 0xFF, 0x80, 0x03, 0xFF, 0xFF, 0xFC, 0x00, 0x1F, 0xFF,
    0xFF, 0xE0, 0x00, 0xFF, 0xFF, 0xFF, 0x00, 0x07, 0xFF, 0xFF, 0xF8, 0x00, 0x3F, 0xFF, 0xFF, 0xC0,
    0x01, 0xFF, 0xFF, 0xFE, 0x00, 0x0F, 0xFF, 0xFF, 0xF0, 0x00, 0x7F, 0xFF, 0xFF, 0x80, 0x03, 0xFF,
    0xFF, 0xFC, 0x00, 0x1F, 0xFF, 0xFF, 0xE0, 0x00, 0xFF, 0xFF, 0xFF, 0x00, 0x07, 0xFF, 0xFF, 0xF8,
    0x00, 0x3F, 0xFF, 0xFF, 0xC0, 0x01, 0xFF, 0xFF, 0xFE, 0x00, 0x0F, 0xFF, 0xFF, 0xF0, 0x00, 0x7F,
    0xFF, 0xFF, 0x80, 0x03, 0xFF, 0xFF, 0xFC, 0x00, 0x1F, 0xFF, 0xFF, 0xE0, 0x00, 0xFF, 0xFF, 0xFF,
    0x00, 0x07, 0xFF, 0xFF, 0xF8, 0x00, 0x3F, 0xFF, 0xFF, 0xC0, 0x01, 0xFF, 0xFF, 0xFE, 0x00, 0x0F,
    0xFF, 0xFF, 0xF0, 0x00, 0x7F, 0xFF, 0xFF, 0x80, 0x03, 0xFF, 0xFF, 0xFC, 0x00, 0x1F, 0xFF, 0xFF,
    0xE0, 0x03, 0xFF, 0xFF, 0xFF, 0x00, 0x1F, 0xFF, 0xFF, 0xF8, 0x00, 0xFF, 0xFF, 0xFF, 0xFF, 0xFF,
    0xFF, 0xFF, 0xFF, 0xFF, 0xFF, 0xFF, 0xFF, 0xFF, 0xFF, 0xFF, 0xE7, 0xFF, 0xFF, 0xFF, 0xFF, 0x3F,
    0xFF, 0xFF, 0xFF, 0xF9, 0xFF, 0xFF, 0xFF, 0xFF, 0xCF, 0xFF, 0xFF, 0xFF, 0xFE, 0x7F, 0xFF, 0xFF,
    0xFF, 0x83, 0xFF, 0xFF, 0xFF, 0xFC, 0x1F, 0xFF, 0xFF, 0xFE, 0x00, 0xFF, 0xFF, 0xFF, 0xF0, 0x00,
    0xFF, 0xFF, 0xFF, 0xFF, 0xFF, 0xFF, 0xFF, 0xFF, 0xFF, 0xFF, 0xFF, 0xFF, 0xFF, 0xFF, 0xFF, 0xFF,
    0xFF, 0xFF, 0xFF, 0xFF, 0xFF, 0xFF, 0xFF, 0xFF, 0xFF, 0xFF, 0xFF, 0xFF, 0xFF, 0xFF, 0xFF, 0xFF,
    0xFF, 0xFF, 0xFF, 0xFF, 0xFF, 0xFF, 0xFF, 0xFF, 0xFF, 0xFF, 0xFF, 0xFF, 0xFF, 0xFF, 0xFF, 0xFF,
    0xFF, 0xFF, 0xFF, 0xFF, 0xE0, 0x00, 0x00, 0x0F, 0xFF, 0x00, 0x00, 0x00, 0x7F, 0xF8, 0x00, 0x00,
    0x03, 0xFF, 0xC0, 0x00, 0x00, 0x1F, 0xFE, 0x00, 0x00, 0x00, 0xFF, 0xF0, 0x00, 0x00, 0x07, 0xFF,
    0x80, 0x00, 0x00, 0x3F, 0xFC, 0x00, 0x00, 0x01, 0xFF, 0xE0, 0x00, 0x00, 0x0F, 0xFF, 0x00, 0x00,
    0x00, 0x7F, 0xF8, 0x00, 0x00, 0x03, 0xFF, 0xC0, 0x00, 0x00, 0x1F, 0xFF, 0xFF, 0xFF, 0xE0, 0xFF,
    0xFF, 0xFF, 0xFF, 0x07, 0xFF, 0xFF, 0xFF, 0xF8, 0x3F, 0xFF, 0xFF, 0xFF, 0xC1, 0xFF, 0xFF, 0xFF,
    0xFE, 0x0F, 0xFF, 0xFF, 0xFF, 0xF0, 0x7F, 0xFF, 0xFF, 0xFF, 0x83, 0xFF, 0xFF, 0xFF, 0xFC, 0x1F,
    0xFF, 0xFF, 0xFF, 0xE0, 0xFF, 0xFF, 0xFF, 0xFF, 0x07, 0xFF, 0xFF, 0xFF, 0xF8, 0x3F, 0xFC, 0x00,
    0x00, 0x01, 0xFF, 0xE0, 0x00, 0x00, 0x0F, 0xFF, 0x00, 0x00, 0x00, 0x7F, 0xF8, 0x00, 0x00, 0x03,
    0xFF, 0xC0, 0x00, 0x00, 0x1F, 0xFE, 0x00, 0x00, 0x00, 0xFF, 0xF0, 0x00, 0x00, 0x07, 0xFF, 0x80,
    0x00, 0x00, 0x3F, 0xFC, 0x00, 0x00, 0x01, 0xFF, 0xE0, 0x00, 0x00, 0x0F, 0xFF, 0x00, 0x00, 0x00,
    0x7F, 0xF8, 0x00, 0x00, 0x03, 0xFF, 0xFF, 0xFF, 0xFF, 0xFF, 0xFF, 0xFF, 0xFF, 0xFF, 0xFF, 0xFF,
    0xFF, 0xFF, 0xFF, 0xFF, 0xFF, 0xFF, 0xFF, 0xFF, 0xFF, 0xFF, 0xFF, 0xFF, 0xFF, 0xFF, 0xFF, 0xFF,
    0xFF, 0xFF, 0xFF, 0xFF, 0xFF, 0xFF, 0xFF, 0xFF, 0xFF, 0xFF, 0xFF, 0xFF, 0xFF, 0xFF, 0xFF, 0xFF,
    0xFF, 0xFF, 0xFF, 0xFF, 0xFF, 0xFF, 0xFF, 0xF8, 0xFF, 0xFF, 0xFF, 0xFF, 0xFF, 0xFF, 0xFF, 0xFF,
    0xFF, 0xFF, 0xFF, 0xFF, 0xFF, 0xFF, 0xFF, 0xFF, 0xFF, 0xFF, 0xFF, 0xFF, 0xFF, 0xFF, 0xFF, 0xFF,
    0xFF, 0xFF, 0xFF, 0xFF, 0xFF, 0xFF, 0xFF, 0xFF, 0xFF, 0xFF, 0xFF, 0xFF, 0xFF, 0xFF, 0xFF, 0xFF,
    0xFF, 0xFF, 0xFF, 0xFF, 0xFF, 0xFF, 0xFF, 0xFF, 0xFF, 0xFF, 0xFF, 0xFF, 0xE0, 0x00, 0x00, 0x0F,
    0xFF, 0x00, 0x00, 0x00, 0x7F, 0xF8, 0x00, 0x00, 0x03, 0xFF, 0xC0, 0x00, 0x00, 0x1F, 0xFE, 0x00,
    0x00, 0x00, 0xFF, 0xF0, 0x00, 0x00, 0x07, 0xFF, 0x80, 0x00, 0x00, 0x3F, 0xFC, 0x00, 0x00, 0x01,
    0xFF, 0xE0, 0x00, 0x00, 0x0F, 0xFF, 0x00, 0x00, 0x00, 0x7F, 0xF8, 0x00, 0x00, 0x03, 0xFF, 0xC0,
    0x00, 0x00, 0x1F, 0xFF, 0xFF, 0xFF, 0xE0, 0xFF, 0xFF, 0xFF, 0xFF, 0x07, 0xFF, 0xFF, 0xFF, 0xF8,
    0x3F, 0xFF, 0xFF, 0xFF, 0xC1, 0xFF, 0xFF, 0xFF, 0xFE, 0x0F, 0xFF, 0xFF, 0xFF, 0xF0, 0x7F, 0xFF,
    0xFF, 0xFF, 0x83, 0xFF, 0xFF, 0xFF, 0xFC, 0x1F, 0xFF, 0xFF, 0xFF, 0xE0, 0xFF, 0xFF, 0xFF, 0xFF,
    0x07, 0xFF, 0xFF, 0xFF, 0xF8, 0x3F, 0xFC, 0x00, 0x00, 0x01, 0xFF, 0xE0, 0x00, 0x00, 0x0F, 0xFF,
    0x00, 0x00, 0x00, 0x7F, 0xF8, 0x00, 0x00, 0x03, 0xFF, 0xC0, 0x00, 0x00, 0x1F, 0xFE, 0x00, 0x00,
    0x00, 0xFF, 0xF0, 0x00, 0x00, 0x07, 0xFF, 0x80, 0x00, 0x00, 0x3F, 0xFC, 0x00, 0x00, 0x01, 0xFF,
    0xE0, 0x00, 0x00, 0x0F, 0xFF, 0x00, 0x00, 0x00, 0x7F, 0xF8, 0x00, 0x00, 0x03, 0xFF, 0xC0, 0x00,
    0x00, 0x1F, 0xFE, 0x00, 0x00, 0x00, 0xFF, 0xF0, 0x00, 0x00, 0x07, 0xFF, 0x80, 0x00, 0x00, 0x3F,
    0xFC, 0x00, 0x00, 0x01, 0xFF, 0xE0, 0x00, 0x00, 0x0F, 0xFF, 0x00, 0x00, 0x00, 0x7F, 0xF8, 0x00,
    0x00, 0x03, 0xFF, 0xC0, 0x00, 0x00, 0x1F, 0xFE, 0x00, 0x00, 0x00, 0xFF, 0xF0, 0x00, 0x00, 0x00,
    0x00, 0x7F, 0xFF, 0xFC, 0x00, 0x00, 0xFF, 0xFF, 0xF8, 0x00, 0x1F, 0xFF, 0xFF, 0xFF, 0x00, 0x3F,
    0xFF, 0xFF, 0xFF, 0x00, 0x7F, 0xFF, 0xFF, 0xFE, 0x07, 0xFF, 0xFF, 0xFF, 0xFF, 0x0F, 0xFF, 0xFF,
    0xFF, 0xFE, 0x1F, 0xFF, 0xFF, 0xFF, 0xFC, 0x3F, 0xFF, 0xFF, 0xFF, 0xF8, 0x7F, 0xFF, 0xFF, 0xFF,
    0xF3, 0xFF, 0xFF, 0xFF, 0xFF, 0xFF, 0xFF, 0xE0, 0x03, 0xFF, 0xFF, 0xFF, 0xC0, 0x07, 0xFF, 0xFF,
    0xFF, 0x80, 0x0F, 0xFF, 0xFF, 0xFC, 0x00, 0x07, 0xFF, 0xFF, 0xF8, 0x00, 0x0F, 0xFF, 0xFF, 0xF0,
    0x00, 0x1F, 0xFF, 0xFF, 0xE0, 0x00, 0x3F, 0xFF, 0xFF, 0xC0, 0x00, 0x7F, 0xFF, 0xFF, 0x80, 0x00,
    0x00, 0x0F, 0xFF, 0x00, 0x00, 0x00, 0x1F, 0xFE, 0x00, 0x00, 0x00, 0x3F, 0xFC, 0x00, 0x00, 0x00,
    0x7F, 0xF8, 0x00, 0x00, 0x00, 0xFF, 0xF0, 0x00, 0x00, 0x01, 0xFF, 0xE0, 0x7F, 0xFF, 0xFF, 0xFF,
    0xC0, 0xFF, 0xFF, 0xFF, 0xFF, 0x81, 0xFF, 0xFF, 0xFF, 0xFF, 0x03, 0xFF, 0xFF, 0xFF, 0xFE, 0x07,
    0xFF, 0xFF, 0xFF, 0xFC, 0x0F, 0xFF, 0xFF, 0xFF, 0xF8, 0x1F, 0xFF, 0xFF, 0xFF, 0xF0, 0x3F, 0xFF,
    0xFF, 0xFF, 0xE0, 0x7F, 0xFF, 0xFF, 0xFF, 0xC0, 0xFF, 0xFF, 0xFF, 0xFF, 0x81, 0xFF, 0xFF, 0xFF,
    0xFF, 0x00, 0x01, 0xFF, 0xFF, 0xFE, 0x00, 0x03, 0xFF, 0xFF, 0xFC, 0x00, 0x07, 0xFF, 0xFF, 0xF8,
    0x00, 0x0F, 0xFF, 0xFF, 0xF0, 0x00, 0x1F, 0xFF, 0xFF, 0xE0, 0x00, 0x3F, 0xFF, 0xFF, 0xC0, 0x00,
    0x7F, 0xFF, 0xFF, 0xE0, 0x03, 0xFF, 0xFF, 0xFF, 0xC0, 0x07, 0xFF, 0xFF, 0xFF, 0x80, 0x0F, 0xFF,
    0xFF, 0xFF, 0xFF, 0xFF, 0xFF, 0xFF, 0xFF, 0xFF, 0xFF, 0xFF, 0x3F, 0xFF, 0xFF, 0xFF, 0xF8, 0x7F,
    0xFF, 0xFF, 0xFF, 0xF0, 0xFF, 0xFF, 0xFF, 0xFF, 0xE1, 0xFF, 0xFF, 0xFF, 0xFF, 0xC3, 0xFF, 0xFF,
    0xFF, 0xFF, 0x80, 0xFF, 0xFF, 0xFF, 0xFC, 0x01, 0xFF, 0xFF, 0xFF, 0xF8, 0x00, 0x3F, 0xFF, 0xFE,
    0x00, 0x00, 0x7F, 0xFF, 0xFC, 0x00, 0xFF, 0xF0, 0x00, 0x1F, 0xFF, 0xFF, 0xE0, 0x00, 0x3F, 0xFF,
    0xFF, 0xC0, 0x00, 0x7F, 0xFF, 0xFF, 0x80, 0x00, 0xFF, 0xFF, 0xFF, 0x00, 0x01, 0xFF, 0xFF, 0xFE,
    0x00, 0x03, 0xFF, 0xFF, 0xFC, 0x00, 0x07, 0xFF, 0xFF, 0xF8, 0x00, 0x0F, 0xFF, 0xFF, 0xF0, 0x00,
    0x1F, 0xFF, 0xFF, 0xE0, 0x00, 0x3F, 0xFF, 0xFF, 0xC0, 0x00, 0x7F, 0xFF, 0xFF, 0x80, 0x00, 0xFF,
    0xFF, 0xFF, 0x00, 0x01, 0xFF, 0xFF, 0xFE, 0x00, 0x03, 0xFF, 0xFF, 0xFC, 0x00, 0x07, 0xFF, 0xFF,
    0xF8, 0x00, 0x0F, 0xFF, 0xFF, 0xF0, 0x00, 0x1F, 0xFF, 0xFF, 0xE0, 0x00, 0x3F, 0xFF, 0xFF, 0xC0,
    0x00, 0x7F, 0xFF, 0xFF, 0x80, 0x00, 0xFF, 0xFF, 0xFF, 0x00, 0x01, 0xFF, 0xFF, 0xFE, 0x00, 0x03,
    0xFF, 0xFF, 0xFC, 0x00, 0x07, 0xFF, 0xFF, 0xFF, 0xFF, 0xFF, 0xFF, 0xFF, 0xFF, 0xFF, 0xFF, 0xFF,
    0xFF, 0xFF, 0xFF, 0xFF, 0xFF, 0xFF, 0xFF, 0xFF, 0xFF, 0xFF, 0xFF, 0xFF, 0xFF, 0xFF, 0xFF, 0xFF,
    0xFF, 0xFF, 0xFF, 0xFF, 0xFF, 0xFF, 0xFF, 0xFF, 0xFF, 0xFF, 0xFF, 0xFF, 0xFF, 0xFF, 0xFF, 0xFF,
    0xFF, 0xFF, 0xFF, 0xFF, 0xFF, 0xFF, 0xFF, 0xFF, 0xFF, 0xFF, 0xFF, 0xFF, 0xFF, 0xC0, 0x00, 0x7F,
    0xFF, 0xFF, 0x80, 0x00, 0xFF, 0xFF, 0xFF, 0x00, 0x01, 0xFF, 0xFF, 0xFE, 0x00, 0x03, 0xFF, 0xFF,
    0xFC, 0x00, 0x07, 0xFF, 0xFF, 0xF8, 0x00, 0x0F, 0xFF, 0xFF, 0xF0, 0x00, 0x1F, 0xFF, 0xFF, 0xE0,
    0x00, 0x3F, 0xFF, 0xFF, 0xC0, 0x00, 0x7F, 0xFF, 0xFF, 0x80, 0x00, 0xFF, 0xFF, 0xFF, 0x00, 0x01,
    0xFF, 0xFF, 0xFE, 0x00, 0x03, 0xFF, 0xFF, 0xFC, 0x00, 0x07, 0xFF, 0xFF, 0xF8, 0x00, 0x0F, 0xFF,
    0xFF, 0xF0, 0x00, 0x1F, 0xFF, 0xFF, 0xE0, 0x00, 0x3F, 0xFF, 0xFF, 0xC0, 0x00, 0x7F, 0xFF, 0xFF,
    0x80, 0x00, 0xFF, 0xFF, 0xFF, 0x00, 0x01, 0xFF, 0xFF, 0xFE, 0x00, 0x03, 0xFF, 0xFF, 0xFC, 0x00,
    0x07, 0xFF, 0xFF, 0xF8, 0x00, 0x0F, 0xFF, 0xFF, 0xF0, 0x00, 0x1F, 0xFE, 0xFF, 0xFF, 0xFF, 0xFF,
    0xFF, 0xFF, 0xFF, 0xFF, 0xFF, 0xFF, 0xFF, 0xFF, 0xFF, 0xFF, 0xFF, 0xFF, 0xFF, 0xFF, 0xFF, 0xFF,
    0xFF, 0xFF, 0xFF, 0xFF, 0xFF, 0xFF, 0xFF, 0xFF, 0xFF, 0xFF, 0xFF, 0xFF, 0xFF, 0xFF, 0xFF, 0xFF,
    0xFF, 0xFF, 0xFF, 0xFF, 0xFF, 0xFF, 0xFF, 0xFF, 0xFF, 0xFF, 0xFF, 0xFF, 0xFF, 0xFF, 0xFF, 0xFF,
    0xFF, 0xFF, 0xFF, 0xFF, 0xFF, 0xFF, 0xFF, 0xFF, 0xFF, 0xFF, 0xFF, 0xFF, 0xFF, 0xFF, 0xFF, 0xFF,
    0xFF, 0xFF, 0xFF, 0xFF, 0xFF, 0xFF, 0xFF, 0xFF, 0xFF, 0xFF, 0xFF, 0xFF, 0xFF, 0xFF, 0xFF, 0xFF,
    0xFF, 0xF0, 0x00, 0x00, 0x01, 0xFF, 0xE0, 0x00, 0x00, 0x3F, 0xFC, 0x00, 0x00, 0x07, 0xFF, 0x80,
    0x00, 0x00, 0xFF, 0xF0, 0x00, 0x00, 0x1F, 0xFE, 0x00, 0x00, 0x03, 0xFF, 0xC0, 0x00, 0x00, 0x7F,
    0xF8, 0x00, 0x00, 0x0F, 0xFF, 0x00, 0x00, 0x01, 0xFF, 0xE0, 0x00, 0x00, 0x3F, 0xFC, 0x00, 0x00,
    0x07, 0xFF, 0x80, 0x00, 0x00, 0xFF, 0xF0, 0x00, 0x00, 0x1F, 0xFE, 0x00, 0x00, 0x03, 0xFF, 0xC0,
    0x00, 0x00, 0x7F, 0xF8, 0x00, 0x00, 0x0F, 0xFF, 0x00, 0x00, 0x01, 0xFF, 0xE0, 0x00, 0x00, 0x3F,
    0xFC, 0x00, 0x00, 0x07, 0xFF, 0x80, 0x00, 0x00, 0xFF, 0xF0, 0x00, 0x00, 0x1F, 0xFE, 0x00, 0x00,
    0x03, 0xFF, 0xC0, 0x00, 0x00, 0x7F, 0xF8, 0x00, 0x00, 0x0F, 0xFF, 0x00, 0x00, 0x01, 0xFF, 0xE0,
    0x00, 0x00, 0x3F, 0xFC, 0x00, 0x00, 0x07, 0xFF, 0x80, 0x00, 0x00, 0xFF, 0xF0, 0x00, 0x00, 0x1F,
    0xFE, 0x00, 0x00, 0x03, 0xFF, 0xC0, 0x00, 0x00, 0x7F, 0xF8, 0x00, 0x00, 0x0F, 0xFF, 0x00, 0x00,
    0x01, 0xFF, 0xE0, 0x00, 0x00, 0x3F, 0xFC, 0x00, 0x00, 0x07, 0xFF, 0x80, 0x00, 0x00, 0xFF, 0xF0,
    0x00, 0x00, 0x1F, 0xFF, 0xFF, 0xE0, 0x03, 0xFF, 0xFF, 0xFC, 0x00, 0x7F, 0xFF, 0xFF, 0x80, 0x0F,
    0xFF, 0xFF, 0xF0, 0x01, 0xFF, 0xFF, 0xFE, 0x00, 0x3F, 0xFF, 0xFF, 0xC0, 0x07, 0xFF, 0xFF, 0xFE,
    0x03, 0xFF, 0xFF, 0xFF, 0xC0, 0xFF, 0xFF, 0xFF, 0xF8, 0x1F, 0xFF, 0xFF, 0xFF, 0xFF, 0xFF, 0xFF,
    0xFF, 0xFF, 0xFF, 0xFF, 0x3F, 0xFF, 0xFF, 0xFF, 0x07, 0xFF, 0xFF, 0xFF, 0xE0, 0xFF, 0xFF, 0xFF,
    0xFC, 0x1F, 0xFF, 0xFF, 0xFF, 0x83, 0xFF, 0xFF, 0xFF, 0xF0, 0x0F, 0xFF, 0xFF, 0xF8, 0x01, 0xFF,
    0xFF, 0xFF, 0x00, 0x03, 0xFF, 0xFE, 0x00, 0x00, 0x7F, 0xFF, 0xC0, 0x00, 0xFF, 0xF0, 0x01, 0xFF,
    0xFF, 0xFE, 0x00, 0x3F, 0xFF, 0xFF, 0xC0, 0x07, 0xFF, 0xFF, 0xF8, 0x00, 0xFF, 0xFF, 0xFF, 0x00,
    0x1F, 0xFF, 0xFF, 0xE0, 0x03, 0xFF, 0xFF, 0xFC, 0x00, 0x7F, 0xFF, 0xFF, 0x80, 0x0F, 0xFF, 0xFF,
    0xF0, 0x01, 0xFF, 0xFF, 0xFE, 0x00, 0x3F, 0xFF, 0xFF, 0xC0, 0x07, 0xFF, 0xFF, 0xF8, 0x00, 0xFF,
    0xFF, 0xFF, 0x00, 0x1F, 0xFF, 0xFF, 0xE0, 0x03, 0xFF, 0xFF, 0xFC, 0x00, 0x7F, 0xFF, 0xFF, 0x80,
    0x0F, 0xFF, 0xFF, 0xF0, 0x01, 0xFF, 0xFF, 0xFE, 0x00, 0x3F, 0xFF, 0xFF, 0xC0, 0x07, 0xFF, 0xFF,
    0xF8, 0x07, 0xFF, 0xFF, 0xFF, 0x00, 0xFF, 0xF1, 0xFF, 0xE0, 0x7F, 0xFE, 0x3F, 0xFC, 0x0F, 0xFF,
    0xC7, 0xFF, 0xFF, 0xFF, 0xE0, 0xFF, 0xFF, 0xFF, 0xFC, 0x1F, 0xFF, 0xFF, 0xFF, 0x03, 0xFF, 0xFF,
    0xFF, 0xC0, 0x7F, 0xFF, 0xFF, 0xF8, 0x0F, 0xFF, 0xFF, 0xFC, 0x01, 0xFF, 0xFF, 0xFF, 0xE0, 0x3F,
    0xFF, 0xFF, 0xFC, 0x07, 0xFF, 0xFF, 0xFF, 0xE0, 0xFF, 0xFF, 0xFF, 0xFC, 0x1F, 0xFF, 0xFF, 0xFF,
    0x83, 0xFF, 0xC0, 0xFF, 0xFC, 0x7F, 0xF8, 0x1F, 0xFF, 0x8F, 0xFF, 0x03, 0xFF, 0xF1, 0xFF, 0xE0,
    0x1F, 0xFF, 0xFF, 0xFC, 0x03, 0xFF, 0xFF, 0xFF, 0x80, 0x0F, 0xFF, 0xFF, 0xF0, 0x01, 0xFF, 0xFF,
    0xFE, 0x00, 0x3F, 0xFF, 0xFF, 0xC0, 0x07, 0xFF, 0xFF, 0xF8, 0x00, 0xFF, 0xFF, 0xFF, 0x00, 0x1F,
    0xFF, 0xFF, 0xE0, 0x03, 0xFF, 0xFF, 0xFC, 0x00, 0x7F, 0xFF, 0xFF, 0x80, 0x0F, 0xFF, 0xFF, 0xF0,
    0x01, 0xFF, 0xFF, 0xFE, 0x00, 0x3F, 0xFF, 0xFF, 0xC0, 0x07, 0xFF, 0xFF, 0xF8, 0x00, 0xFF, 0xFF,
    0xFF, 0x00, 0x1F, 0xFF, 0xFF, 0xE0, 0x03, 0xFF, 0xFF, 0xFC, 0x00, 0x7F, 0xFF, 0xFF, 0x80, 0x0F,
    0xFF, 0xFF, 0xF0, 0x01, 0xFF, 0xE0, 0xFF, 0xF0, 0x00, 0x03, 0xFF, 0xC0, 0x00, 0x0F, 0xFF, 0x00,
    0x00, 0x3F, 0xFC, 0x00, 0x00, 0xFF, 0xF0, 0x00, 0x03, 0xFF, 0xC0, 0x00, 0x0F, 0xFF, 0x00, 0x00,
    0x3F, 0xFC, 0x00, 0x00, 0xFF, 0xF0, 0x00, 0x03, 0xFF, 0xC0, 0x00, 0x0F, 0xFF, 0x00, 0x00, 0x3F,
    0xFC, 0x00, 0x00, 0xFF, 0xF0, 0x00, 0x03, 0xFF, 0xC0, 0x00, 0x0F, 0xFF, 0x00, 0x00, 0x3F, 0xFC,
    0x00, 0x00, 0xFF, 0xF0, 0x00, 0x03, 0xFF, 0xC0, 0x00, 0x0F, 0xFF, 0x00, 0x00, 0x3F, 0xFC, 0x00,
    0x00, 0xFF, 0xF0, 0x00, 0x03, 0xFF, 0xC0, 0x00, 0x0F, 0xFF, 0x00, 0x00, 0x3F, 0xFC, 0x00, 0x00,
    0xFF, 0xF0, 0x00, 0x03, 0xFF, 0xC0, 0x00, 0x0F, 0xFF, 0x00, 0x00, 0x3F, 0xFC, 0x00, 0x00, 0xFF,
    0xF0, 0x00, 0x03, 0xFF, 0xC0, 0x00, 0x0F, 0xFF, 0x00, 0x00, 0x3F, 0xFC, 0x00, 0x00, 0xFF, 0xF0,
    0x00, 0x03, 0xFF, 0xC0, 0x00, 0x0F, 0xFF, 0x00, 0x00, 0x3F, 0xFC, 0x00, 0x00, 0xFF, 0xF0, 0x00,
    0x03, 0xFF, 0xC0, 0x00, 0x0F, 0xFF, 0x00, 0x00, 0x3F, 0xFC, 0x00, 0x00, 0xFF, 0xF0, 0x00, 0x03,
    0xFF, 0xC0, 0x00, 0x0F, 0xFF, 0x00, 0x00, 0x3F, 0xFC, 0x00, 0x00, 0xFF, 0xF0, 0x00, 0x03, 0xFF,
    0xC0, 0x00, 0x0F, 0xFF, 0xFF, 0xFF, 0xFF, 0xFF, 0xFF, 0xFF, 0xFF, 0xFF, 0xFF, 0xFF, 0xFF, 0xFF,
    0xFF, 0xFF, 0xFF, 0xFF, 0xFF, 0xFF, 0xFF, 0xFF, 0xFF, 0xFF, 0xFF, 0xFF, 0xFF, 0xFF, 0xFF, 0xFF,
    0xFF, 0xFF, 0xFF, 0xFF, 0xFF, 0xFF, 0xFF, 0xFF, 0xFF, 0xFF, 0xFF, 0xFC, 0xFF, 0xF0, 0x00, 0x00,
    0x00, 0x1F, 0xFF, 0xFF, 0xE0, 0x00, 0x00, 0x00, 0x3F, 0xFF, 0xFF, 0xC0, 0x00, 0x00, 0x00, 0x7F,
    0xFF, 0xFF, 0xE0, 0x00, 0x00, 0x07, 0xFF, 0xFF, 0xFF, 0xC0, 0x00, 0x00, 0x0F, 0xFF, 0xFF, 0xFF,
    0xF0, 0x00, 0x00, 0x7F, 0xFF, 0xFF, 0xFF, 0xE0, 0x00, 0x00, 0xFF, 0xFF, 0xFF, 0xFF, 0xF0, 0x00,
    0x07, 0xFF, 0xFF, 0xFF, 0xFF, 0xE0, 0x00, 0x0F, 0xFF, 0xFF, 0xFF, 0xFF, 0xF0, 0x00, 0x7F, 0xFF,
    0xFF, 0xFF, 0xFF, 0xE0, 0x00, 0xFF, 0xFF, 0xFF, 0xFF, 0xFF, 0xC0, 0x01, 0xFF, 0xFF, 0xFF, 0xFF,
    0xFF, 0xE0, 0x0F, 0xFF, 0xFF, 0xFF, 0xFF, 0xFF, 0xC0, 0x1F, 0xFF, 0xFF, 0xFF, 0xFF, 0xFF, 0xF1,
    0xFF, 0xFF, 0xFF, 0xFF, 0xFF, 0xFF, 0xE3, 0xFF, 0xFF, 0xFF, 0xFF, 0xFF, 0xFF, 0xFF, 0xFF, 0xFF,
    0xFF, 0xFF, 0xFF, 0xFF, 0xFF, 0xFF, 0xFF, 0xFF, 0xFF, 0xFF, 0xFF, 0xFF, 0xFF, 0xFF, 0xFF, 0xFF,
    0x9F, 0xFF, 0xFF, 0xFC, 0xFF, 0xFF, 0xFF, 0x3F, 0xFF, 0xFF, 0xF9, 0xFF, 0xFF, 0xFE, 0x1F, 0xFF,
    0xFF, 0xC3, 0xFF, 0xFF, 0xFC, 0x3F, 0xFF, 0xFF, 0x87, 0xFF, 0xFF, 0xF8, 0x1F, 0xFF, 0xFC, 0x0F,
    0xFF, 0xFF, 0xF0, 0x3F, 0xFF, 0xF8, 0x1F, 0xFF, 0xFF, 0xE0, 0x1F, 0xFF, 0xC0, 0x3F, 0xFF, 0xFF,
    0xC0, 0x3F, 0xFF, 0x80, 0x7F, 0xFF, 0xFF, 0x80, 0x7F, 0xFF, 0x00, 0xFF, 0xFF, 0xFF, 0x00, 0x1F,
    0xF0, 0x01, 0xFF, 0xFF, 0xFE, 0x00, 0x3F, 0xE0, 0x03, 0xFF, 0xFF, 0xFC, 0x00, 0x1F, 0x00, 0x07,
    0xFF, 0xFF, 0xF8, 0x00, 0x3E, 0x00, 0x0F, 0xFF, 0xFF, 0xF0, 0x00, 0x00, 0x00, 0x1F, 0xFF, 0xFF,
    0xE0, 0x00, 0x00, 0x00, 0x3F, 0xFF, 0xFF, 0xC0, 0x00, 0x00, 0x00, 0x7F, 0xFF, 0xFF, 0x80, 0x00,
    0x00, 0x00, 0xFF, 0xFF, 0xFF, 0x00, 0x00, 0x00, 0x01, 0xFF, 0xFF, 0xFE, 0x00, 0x00, 0x00, 0x03,
    0xFF, 0xFF, 0xFC, 0x00, 0x00, 0x00, 0x07, 0xFF, 0xFF, 0xF8, 0x00, 0x00, 0x00, 0x0F, 0xFF, 0xFF,
    0xF0, 0x00, 0x00, 0x00, 0x1F, 0xFF, 0xFF, 0xE0, 0x00, 0x00, 0x00, 0x3F, 0xFF, 0xFF, 0xC0, 0x00,
    0x00, 0x00, 0x7F, 0xFF, 0xFF, 0x80, 0x00, 0x00, 0x00, 0xFF, 0xFF, 0xFF, 0x00, 0x00, 0x00, 0x01,
    0xFF, 0xFF, 0xFE, 0x00, 0x00, 0x00, 0x03, 0xFF, 0xFF, 0xFC, 0x00, 0x00, 0x00, 0x07, 0xFF, 0xFF,
    0xF8, 0x00, 0x00, 0x00, 0x0F, 0xFF, 0xFF, 0xF0, 0x00, 0x00, 0x00, 0x1F, 0xFF, 0xFF, 0xE0, 0x00,
    0x00, 0x00, 0x3F, 0xFF, 0xFF, 0xC0, 0x00, 0x00, 0x00, 0x7F, 0xFF, 0xFF, 0x80, 0x00, 0x00, 0x00,
    0xFF, 0xFF, 0xFF, 0x00, 0x00, 0x00, 0x01, 0xFF, 0xFF, 0xFE, 0x00, 0x00, 0x00, 0x03, 0xFF, 0xFF,
    0xFC, 0x00, 0x00, 0x00, 0x07, 0xFF, 0xFF, 0xF8, 0x00, 0x00, 0x00, 0x0F, 0xFF, 0xFF, 0xF0, 0x00,
    0x00, 0x00, 0x1F, 0xFE, 0xFF, 0xFC, 0x00, 0x00, 0xFF, 0xFF, 0xFF, 0xC0, 0x00, 0x0F, 0xFF, 0xFF,
    0xFC, 0x00, 0x00, 0xFF, 0xFF, 0xFF, 0xF8, 0x00, 0x0F, 0xFF, 0xFF, 0xFF, 0x80, 0x00, 0xFF, 0xFF,
    0xFF, 0xF8, 0x00, 0x0F, 0xFF, 0xFF, 0xFF, 0x80, 0x00, 0xFF, 0xFF, 0xFF, 0xFE, 0x00, 0x0F, 0xFF,
    0xFF, 0xFF, 0xE0, 0x00, 0xFF, 0xFF, 0xFF, 0xFE, 0x00, 0x0F, 0xFF, 0xFF, 0xFF, 0xE0, 0x00, 0xFF,
    0xFF, 0xFF, 0xFE, 0x00, 0x0F, 0xFF, 0xFF, 0xFF, 0xF8, 0x00, 0xFF, 0xFF, 0xFF, 0xFF, 0x80, 0x0F,
    0xFF, 0xFF, 0xFF, 0xF8, 0x00, 0xFF, 0xFF, 0xFF, 0xFF, 0x80, 0x0F, 0xFF, 0xFF, 0xFF, 0xFE, 0x00,
    0xFF, 0xFF, 0xFF, 0xFF, 0xE0, 0x0F, 0xFF, 0xFF, 0xFF, 0xFE, 0x00, 0xFF, 0xFF, 0xFF, 0xFF, 0xE0,
    0x0F, 0xFF, 0xFF, 0xFF, 0xFE, 0x00, 0xFF, 0xFF, 0xFF, 0xFF, 0xFC, 0x0F, 0xFF, 0xFF, 0xFF, 0xFF,
    0xC0, 0xFF, 0xFF, 0xFF, 0x3F, 0xFC, 0x0F, 0xFF, 0xFF, 0xF3, 0xFF, 0xC0, 0xFF, 0xFF, 0xFF, 0x3F,
    0xFF, 0x0F, 0xFF, 0xFF, 0xF3, 0xFF, 0xF0, 0xFF, 0xFF, 0xFF, 0x3F, 0xFF, 0x0F, 0xFF, 0xFF, 0xF0,
    0xFF, 0xF0, 0xFF, 0xFF, 0xFF, 0x0F, 0xFF, 0x0F, 0xFF, 0xFF, 0xF0, 0xFF, 0xFC, 0xFF, 0xFF, 0xFF,
    0x0F, 0xFF, 0xCF, 0xFF, 0xFF, 0xF0, 0x3F, 0xFC, 0xFF, 0xFF, 0xFF, 0x03, 0xFF, 0xCF, 0xFF, 0xFF,
    0xF0, 0x3F, 0xFF, 0xFF, 0xFF, 0xFF, 0x03, 0xFF, 0xFF, 0xFF, 0xFF, 0xF0, 0x3F, 0xFF, 0xFF, 0xFF,
    0xFF, 0x00, 0xFF, 0xFF, 0xFF, 0xFF, 0xF0, 0x0F, 0xFF, 0xFF, 0xFF, 0xFF, 0x00, 0xFF, 0xFF, 0xFF,
    0xFF, 0xF0, 0x0F, 0xFF, 0xFF, 0xFF, 0xFF, 0x00, 0x1F, 0xFF, 0xFF, 0xFF, 0xF0, 0x01, 0xFF, 0xFF,
    0xFF, 0xFF, 0x00, 0x1F, 0xFF, 0xFF, 0xFF, 0xF0, 0x01, 0xFF, 0xFF, 0xFF, 0xFF, 0x00, 0x1F, 0xFF,
    0xFF, 0xFF, 0xF0, 0x00, 0x7F, 0xFF, 0xFF, 0xFF, 0x00, 0x07, 0xFF, 0xFF, 0xFF, 0xF0, 0x00, 0x7F,
    0xFF, 0xFF, 0xFF, 0x00, 0x07, 0xFF, 0xFF, 0xFF, 0xF0, 0x00, 0x1F, 0xFF, 0xFF, 0xFF, 0x00, 0x01,
    0xFF, 0xFF, 0xFF, 0xF0, 0x00, 0x1F, 0xFF, 0xFF, 0xFF, 0x00, 0x01, 0xFF, 0xFF, 0xFF, 0xF0, 0x00,
    0x1F, 0xFF, 0xFF, 0xFF, 0x00, 0x00, 0x7F, 0xFF, 0xFF, 0xF0, 0x00, 0x07, 0xFF, 0xF0, 0x00, 0x7F,
    0xFF, 0xFC, 0x00, 0x00, 0xFF, 0xFF, 0xF8, 0x00, 0x1F, 0xFF, 0xFF, 0xFF, 0x00, 0x3F, 0xFF, 0xFF,
    0xFF, 0x00, 0x7F, 0xFF, 0xFF, 0xFE, 0x07, 0xFF, 0xFF, 0xFF, 0xFF, 0x0F, 0xFF, 0xFF, 0xFF, 0xFE,
    0x1F, 0xFF, 0xFF, 0xFF, 0xFC, 0x3F, 0xFF, 0xFF, 0xFF, 0xF8, 0x7F, 0xFF, 0xFF, 0xFF, 0xF3, 0xFF,
    0xFF, 0xFF, 0xFF, 0xFF, 0xFF, 0xE0, 0x03, 0xFF, 0xFF, 0xFF, 0xC0, 0x07, 0xFF, 0xFF, 0xFF, 0x80,
    0x0F, 0xFF, 0xFF, 0xFC, 0x00, 0x07, 0xFF, 0xFF, 0xF8, 0x00, 0x0F, 0xFF, 0xFF, 0xF0, 0x00, 0x1F,
    0xFF, 0xFF, 0xE0, 0x00, 0x3F, 0xFF, 0xFF, 0xC0, 0x00, 0x7F, 0xFF, 0xFF, 0x80, 0x00, 0xFF, 0xFF,
    0xFF, 0x00, 0x01, 0xFF, 0xFF, 0xFE, 0x00, 0x03, 0xFF, 0xFF, 0xFC, 0x00, 0x07, 0xFF, 0xFF, 0xF8,
    0x00, 0x0F, 0xFF, 0xFF, 0xF0, 0x00, 0x1F, 0xFF, 0xFF, 0xE0, 0x00, 0x3F, 0xFF, 0xFF, 0xC0, 0x00,
    0x7F, 0xFF, 0xFF, 0x80, 0x00, 0xFF, 0xFF, 0xFF, 0x00, 0x01, 0xFF, 0xFF, 0xFE, 0x00, 0x03, 0xFF,
    0xFF, 0xFC, 0x00, 0x07, 0xFF, 0xFF, 0xF8, 0x00, 0x0F, 0xFF, 0xFF, 0xF0, 0x00, 0x1F, 0xFF, 0xFF,
    0xE0, 0x00, 0x3F, 0xFF, 0xFF, 0xC0, 0x00, 0x7F, 0xFF, 0xFF, 0x80, 0x00, 0xFF, 0xFF, 0xFF, 0x00,
    0x01, 0xFF, 0xFF, 0xFE, 0x00, 0x03, 0xFF, 0xFF, 0xFC, 0x00, 0x07, 0xFF, 0xFF, 0xF8, 0x00, 0x0F,
    0xFF, 0xFF, 0xF0, 0x00, 0x1F, 0xFF, 0xFF, 0xE0, 0x00, 0x3F, 0xFF, 0xFF, 0xC0, 0x00, 0x7F, 0xFF,
    0xFF, 0xE0, 0x03, 0xFF, 0xFF, 0xFF, 0xC0, 0x07, 0xFF, 0xFF, 0xFF, 0x80, 0x0F, 0xFF, 0xFF, 0xFF,
    0xFF, 0xFF, 0xFF, 0xFF, 0xFF, 0xFF, 0xFF, 0xFF, 0x3F, 0xFF, 0xFF, 0xFF, 0xF8, 0x7F, 0xFF, 0xFF,
    0xFF, 0xF0, 0xFF, 0xFF, 0xFF, 0xFF, 0xE1, 0xFF, 0xFF, 0xFF, 0xFF, 0xC3, 0xFF, 0xFF, 0xFF, 0xFF,
    0x80, 0xFF, 0xFF, 0xFF, 0xFC, 0x01, 0xFF, 0xFF, 0xFF, 0xF8, 0x00, 0x3F, 0xFF, 0xFE, 0x00, 0x00,
    0x7F, 0xFF, 0xFC, 0x00, 0xFF, 0xFF, 0xFF, 0xF0, 0x07, 0xFF, 0xFF, 0xFF, 0x80, 0x3F, 0xFF, 0xFF,
    0xFC, 0x01, 0xFF, 0xFF, 0xFF, 0xFE, 0x0F, 0xFF, 0xFF, 0xFF, 0xF0, 0x7F, 0xFF, 0xFF, 0xFF, 0xF3,
    0xFF, 0xFF, 0xFF, 0xFF, 0x9F, 0xFF, 0xFF, 0xFF, 0xFC, 0xFF, 0xFF, 0xFF, 0xFF, 0xE7, 0xFF, 0xFF,
    0xFF, 0xFF, 0x3F, 0xFF, 0xFF, 0xFF, 0xFF, 0xFF, 0xE0, 0x03, 0xFF, 0xFF, 0xFF, 0x00, 0x1F, 0xFF,
    0xFF, 0xF8, 0x00, 0xFF, 0xFF, 0xFF, 0xC0, 0x01, 0xFF, 0xFF, 0xFE, 0x00, 0x0F, 0xFF, 0xFF, 0xF0,
    0x00, 0x7F, 0xFF, 0xFF, 0x80, 0x03, 0xFF, 0xFF, 0xFC, 0x00, 0x1F, 0xFF, 0xFF, 0xE0, 0x00, 0xFF,
    0xFF, 0xFF, 0x00, 0x07, 0xFF, 0xFF, 0xF8, 0x00, 0x3F, 0xFF, 0xFF, 0xC0, 0x01, 0xFF, 0xFF, 0xFE,
    0x00, 0x0F, 0xFF, 0xFF, 0xF0, 0x00, 0x7F, 0xFF, 0xFF, 0x80, 0x0F, 0xFF, 0xFF, 0xFC, 0x00, 0x7F,
    0xFF, 0xFF, 0xE0, 0x03, 0xFF, 0xFF, 0xFF, 0xFF, 0xFF, 0xFF, 0xFF, 0xFF, 0xFF, 0xFF, 0xFF, 0xFF,
    0xFF, 0xFF, 0xFF, 0x9F, 0xFF, 0xFF, 0xFF, 0xFC, 0xFF, 0xFF, 0xFF, 0xFF, 0x07, 0xFF, 0xFF, 0xFF,
    0xF8, 0x3F, 0xFF, 0xFF, 0xFF, 0xC1, 0xFF, 0xFF, 0xFF, 0xFE, 0x0F, 0xFF, 0xFF, 0xFF, 0xF0, 0x7F,
    0xFF, 0xFF, 0xFE, 0x03, 0xFF, 0xFF, 0xFF, 0xF0, 0x1F, 0xFE, 0x00, 0x00, 0x00, 0xFF, 0xF0, 0x00,
    0x00, 0x07, 0xFF, 0x80, 0x00, 0x00, 0x3F, 0xFC, 0x00, 0x00, 0x01, 0xFF, 0xE0, 0x00, 0x00, 0x0F,
    0xFF, 0x00, 0x00, 0x00, 0x7F, 0xF8, 0x00, 0x00, 0x03, 0xFF, 0xC0, 0x00, 0x00, 0x1F, 0xFE, 0x00,
    0x00, 0x00, 0xFF, 0xF0, 0x00, 0x00, 0x07, 0xFF, 0x80, 0x00, 0x00, 0x3F, 0xFC, 0x00, 0x00, 0x01,
    0xFF, 0xE0, 0x00, 0x00, 0x0F, 0xFF, 0x00, 0x00, 0x00, 0x7F, 0xF8, 0x00, 0x00, 0x03, 0xFF, 0xC0,
    0x00, 0x00, 0x1F, 0xFE, 0x00, 0x00, 0x00, 0xFF, 0xF0, 0x00, 0x00, 0x00, 0x00, 0x7F, 0xFF, 0xFC,
    0x00, 0x00, 0xFF, 0xFF, 0xF8, 0x00, 0x01, 0xFF, 0xFF, 0xF0, 0x00, 0x3F, 0xFF, 0xFF, 0xFF, 0x00,
    0x7F, 0xFF, 0xFF, 0xFE, 0x07, 0xFF, 0xFF, 0xFF, 0xFF, 0x0F, 0xFF, 0xFF, 0xFF, 0xFE, 0x1F, 0xFF,
    0xFF, 0xFF, 0xFC, 0x3F, 0xFF, 0xFF, 0xFF, 0xF8, 0x7F, 0xFF, 0xFF, 0xFF, 0xF3, 0xFF, 0xFF, 0xFF,
    0xFF, 0xFF, 0xFF, 0xE0, 0x03, 0xFF, 0xFF, 0xFF, 0xC0, 0x07, 0xFF, 0xFF, 0xFF, 0x80, 0x0F, 0xFF,
    0xFF, 0xFC, 0x00, 0x07, 0xFF, 0xFF, 0xF8, 0x00, 0x0F, 0xFF, 0xFF, 0xF0, 0x00, 0x1F, 0xFF, 0xFF,
    0xE0, 0x00, 0x3F, 0xFF, 0xFF, 0xC0, 0x00, 0x7F, 0xFF, 0xFF, 0x80, 0x00, 0xFF, 0xFF, 0xFF, 0x00,
    0x01, 0xFF, 0xFF, 0xFE, 0x00, 0x03, 0xFF, 0xFF, 0xFC, 0x00, 0x07, 0xFF, 0xFF, 0xF8, 0x00, 0x0F,
    0xFF, 0xFF, 0xF0, 0x00, 0x1F, 0xFF, 0xFF, 0xE0, 0x00, 0x3F, 0xFF, 0xFF, 0xC0, 0x00, 0x7F, 0xFF,
    0xFF, 0x80, 0x00, 0xFF, 0xFF, 0xFF, 0x00, 0x01, 0xFF, 0xFF, 0xFE, 0x00, 0x03, 0xFF, 0xFF, 0xFC,
    0x00, 0x07, 0xFF, 0xFF, 0xF8, 0x00, 0x0F, 0xFF, 0xFF, 0xF0, 0x00, 0x1F, 0xFF, 0xFF, 0xE0, 0x00,
    0x3F, 0xFF, 0xFF, 0xC0, 0x00, 0x7F, 0xFF, 0xFF, 0x80, 0x00, 0xFF, 0xFF, 0xFF, 0x00, 0x01, 0xFF,
    0xFF, 0xFE, 0x00, 0x03, 0xFF, 0xFF, 0xFC, 0x00, 0x07, 0xFF, 0xFF, 0xF8, 0x00, 0x0F, 0xFF, 0xFF,
    0xF0, 0x00, 0x1F, 0xFF, 0xFF, 0xE0, 0x00, 0x3F, 0xFF, 0xFF, 0xC0, 0x00, 0x7F, 0xFF, 0xFF, 0xE0,
    0x03, 0xFF, 0xFF, 0xFF, 0xC0, 0x07, 0xFF, 0xFF, 0xFF, 0x80, 0x0F, 0xFF, 0xFF, 0xFF, 0xFF, 0xFF,
    0xFE, 0x7F, 0xFF, 0xFF, 0xFF, 0xFC, 0x3F, 0xFF, 0xFF, 0xFF, 0xF8, 0x7F, 0xFF, 0xFF, 0xFF, 0xF0,
    0xFF, 0xFF, 0xFF, 0xFF, 0x81, 0xFF, 0xFF, 0xFF, 0xFF, 0x03, 0xFF, 0xFF, 0xFF, 0xFE, 0x00, 0xFF,
    0xFF, 0xFF, 0x80, 0x01, 0xFF, 0xFF, 0xFF, 0x00, 0x00, 0x3F, 0xFF, 0xFF, 0xFF, 0x00, 0x7F, 0xFF,
    0xFF, 0xFE, 0x00, 0x00, 0x7F, 0xFF, 0xFC, 0x00, 0x00, 0xFF, 0xFF, 0xF8, 0x00, 0x01, 0xFF, 0xFF,
    0xF0, 0x00, 0x03, 0xFF, 0xFF, 0xE0, 0x00, 0x07, 0xFF, 0xFF, 0xC0, 0x00, 0x03, 0xFF, 0xFF, 0x80,
    0x00, 0x07, 0xFF, 0xFF, 0x00, 0x00, 0x01, 0xFF, 0xFE, 0x00, 0x00, 0x03, 0xFF, 0xFC, 0xFF, 0xFF,
    0xFF, 0xF0, 0x07, 0xFF, 0xFF, 0xFF, 0x80, 0x3F, 0xFF, 0xFF, 0xFF, 0xC1, 0xFF, 0xFF, 0xFF, 0xFE,
    0x0F, 0xFF, 0xFF, 0xFF, 0xF0, 0x7F, 0xFF, 0xFF, 0xFF, 0xF3, 0xFF, 0xFF, 0xFF, 0xFF, 0x9F, 0xFF,
    0xFF, 0xFF, 0xFC, 0xFF, 0xFF, 0xFF, 0xFF, 0xE7, 0xFF, 0xFF, 0xFF, 0xFF, 0x3F, 0xFF, 0xFF, 0xFF,
    0xFF, 0xFF, 0xE0, 0x03, 0xFF, 0xFF, 0xFF, 0x00, 0x1F, 0xFF, 0xFF, 0xF8, 0x00, 0xFF, 0xFF, 0xFF,
    0xC0, 0x01, 0xFF, 0xFF, 0xFE, 0x00, 0x0F, 0xFF, 0xFF, 0xF0, 0x00, 0x7F, 0xFF, 0xFF, 0x80, 0x03,
    0xFF, 0xFF, 0xFC, 0x00, 0x1F, 0xFF, 0xFF, 0xE0, 0x00, 0xFF, 0xFF, 0xFF, 0x00, 0x07, 0xFF, 0xFF,
    0xF8, 0x00, 0x3F, 0xFF, 0xFF, 0xC0, 0x01, 0xFF, 0xFF, 0xFE, 0x00, 0x0F, 0xFF, 0xFF, 0xF0, 0x00,
    0x7F, 0xFF, 0xFF, 0x80, 0x0F, 0xFF, 0xFF, 0xFC, 0x00, 0x7F, 0xFF, 0xFF, 0xE0, 0x03, 0xFF, 0xFF,
    0xFF, 0xFF, 0xFF, 0xFF, 0xFF, 0xFF, 0xFF, 0xFF, 0xFF, 0xFF, 0xFF, 0xFF, 0xFF, 0x9F, 0xFF, 0xFF,
    0xFF, 0xFC, 0xFF, 0xFF, 0xFF, 0xFF, 0x07, 0xFF, 0xFF, 0xFF, 0xF8, 0x3F, 0xFF, 0xFF, 0xFF, 0xF1,
    0xFF, 0xFF, 0xFF, 0xFF, 0xCF, 0xFF, 0xFF, 0xFF, 0xFE, 0x7F, 0xFF, 0xFF, 0xFF, 0xFF, 0xFF, 0xFF,
    0xFF, 0xFF, 0xFF, 0xFE, 0x00, 0x0F, 0xFF, 0xFF, 0xF0, 0x00, 0x7F, 0xFF, 0xFF, 0x80, 0x03, 0xFF,
    0xFF, 0xFC, 0x00, 0x1F, 0xFF, 0xFF, 0xE0, 0x00, 0xFF, 0xFF, 0xFF, 0x00, 0x07, 0xFF, 0xFF, 0xF8,
    0x00, 0x3F, 0xFF, 0xFF, 0xC0, 0x01, 0xFF, 0xFF, 0xFE, 0x00, 0x0F, 0xFF, 0xFF, 0xF0, 0x00, 0x7F,
    0xFF, 0xFF, 0x80, 0x03, 0xFF, 0xFF, 0xFC, 0x00, 0x1F, 0xFF, 0xFF, 0xE0, 0x00, 0xFF, 0xFF, 0xFF,
    0x00, 0x07, 0xFF, 0xFF, 0xF8, 0x00, 0x3F, 0xFF, 0xFF, 0xC0, 0x01, 0xFF, 0xFF, 0xFE, 0x00, 0x0F,
    0xFF, 0xFF, 0xF0, 0x00, 0x7F, 0xF8, 0x00, 0x7F, 0xFF, 0xFC, 0x00, 0x00, 0xFF, 0xFF, 0xF8, 0x00,
    0x01, 0xFF, 0xFF, 0xF0, 0x00, 0x3F, 0xFF, 0xFF, 0xFF, 0x00, 0x7F, 0xFF, 0xFF, 0xFE, 0x07, 0xFF,
    0xFF, 0xFF, 0xFF, 0x0F, 0xFF, 0xFF, 0xFF, 0xFE, 0x1F, 0xFF, 0xFF, 0xFF, 0xFC, 0x3F, 0xFF, 0xFF,
    0xFF, 0xF9, 0xFF, 0xFF, 0xFF, 0xFF, 0xFF, 0xFF, 0xFF, 0xFF, 0xFF, 0xFF, 0xFF, 0xE0, 0x03, 0xFF,
    0xFF, 0xFF, 0xC0, 0x07, 0xFF, 0xFF, 0xFF, 0x80, 0x0F, 0xFF, 0xFF, 0xFC, 0x00, 0x07, 0xFF, 0xFF,
    0xF8, 0x00, 0x0F, 0xFF, 0xFF, 0xF0, 0x00, 0x00, 0x01, 0xFF, 0xE0, 0x00, 0x00, 0x03, 0xFF, 0xC0,
    0x00, 0x00, 0x07, 0xFF, 0x80, 0x00, 0x00, 0x0F, 0xFF, 0xC0, 0x00, 0x00, 0x1F, 0xFF, 0x80, 0x00,
    0x00, 0x3F, 0xFF, 0x00, 0x00, 0x00, 0x7F, 0xFF, 0xFF, 0xFE, 0x00, 0xFF, 0xFF, 0xFF, 0xFC, 0x00,
    0x7F, 0xFF, 0xFF, 0xF8, 0x00, 0xFF, 0xFF, 0xFF, 0xFF, 0x81, 0xFF, 0xFF, 0xFF, 0xFF, 0x03, 0xFF,
    0xFF, 0xFF, 0xFF, 0x87, 0xFF, 0xFF, 0xFF, 0xFF, 0x01, 0xFF, 0xFF, 0xFF, 0xFE, 0x03, 0xFF, 0xFF,
    0xFF, 0xFC, 0x00, 0x7F, 0xFF, 0xFF, 0xFE, 0x00, 0xFF, 0xFF, 0xFF, 0xFC, 0x00, 0x00, 0x01, 0xFF,
    0xF8, 0x00, 0x00, 0x03, 0xFF, 0xF0, 0x00, 0x00, 0x07, 0xFF, 0xE0, 0x00, 0x00, 0x03, 0xFF, 0xC0,
    0x00, 0x00, 0x07, 0xFF, 0xFF, 0xF8, 0x00, 0x0F, 0xFF, 0xFF, 0xF0, 0x00, 0x1F, 0xFF, 0xFF, 0xE0,
    0x00, 0x3F, 0xFF, 0xFF, 0xC0, 0x00, 0x7F, 0xFF, 0xFF, 0xE0, 0x03, 0xFF, 0xFF, 0xFF, 0xC0, 0x07,
    0xFF, 0xFF, 0xFF, 0x80, 0x0F, 0xFF, 0xFF, 0xFF, 0xFF, 0xFF, 0xFF, 0xFF, 0xFF, 0xFF, 0xFF, 0xFF,
    0x3F, 0xFF, 0xFF, 0xFF, 0xF8, 0x7F, 0xFF, 0xFF, 0xFF, 0xF0, 0xFF, 0xFF, 0xFF, 0xFF, 0xE1, 0xFF,
    0xFF, 0xFF, 0xFF, 0xC3, 0xFF, 0xFF, 0xFF, 0xFF, 0x80, 0xFF, 0xFF, 0xFF, 0xFC, 0x01, 0xFF, 0xFF,
    0xFF, 0xF8, 0x00, 0x3F, 0xFF, 0xFE, 0x00, 0x00, 0x7F, 0xFF, 0xFC, 0x00, 0xFF, 0xFF, 0xFF, 0xFF,
    0xFF, 0xFF, 0xFF, 0xFF, 0xFF, 0xFF, 0xFF, 0xFF, 0xFF, 0xFF, 0xFF, 0xFF, 0xFF, 0xFF, 0xFF, 0xFF,
    0xFF, 0xFF, 0xFF, 0xFF, 0xFF, 0xFF, 0xFF, 0xFF, 0xFF, 0xFF, 0xFF, 0xFF, 0xFF, 0xFF, 0xFF, 0xFF,
    0xFF, 0xFF, 0xFF, 0xFF, 0xFF, 0xFF, 0xFF, 0xFF, 0xFF, 0xFF, 0xFF, 0xFF, 0x80, 0x0F, 0xFF, 0x00,
    0x00, 0x01, 0xFF, 0xE0, 0x00, 0x00, 0x3F, 0xFC, 0x00, 0x00, 0x07, 0xFF, 0x80, 0x00, 0x00, 0xFF,
    0xF0, 0x00, 0x00, 0x1F, 0xFE, 0x00, 0x00, 0x03, 0xFF, 0xC0, 0x00, 0x00, 0x7F, 0xF8, 0x00, 0x00,
    0x0F, 0xFF, 0x00, 0x00, 0x01, 0xFF, 0xE0, 0x00, 0x00, 0x3F, 0xFC, 0x00, 0x00, 0x07, 0xFF, 0x80,
    0x00, 0x00, 0xFF, 0xF0, 0x00, 0x00, 0x1F, 0xFE, 0x00, 0x00, 0x03, 0xFF, 0xC0, 0x00, 0x00, 0x7F,
    0xF8, 0x00, 0x00, 0x0F, 0xFF, 0x00, 0x00, 0x01, 0xFF, 0xE0, 0x00, 0x00, 0x3F, 0xFC, 0x00, 0x00,
    0x07, 0xFF, 0x80, 0x00, 0x00, 0xFF, 0xF0, 0x00, 0x00, 0x1F, 0xFE, 0x00, 0x00, 0x03, 0xFF, 0xC0,
    0x00, 0x00, 0x7F, 0xF8, 0x00, 0x00, 0x0F, 0xFF, 0x00, 0x00, 0x01, 0xFF, 0xE0, 0x00, 0x00, 0x3F,
    0xFC, 0x00, 0x00, 0x07, 0xFF, 0x80, 0x00, 0x00, 0xFF, 0xF0, 0x00, 0x00, 0x1F, 0xFE, 0x00, 0x00,
    0x03, 0xFF, 0xC0, 0x00, 0x00, 0x7F, 0xF8, 0x00, 0x00, 0x0F, 0xFF, 0x00, 0x00, 0x01, 0xFF, 0xE0,
    0x00, 0x00, 0x3F, 0xFC, 0x00, 0x00, 0x07, 0xFF, 0x80, 0x00, 0x00, 0xFF, 0xF0, 0x00, 0x00, 0x1F,
    0xFE, 0x00, 0x00, 0x03, 0xFF, 0xC0, 0x00, 0x00, 0x7F, 0xF8, 0x00, 0x00, 0x0F, 0xFF, 0x00, 0x00,
    0x01, 0xFF, 0xE0, 0x00, 0x00, 0x3F, 0xFC, 0x00, 0x00, 0x07, 0xFF, 0x80, 0x00, 0x00, 0xFF, 0xF0,
    0x00, 0x00, 0x1F, 0xFE, 0x00, 0x00, 0xFF, 0xF0, 0x00, 0x1F, 0xFF, 0xFF, 0xE0, 0x00, 0x3F, 0xFF,
    0xFF, 0xC0, 0x00, 0x7F, 0xFF, 0xFF, 0x80, 0x00, 0xFF, 0xFF, 0xFF, 0x00, 0x01, 0xFF, 0xFF, 0xFE,
    0x00, 0x03, 0xFF, 0xFF, 0xFC, 0x00, 0x07, 0xFF, 0xFF, 0xF8, 0x00, 0x0F, 0xFF, 0xFF, 0xF0, 0x00,
    0x1F, 0xFF, 0xFF, 0xE0, 0x00, 0x3F, 0xFF, 0xFF, 0xC0, 0x00, 0x7F, 0xFF, 0xFF, 0x80, 0x00, 0xFF,
    0xFF, 0xFF, 0x00, 0x01, 0xFF, 0xFF, 0xFE, 0x00, 0x03, 0xFF, 0xFF, 0xFC, 0x00, 0x07, 0xFF, 0xFF,
    0xF8, 0x00, 0x0F, 0xFF, 0xFF, 0xF0, 0x00, 0x1F, 0xFF, 0xFF, 0xE0, 0x00, 0x3F, 0xFF, 0xFF, 0xC0,
    0x00, 0x7F, 0xFF, 0xFF, 0x80, 0x00, 0xFF, 0xFF, 0xFF, 0x00, 0x01, 0xFF, 0xFF, 0xFE, 0x00, 0x03,
    0xFF, 0xFF, 0xFC, 0x00, 0x07, 0xFF, 0xFF, 0xF8, 0x00, 0x0F, 0xFF, 0xFF, 0xF0, 0x00, 0x1F, 0xFF,
    0xFF, 0xE0, 0x00, 0x3F, 0xFF, 0xFF, 0xC0, 0x00, 0x7F, 0xFF, 0xFF, 0x80, 0x00, 0xFF, 0xFF, 0xFF,
    0x00, 0x01, 0xFF, 0xFF, 0xFE, 0x00, 0x03, 0xFF, 0xFF, 0xFC, 0x00, 0x07, 0xFF, 0xFF, 0xF8, 0x00,
    0x0F, 0xFF, 0xFF, 0xF0, 0x00, 0x1F, 0xFF, 0xFF, 0xE0, 0x00, 0x3F, 0xFF, 0xFF, 0xC0, 0x00, 0x7F,
    0xFF, 0xFF, 0x80, 0x00, 0xFF, 0xFF, 0xFF, 0x00, 0x01, 0xFF, 0xFF, 0xFE, 0x00, 0x03, 0xFF, 0xFF,
    0xFC, 0x00, 0x07, 0xFF, 0xFF, 0xF8, 0x00, 0x0F, 0xFF, 0xFF, 0xF0, 0x00, 0x1F, 0xFF, 0xFF, 0xE0,
    0x00, 0x3F, 0xFF, 0xFF, 0xC0, 0x00, 0x7F, 0xFF, 0xFF, 0xE0, 0x03, 0xFF, 0xFF, 0xFF, 0xC0, 0x07,
    0xFF, 0xFF, 0xFF, 0x80, 0x0F, 0xFF, 0xFF, 0xFF, 0xFF, 0xFF, 0xFF, 0xFF, 0xFF, 0xFF, 0xFF, 0xFF,
    0x3F, 0xFF, 0xFF, 0xFF, 0xF8, 0x7F, 0xFF, 0xFF, 0xFF, 0xF0, 0xFF, 0xFF, 0xFF, 0xFF, 0xE1, 0xFF,
    0xFF, 0xFF, 0xFF, 0xC3, 0xFF, 0xFF, 0xFF, 0xFF, 0x80, 0xFF, 0xFF, 0xFF, 0xFC, 0x01, 0xFF, 0xFF,
    0xFF, 0xF0, 0x00, 0x3F, 0xFF, 0xFE, 0x00, 0x00, 0x7F, 0xFF, 0xFC, 0x00, 0xFF, 0xF0, 0x00, 0x7F,
    0xFF, 0xFF, 0x80, 0x03, 0xFF, 0xFF, 0xFC, 0x00, 0x1F, 0xFF, 0xFF, 0xE0, 0x00, 0xFF, 0xFF, 0xFF,
    0x00, 0x07, 0xFF, 0xFF, 0xF8, 0x00, 0x3F, 0xFF, 0xFF, 0xC0, 0x01, 0xFF, 0xFF, 0xFE, 0x00, 0x0F,
    0xFF, 0xFF, 0xF0, 0x00, 0x7F, 0xFF, 0xFF, 0x80, 0x03, 0xFF, 0xFF, 0xFC, 0x00, 0x1F, 0xFF, 0xFF,
    0xE0, 0x00, 0xFF, 0xFF, 0xFF, 0x00, 0x07, 0xFF, 0xFF, 0xF8, 0x00, 0x3F, 0xFF, 0xFF, 0xC0, 0x01,
    0xFF, 0xFF, 0xFE, 0x00, 0x0F, 0xFF, 0xFF, 0xF0, 0x00, 0x7F, 0xFF, 0xFF, 0x80, 0x03, 0xFF, 0xFF,
    0xFC, 0x00, 0x1F, 0xFF, 0xFF, 0xE0, 0x00, 0xFF, 0xFF, 0xFF, 0x00, 0x07, 0xFF, 0xFF, 0xF8, 0x00,
    0x3F, 0xFF, 0xFF, 0xC0, 0x01, 0xFF, 0xFF, 0xFE, 0x00, 0x0F, 0xFF, 0xFF, 0xF0, 0x00, 0x7F, 0xFF,
    0xFF, 0x80, 0x03, 0xFF, 0xFF, 0xFC, 0x00, 0x1F, 0xFF, 0xFF, 0xE0, 0x00, 0xFF, 0xFF, 0xFF, 0x00,
    0x07, 0xFF, 0xFF, 0xF8, 0x00, 0x3F, 0xFF, 0xFF, 0xC0, 0x01, 0xFF, 0xFF, 0xFE, 0x00, 0x0F, 0xFF,
    0xFF, 0xF0, 0x00, 0x7F, 0xFF, 0xFF, 0x80, 0x03, 0xFF, 0xFF, 0xFC, 0x00, 0x1F, 0xFF, 0xFF, 0xE0,
    0x00, 0xFF, 0xFF, 0xFF, 0x00, 0x07, 0xFF, 0xFF, 0xF8, 0x00, 0x3F, 0xFF, 0xFF, 0xC0, 0x01, 0xFF,
    0xFF, 0xFF, 0x80, 0x3F, 0xFF, 0xFF, 0xFF, 0x07, 0xFF, 0xFF, 0xFF, 0xFC, 0x7F, 0xFF, 0xFF, 0xFF,
    0xE3, 0xFF, 0xFE, 0x7F, 0xFF, 0xFF, 0xFF, 0xC3, 0xFF, 0xFF, 0xFF, 0xFE, 0x0F, 0xFF, 0xFF, 0xFF,
    0xE0, 0x1F, 0xFF, 0xFF, 0xFC, 0x00, 0xFF, 0xFF, 0xFF, 0xE0, 0x01, 0xFF, 0xFF, 0xFC, 0x00, 0x0F,
    0xFF, 0xFF, 0xE0, 0x00, 0x7F, 0xFF, 0xFF, 0x00, 0x00, 0xFF, 0xFF, 0xE0, 0x00, 0x07, 0xFF, 0xFF,
    0x00, 0x00, 0x0F, 0xFF, 0xE0, 0x00, 0x00, 0x7F, 0xFF, 0x00, 0x00, 0x00, 0x7F, 0xC0, 0x00, 0x00,
    0x03, 0xFE, 0x00, 0x00, 0xFF, 0xF0, 0x01, 0xFF, 0xE0, 0x07, 0xFF, 0xFF, 0xF8, 0x00, 0xFF, 0xF0,
    0x03, 0xFF, 0xFF, 0xFC, 0x00, 0x7F, 0xF8, 0x01, 0xFF, 0xFF, 0xFE, 0x00, 0x3F, 0xFC, 0x00, 0xFF,
    0xFF, 0xFF, 0x00, 0x1F, 0xFE, 0x00, 0x7F, 0xFF, 0xFF, 0x80, 0x0F, 0xFF, 0x00, 0x3F, 0xFF, 0xFF,
    0xC0, 0x07, 0xFF, 0x80, 0x1F, 0xFF, 0xFF, 0xE0, 0x03, 0xFF, 0xC0, 0x0F, 0xFF, 0xFF, 0xF0, 0x01,
    0xFF, 0xE0, 0x07, 0xFF, 0xFF, 0xF8, 0x00, 0xFF, 0xF0, 0x03, 0xFF, 0xFF, 0xFC, 0x00, 0x7F, 0xF8,
    0x01, 0xFF, 0xFF, 0xFE, 0x00, 0x3F, 0xFC, 0x00, 0xFF, 0xFF, 0xFF, 0x00, 0x1F, 0xFE, 0x00, 0x7F,
    0xFF, 0xFF, 0x80, 0x0F, 0xFF, 0x00, 0x3F, 0xFF, 0xFF, 0xC0, 0x07, 0xFF, 0x80, 0x1F, 0xFF, 0xFF,
    0xE0, 0x03, 0xFF, 0xC0, 0x0F, 0xFF, 0xFF, 0xF0, 0x01, 0xFF, 0xE0, 0x07, 0xFF, 0xFF, 0xF8, 0x00,
    0xFF, 0xF0, 0x03, 0xFF, 0xFF, 0xFC, 0x00, 0x7F, 0xF8, 0x01, 0xFF, 0xFF, 0xFE, 0x00, 0x3F, 0xFC,
    0x00, 0xFF, 0xFF, 0xFF, 0x00, 0x1F, 0xFE, 0x00, 0x7F, 0xFF, 0xFF, 0x80, 0x0F, 0xFF, 0x00, 0x3F,
    0xFF, 0xFF, 0xC0, 0x07, 0xFF, 0x80, 0x1F, 0xFF, 0xFF, 0xE0, 0x03, 0xFF, 0xC0, 0x0F, 0xFF, 0xFF,
    0xF0, 0x01, 0xFF, 0xE0, 0x07, 0xFF, 0xFF, 0xF8, 0x00, 0xFF, 0xF0, 0x03, 0xFF, 0xFF, 0xFC, 0x00,
    0x7F, 0xF8, 0x01, 0xFF, 0xFF, 0xFE, 0x00, 0x3F, 0xFC, 0x00, 0xFF, 0xFF, 0xFF, 0x00, 0x1F, 0xFE,
    0x00, 0x7F, 0xFF, 0xFF, 0x80, 0x0F, 0xFF, 0x00, 0x3F, 0xFF, 0xFF, 0xC0, 0x07, 0xFF, 0x80, 0x1F,
    0xFF, 0xFF, 0xE0, 0x03, 0xFF, 0xC0, 0x0F, 0xFF, 0xFF, 0xF0, 0x01, 0xFF, 0xE0, 0x07, 0xFF, 0xFF,
    0xF8, 0x00, 0xFF, 0xF0, 0x03, 0xFF, 0xFF, 0xFC, 0x00, 0x7F, 0xF8, 0x01, 0xFF, 0xFF, 0xFE, 0x00,
    0x3F, 0xFC, 0x00, 0xFF, 0xFF, 0xFF, 0x00, 0x1F, 0xFE, 0x00, 0x7F, 0xFF, 0xFF, 0x80, 0x0F, 0xFF,
    0x00, 0x3F, 0xFF, 0xFF, 0xC0, 0x07, 0xFF, 0x80, 0x1F, 0xFF, 0xFF, 0xF8, 0x1F, 0xFF, 0xF0, 0x3F,
    0xFF, 0xFF, 0xFF, 0x3F, 0xFF, 0xFE, 0x7F, 0xFF, 0xFF, 0xFF, 0xDF, 0xFF, 0xFF, 0x7F, 0xFF, 0xFF,
    0xFF, 0xEF, 0xFF, 0xFF, 0xBF, 0xFF, 0xE7, 0xFF, 0xFF, 0xFF, 0xFF, 0xFF, 0xFF, 0xC3, 0xFF, 0xFF,
    0xFF, 0xFF, 0xFF, 0xFF, 0xE0, 0xFF, 0xFF, 0xFF, 0xFF, 0xFF, 0xFF, 0xE0, 0x1F, 0xFF, 0xFF, 0xFF,
    0xFF, 0xFF, 0xC0, 0x0F, 0xFF, 0xFF, 0xFF, 0xFF, 0xFF, 0xE0, 0x01, 0xFF, 0xFF, 0xF7, 0xFF, 0xFF,
    0xC0, 0x00, 0xFF, 0xFF, 0xFB, 0xFF, 0xFF, 0xE0, 0x00, 0x7F, 0xFF, 0xF8, 0xFF, 0xFF, 0xF0, 0x00,
    0x0F, 0xFF, 0xF8, 0x1F, 0xFF, 0xE0, 0x00, 0x07, 0xFF, 0xF8, 0x0F, 0xFF, 0xF0, 0x00, 0x00, 0xFF,
    0xF0, 0x01, 0xFF, 0xE0, 0x00, 0x00, 0x7F, 0xF8, 0x00, 0xFF, 0xF0, 0x00, 0x00, 0x07, 0xF0, 0x00,
    0x1F, 0xE0, 0x00, 0x00, 0x03, 0xF8, 0x00, 0x0F, 0xF0, 0x00, 0x00, 0xFF, 0xF0, 0x00, 0x7F, 0xFF,
    0xFF, 0x80, 0x03, 0xFF, 0xFF, 0xFC, 0x00, 0x1F, 0xFF, 0xFF, 0xE0, 0x00, 0xFF, 0xFF, 0xFF, 0x00,
    0x07, 0xFF, 0xFF, 0xF8, 0x00, 0x3F, 0xFF, 0xFF, 0xC0, 0x01, 0xFF, 0xFF, 0xFE, 0x00, 0x0F, 0xFF,
    0xFF, 0xF0, 0x00, 0x7F, 0xFF, 0xFF, 0x80, 0x03, 0xFF, 0xFF, 0xFC, 0x00, 0x1F, 0xFF, 0xFF, 0xE0,
    0x00, 0xFF, 0xFF, 0xFF, 0x00, 0x07, 0xFF, 0xFF, 0xF8, 0x00, 0x3F, 0xFF, 0xFF, 0xF0, 0x07, 0xFF,
    0xFF, 0xFF, 0x80, 0x3F, 0xFF, 0xFF, 0xFF, 0x8F, 0xFF, 0xFF, 0xFF, 0xFC, 0x7F, 0xFF, 0xCF, 0xFF,
    0xE3, 0xFF, 0xF8, 0x7F, 0xFF, 0xFF, 0xFF, 0xC1, 0xFF, 0xFF, 0xFF, 0xFC, 0x03, 0xFF, 0xFF, 0xFF,
    0x80, 0x1F, 0xFF, 0xFF, 0xFC, 0x00, 0xFF, 0xFF, 0xFF, 0xE0, 0x01, 0xFF, 0xFF, 0xFC, 0x00, 0x0F,
    0xFF, 0xFF, 0xE0, 0x00, 0x1F, 0xFF, 0xFC, 0x00, 0x00, 0xFF, 0xFF, 0xE0, 0x00, 0x01, 0xFF, 0xFC,
    0x00, 0x00, 0x0F, 0xFF, 0xE0, 0x00, 0x01, 0xFF, 0xFF, 0xC0, 0x00, 0x0F, 0xFF, 0xFE, 0x00, 0x01,
    0xFF, 0xFF, 0xFC, 0x00, 0x0F, 0xFF, 0xFF, 0xE0, 0x01, 0xFF, 0xFF, 0xFF, 0xC0, 0x0F, 0xFF, 0xFF,
    0xFE, 0x01, 0xFF, 0xFF, 0xFF, 0xFC, 0x1F, 0xFF, 0xFF, 0xFF, 0xF0, 0xFF, 0xFF, 0xFF, 0xFF, 0x9F,
    0xFF, 0xF1, 0xFF, 0xFF, 0xFF, 0xFF, 0x8F, 0xFF, 0xFF, 0xFF, 0xE0, 0x0F, 0xFF, 0xFF, 0xFF, 0x00,
    0x7F, 0xFF, 0xFF, 0xE0, 0x00, 0xFF, 0xFF, 0xFF, 0x00, 0x07, 0xFF, 0xFF, 0xF8, 0x00, 0x3F, 0xFF,
    0xFF, 0xC0, 0x01, 0xFF, 0xFF, 0xFE, 0x00, 0x0F, 0xFF, 0xFF, 0xF0, 0x00, 0x7F, 0xFF, 0xFF, 0x80,
    0x03, 0xFF, 0xFF, 0xFC, 0x00, 0x1F, 0xFF, 0xFF, 0xE0, 0x00, 0xFF, 0xFF, 0xFF, 0x00, 0x07, 0xFF,
    0xFF, 0xF8, 0x00, 0x3F, 0xFF, 0xFF, 0xC0, 0x01, 0xFF, 0xFF, 0xFE, 0x00, 0x0F, 0xFF, 0xFF, 0xF0,
    0x00, 0x7F, 0xF8, 0xFF, 0xF0, 0x00, 0x1F, 0xFF, 0xFF, 0xE0, 0x00, 0x3F, 0xFF, 0xFF, 0xC0, 0x00,
    0x7F, 0xFF, 0xFF, 0x80, 0x00, 0xFF, 0xFF, 0xFF, 0x00, 0x01, 0xFF, 0xFF, 0xFE, 0x00, 0x03, 0xFF,
    0xFF, 0xFC, 0x00, 0x07, 0xFF, 0xFF, 0xF8, 0x00, 0x0F, 0xFF, 0xFF, 0xF0, 0x00, 0x1F, 0xFF, 0xFF,
    0xE0, 0x00, 0x3F, 0xFF, 0xFF, 0xC0, 0x00, 0x7F, 0xFF, 0xFF, 0x80, 0x00, 0xFF, 0xFF, 0xFF, 0x00,
    0x01, 0xFF, 0xFF, 0xFE, 0x00, 0x03, 0xFF, 0xFF, 0xFC, 0x00, 0x07, 0xFF, 0xFF, 0xF8, 0x00, 0x0F,
    0xFF, 0xFF, 0xF0, 0x00, 0x1F, 0xFF, 0xFF, 0xE0, 0x00, 0x3F, 0xFF, 0xFF, 0xC0, 0x00, 0x7F, 0xFF,
    0xFF, 0x80, 0x00, 0xFF, 0xFF, 0xFF, 0x00, 0x01, 0xFF, 0xFF, 0xFE, 0x00, 0x03, 0xFF, 0xFF, 0xFC,
    0x00, 0x07, 0xFF, 0xFF, 0xFE, 0x00, 0x3F, 0xFF, 0xFF, 0xFC, 0x00, 0x7F, 0xFF, 0xFF, 0xFE, 0x03,
    0xFF, 0xFF, 0xFF, 0xFE, 0x07, 0xFF, 0xF9, 0xFF, 0xFC, 0x0F, 0xFF, 0xC3, 0xFF, 0xFF, 0xFF, 0xFF,
    0x83, 0xFF, 0xFF, 0xFF, 0xFE, 0x01, 0xFF, 0xFF, 0xFF, 0xF8, 0x03, 0xFF, 0xFF, 0xFF, 0xF0, 0x07,
    0xFF, 0xFF, 0xFF, 0xC0, 0x03, 0xFF, 0xFF, 0xFE, 0x00, 0x07, 0xFF, 0xFF, 0xFC, 0x00, 0x03, 0xFF,
    0xFF, 0xE0, 0x00, 0x07, 0xFF, 0xFF, 0xC0, 0x00, 0x03, 0xFF, 0xFE, 0x00, 0x00, 0x07, 0xFF, 0xFC,
    0x00, 0x00, 0x01, 0xFF, 0xE0, 0x00, 0x00, 0x03, 0xFF, 0xC0, 0x00, 0x00, 0x07, 0xFF, 0x80, 0x00,
    0x00, 0x0F, 0xFF, 0x00, 0x00, 0x00, 0x1F, 0xFE, 0x00, 0x00, 0x00, 0x3F, 0xFC, 0x00, 0x00, 0x00,
    0x7F, 0xF8, 0x00, 0x00, 0x00, 0xFF, 0xF0, 0x00, 0x00, 0x01, 0xFF, 0xE0, 0x00, 0x00, 0x03, 0xFF,
    0xC0, 0x00, 0x00, 0x07, 0xFF, 0x80, 0x00, 0x00, 0x0F, 0xFF, 0x00, 0x00, 0x00, 0x1F, 0xFE, 0x00,
    0x00, 0x00, 0x3F, 0xFC, 0x00, 0x00, 0x00, 0x7F, 0xF8, 0x00, 0x00, 0x00, 0xFF, 0xF0, 0x00, 0x00,
    0x01, 0xFF, 0xE0, 0x00, 0x00, 0x03, 0xFF, 0xC0, 0x00, 0xFF, 0xFF, 0xFF, 0xFF, 0xFF, 0xFF, 0xFF,
    0xFF, 0xFF, 0xFF, 0xFF, 0xFF, 0xFF, 0xFF, 0xFF, 0xFF, 0xFF, 0xFF, 0xFF, 0xFF, 0xFF, 0xFF, 0xFF,
    0xFF, 0xFF, 0xFF, 0xFF, 0xFF, 0xFF, 0xFF, 0xFF, 0xFF, 0xFF, 0xFF, 0xFF, 0xFF, 0xFF, 0xFF, 0xFF,
    0xFF, 0xFF, 0xFF, 0xFF, 0xFF, 0xFF, 0xFF, 0xFF, 0xFF, 0xFF, 0xFF, 0xFF, 0xFF, 0xFF, 0xFF, 0xFF,
    0xFF, 0xE0, 0x00, 0x00, 0x03, 0xFF, 0xF0, 0x00, 0x00, 0x01, 0xFF, 0xF8, 0x00, 0x00, 0x00, 0xFF,
    0xFC, 0x00, 0x00, 0x00, 0x7F, 0xFE, 0x00, 0x00, 0x00, 0x3F, 0xFF, 0x00, 0x00, 0x00, 0x7F, 0xFE,
    0x00, 0x00, 0x00, 0x3F, 0xFF, 0x00, 0x00, 0x00, 0x7F, 0xFE, 0x00, 0x00, 0x00, 0x3F, 0xFF, 0x00,
    0x00, 0x00, 0x1F, 0xFF, 0x80, 0x00, 0x00, 0x7F, 0xFF, 0x00, 0x00, 0x00, 0x3F, 0xFF, 0x80, 0x00,
    0x00, 0x7F, 0xFE, 0x00, 0x00, 0x00, 0x3F, 0xFF, 0x00, 0x00, 0x00, 0x7F, 0xFE, 0x00, 0x00, 0x00,
    0x3F, 0xFF, 0x00, 0x00, 0x00, 0x7F, 0xFE, 0x00, 0x00, 0x00, 0x3F, 0xFF, 0x00, 0x00, 0x00, 0x7F,
    0xFF, 0x80, 0x00, 0x00, 0x7F, 0xFF, 0x00, 0x00, 0x00, 0x3F, 0xFF, 0x80, 0x00, 0x00, 0x7F, 0xFE,
    0x00, 0x00, 0x00, 0x3F, 0xFF, 0x00, 0x00, 0x00, 0x7F, 0xFF, 0x80, 0x00, 0x00, 0x3F, 0xFF, 0x00,
    0x00, 0x00, 0x7F, 0xFF, 0x80, 0x00, 0x00, 0x3F, 0xFF, 0x00, 0x00, 0x00, 0x3F, 0xFF, 0x80, 0x00,
    0x00, 0x7F, 0xFF, 0x00, 0x00, 0x00, 0x3F, 0xFF, 0x80, 0x00, 0x00, 0x7F, 0xFE, 0x00, 0x00, 0x00,
    0x3F, 0xFF, 0x00, 0x00, 0x00, 0x1F, 0xFF, 0x80, 0x00, 0x00, 0x0F, 0xFF, 0xC0, 0x00, 0x00, 0x07,
    0xFF, 0xE0, 0x00, 0x00, 0x03, 0xFF, 0xFF, 0xFF, 0xFF, 0xFF, 0xFF, 0xFF, 0xFF, 0xFF, 0xFF, 0xFF,
    0xFF, 0xFF, 0xFF, 0xFF, 0xFF, 0xFF, 0xFF, 0xFF, 0xFF, 0xFF, 0xFF, 0xFF, 0xFF, 0xFF, 0xFF, 0xFF,
    0xFF, 0xFF, 0xFF, 0xFF, 0xFF, 0xFF, 0xFF, 0xFF, 0xFF, 0xFF, 0xFF, 0xFF, 0xFF, 0xFF, 0xFF, 0xFF,
    0xFF, 0xFF, 0xFF, 0xFF, 0xFF, 0xFF, 0xFF, 0xFF, 0xFF, 0xFF, 0xFF, 0xFF, 0xFF, 0x80, 0xFF, 0xFF,
    0xFF, 0xFF, 0xFF, 0xFF, 0xFF, 0xFF, 0xFF, 0xFF, 0xFF, 0xFF, 0xFF, 0xFF, 0xFF, 0xFF, 0xFF, 0xFF,
    0xFF, 0xFE, 0x00, 0xFF, 0xF0, 0x07, 0xFF, 0x80, 0x3F, 0xFC, 0x01, 0xFF, 0xE0, 0x0F, 0xFF, 0x00,
    0x7F, 0xF8, 0x03, 0xFF, 0xC0, 0x1F, 0xFE, 0x00, 0xFF, 0xF0, 0x07, 0xFF, 0x80, 0x3F, 0xFC, 0x01,
    0xFF, 0xE0, 0x0F, 0xFF, 0x00, 0x7F, 0xF8, 0x03, 0xFF, 0xC0, 0x1F, 0xFE, 0x00, 0xFF, 0xF0, 0x07,
    0xFF, 0x80, 0x3F, 0xFC, 0x01, 0xFF, 0xE0, 0x0F, 0xFF, 0x00, 0x7F, 0xF8, 0x03, 0xFF, 0xC0, 0x1F,
    0xFE, 0x00, 0xFF, 0xF0, 0x07, 0xFF, 0x80, 0x3F, 0xFC, 0x01, 0xFF, 0xE0, 0x0F, 0xFF, 0x00, 0x7F,
    0xF8, 0x03, 0xFF, 0xC0, 0x1F, 0xFE, 0x00, 0xFF, 0xF0, 0x07, 0xFF, 0x80, 0x3F, 0xFC, 0x01, 0xFF,
    0xE0, 0x0F, 0xFF, 0x00, 0x7F, 0xF8, 0x03, 0xFF, 0xC0, 0x1F, 0xFE, 0x00, 0xFF, 0xF0, 0x07, 0xFF,
    0x80, 0x3F, 0xFC, 0x01, 0xFF, 0xE0, 0x0F, 0xFF, 0x00, 0x7F, 0xF8, 0x03, 0xFF, 0xC0, 0x1F, 0xFE,
    0x00, 0xFF, 0xF0, 0x07, 0xFF, 0x80, 0x3F, 0xFC, 0x01, 0xFF, 0xE0, 0x0F, 0xFF, 0x00, 0x7F, 0xFF,
    0xFF, 0xFF, 0xFF, 0xFF, 0xFF, 0xFF, 0xFF, 0xFF, 0xFF, 0xFF, 0xFF, 0xFF, 0xFF, 0xFF, 0xFF, 0xFF,
    0xF0, 0xFF, 0xF0, 0x00, 0x3F, 0xFC, 0x00, 0x0F, 0xFF, 0x00, 0x03, 0xFF, 0xC0, 0x00, 0xFF, 0xF0,
    0x00, 0x3F, 0xFC, 0x00, 0x0F, 0xFF, 0x00, 0x03, 0xFF, 0xC0, 0x00, 0xFF, 0xF0, 0x00, 0x3F, 0xFC,
    0x00, 0x0F, 0xFF, 0x00, 0x00, 0xFF, 0xC0, 0x00, 0x3F, 0xFC, 0x00, 0x0F, 0xFF, 0x00, 0x03, 0xFF,
    0xC0, 0x00, 0xFF, 0xF0, 0x00, 0x3F, 0xFC, 0x00, 0x0F, 0xFF, 0x00, 0x03, 0xFF, 0xC0, 0x00, 0xFF,
    0xF0, 0x00, 0x3F, 0xFC, 0x00, 0x01, 0xFF, 0xE0, 0x00, 0x7F, 0xF8, 0x00, 0x1F, 0xFE, 0x00, 0x07,
    0xFF, 0x80, 0x01, 0xFF, 0xE0, 0x00, 0x7F, 0xF8, 0x00, 0x1F, 0xFE, 0x00, 0x07, 0xFF, 0x80, 0x01,
    0xFF, 0xE0, 0x00, 0x1F, 0xFE, 0x00, 0x07, 0xFF, 0x80, 0x01, 0xFF, 0xE0, 0x00, 0x7F, 0xF8, 0x00,
    0x1F, 0xFE, 0x00, 0x07, 0xFF, 0x80, 0x01, 0xFF, 0xE0, 0x00, 0x7F, 0xF8, 0x00, 0x1F, 0xFE, 0x00,
    0x01, 0xFF, 0xE0, 0x00, 0x7F, 0xF8, 0x00, 0x1F, 0xFE, 0x00, 0x07, 0xFF, 0x80, 0x01, 0xFF, 0xE0,
    0x00, 0x7F, 0xF8, 0x00, 0x1F, 0xFE, 0x00, 0x07, 0xFF, 0x80, 0x01, 0xFF, 0xE0, 0x00, 0x1F, 0xFE,
    0x00, 0x07, 0xFF, 0x80, 0x01, 0xFF, 0xE0, 0x00, 0x7F, 0xF8, 0x00, 0x1F, 0xFE, 0x00, 0x07, 0xFF,
    0x80, 0x01, 0xFF, 0xE0, 0x00, 0x7F, 0xF8, 0x00, 0x1F, 0xFE, 0x00, 0x00, 0xFF, 0xF0, 0x00, 0x3F,
    0xFC, 0x00, 0x0F, 0xFF, 0x00, 0x03, 0xFF, 0xC0, 0x00, 0xFF, 0xF0, 0x00, 0x3F, 0xFC, 0x00, 0x0F,
    0xFF, 0x00, 0x03, 0xFF, 0xC0, 0x00, 0xFF, 0xF0, 0x00, 0x3F, 0xFC, 0x00, 0x0F, 0xFF, 0xFF, 0xFF,
    0xFF, 0xFF, 0xFF, 0xFF, 0xFF, 0xFF, 0xFF, 0xFF, 0xFF, 0xFF, 0xFF, 0xFF, 0xFF, 0xFF, 0xFF, 0xFF,
    0xE0, 0x0F, 0xFF, 0x00, 0x7F, 0xF8, 0x03, 0xFF, 0xC0, 0x1F, 0xFE, 0x00, 0xFF, 0xF0, 0x07, 0xFF,
    0x80, 0x3F, 0xFC, 0x01, 0xFF, 0xE0, 0x0F, 0xFF, 0x00, 0x7F, 0xF8, 0x03, 0xFF, 0xC0, 0x1F, 0xFE,
    0x00, 0xFF, 0xF0, 0x07, 0xFF, 0x80, 0x3F, 0xFC, 0x01, 0xFF, 0xE0, 0x0F, 0xFF, 0x00, 0x7F, 0xF8,
    0x03, 0xFF, 0xC0, 0x1F, 0xFE, 0x00, 0xFF, 0xF0, 0x07, 0xFF, 0x80, 0x3F, 0xFC, 0x01, 0xFF, 0xE0,
    0x0F, 0xFF, 0x00, 0x7F, 0xF8, 0x03, 0xFF, 0xC0, 0x1F, 0xFE, 0x00, 0xFF, 0xF0, 0x07, 0xFF, 0x80,
    0x3F, 0xFC, 0x01, 0xFF, 0xE0, 0x0F, 0xFF, 0x00, 0x7F, 0xF8, 0x03, 0xFF, 0xC0, 0x1F, 0xFE, 0x00,
    0xFF, 0xF0, 0x07, 0xFF, 0x80, 0x3F, 0xFC, 0x01, 0xFF, 0xE0, 0x0F, 0xFF, 0x00, 0x7F, 0xF8, 0x03,
    0xFF, 0xC0, 0x1F, 0xFE, 0x00, 0xFF, 0xF0, 0x07, 0xFF, 0x80, 0x3F, 0xFC, 0x01, 0xFF, 0xE0, 0x0F,
    0xFF, 0x00, 0x7F, 0xF8, 0x03, 0xFF, 0xC0, 0x1F, 0xFE, 0x00, 0xFF, 0xF0, 0x07, 0xFF, 0xFF, 0xFF,
    0xFF, 0xFF, 0xFF, 0xFF, 0xFF, 0xFF, 0xFF, 0xFF, 0xFF, 0xFF, 0xFF, 0xFF, 0xFF, 0xFF, 0xFF, 0xFF,
    0xF0, 0x00, 0x00, 0xFF, 0xC0, 0x00, 0x00, 0x00, 0x7F, 0xE0, 0x00, 0x00, 0x00, 0x3F, 0xF0, 0x00,
    0x00, 0x00, 0x7F, 0xFE, 0x00, 0x00, 0x00, 0x3F, 0xFF, 0x00, 0x00, 0x00, 0xFF, 0xFF, 0xE0, 0x00,
    0x00, 0x7F, 0xFF, 0xF0, 0x00, 0x00, 0xFF, 0xFF, 0xFE, 0x00, 0x00, 0x7F, 0xFF, 0xFF, 0x00, 0x00,
    0xFF, 0xFF, 0xFF, 0xE0, 0x00, 0x7F, 0xFF, 0xFF, 0xF8, 0x00, 0xFF, 0xFF, 0xFF, 0xFE, 0x00, 0x7F,
    0xFF, 0xFF, 0xFF, 0x80, 0x3F, 0xFF, 0xFF, 0xFF, 0xC0, 0xFF, 0xFF, 0x87, 0xFF, 0xF8, 0x7F, 0xFF,
    0xC3, 0xFF, 0xFC, 0xFF, 0xFF, 0x80, 0x7F, 0xFF, 0xFF, 0xFF, 0xC0, 0x3F, 0xFF, 0xFF, 0xFF, 0xE0,
    0x1F, 0xFF, 0xFF, 0xFF, 0x80, 0x03, 0xFF, 0xFF, 0xFF, 0xC0, 0x01, 0xFF, 0xFF, 0xFF, 0x80, 0x00,
    0x3F, 0xFF, 0xFF, 0xC0, 0x00, 0x1F, 0xFE, 0xFF, 0xFF, 0xFF, 0xFF, 0xFF, 0xFF, 0xFF, 0xFF, 0xFF,
    0xFF, 0xFF, 0xFF, 0xFF, 0xFF, 0xFF, 0xFF, 0xFF, 0xFF, 0xFF, 0xFF, 0xFF, 0xFF, 0xFF, 0xFF, 0xFF,
    0xFF, 0xFF, 0xFF, 0xFF, 0xFF, 0xFF, 0xFF, 0xFF, 0xFF, 0xFF, 0xFF, 0xFF, 0xFF, 0xFF, 0xFF, 0xFF,
    0xFF, 0xFF, 0xFF, 0xFF, 0xFF, 0xFF, 0xFF, 0xFF, 0xFF, 0xFE, 0xFE, 0x03, 0xF8, 0x0F, 0xFC, 0x3F,
    0xF0, 0xFF, 0xE3, 0xFF, 0xCF, 0xFF, 0x0F, 0xFF, 0x3F, 0xFC, 0xFF, 0xF0, 0xFF, 0xC3, 0xFF, 0x01,
    0xFC, 0x07, 0xF0, 0x00, 0x7F, 0xFF, 0xF0, 0x00, 0x03, 0xFF, 0xFF, 0x80, 0x03, 0xFF, 0xFF, 0xFF,
    0xC0, 0x1F, 0xFF, 0xFF, 0xFE, 0x03, 0xFF, 0xFF, 0xFF, 0xFC, 0x1F, 0xFF, 0xFF, 0xFF, 0xE0, 0xFF,
    0xFF, 0xFF, 0xFF, 0x07, 0xFF, 0xFF, 0xFF, 0xF8, 0x3F, 0xFF, 0xFF, 0xFF, 0xC7, 0xFF, 0xE0, 0x1F,
    0xFF, 0xFF, 0xFF, 0x00, 0xFF, 0xFF, 0xFF, 0xF8, 0x03, 0xFF, 0xFF, 0xFF, 0x00, 0x07, 0xFF, 0xFF,
    0xF8, 0x00, 0x3F, 0xFC, 0x00, 0x00, 0x01, 0xFF, 0xE0, 0x00, 0x00, 0x0F, 0xFF, 0x00, 0x00, 0x00,
    0x7F, 0xF8, 0x00, 0x00, 0x03, 0xFF, 0xC0, 0x1F, 0xFF, 0xFF, 0xFE, 0x00, 0xFF, 0xFF, 0xFF, 0xF0,
    0x07, 0xFF, 0xFF, 0xFF, 0x87, 0xFF, 0xFF, 0xFF, 0xFC, 0x3F, 0xFF, 0xFF, 0xFF, 0xE7, 0xFF, 0xFF,
    0xFF, 0xFF, 0x3F, 0xFF, 0xFF, 0xFF, 0xF9, 0xFF, 0xE0, 0x03, 0xFF, 0xCF, 0xFF, 0x00, 0x1F, 0xFF,
    0xFF, 0xE0, 0x00, 0xFF, 0xFF, 0xFF, 0x00, 0x07, 0xFF, 0xFF, 0xF8, 0x00, 0x3F, 0xFF, 0xFF, 0xC0,
    0x01, 0xFF, 0xFF, 0xFE, 0x00, 0x0F, 0xFF, 0xFF, 0xFC, 0x03, 0xFF, 0xFF, 0xFF, 0xE0, 0x1F, 0xFF,
    0xCF, 0xFF, 0xFF, 0xFF, 0xFE, 0x7F, 0xFF, 0xFF, 0xFF, 0xF3, 0xFF, 0xFF, 0xFF, 0xFF, 0x9F, 0xFF,
    0xFF, 0xFF, 0xFC, 0xFF, 0xFF, 0xFF, 0xFF, 0xE1, 0xFF, 0xFF, 0xFF, 0xFF, 0x0F, 0xFF, 0xFF, 0xFF,
    0xF8, 0x0F, 0xFF, 0xF3, 0xFF, 0xC0, 0x7F, 0xFF, 0x9F, 0xFE, 0xFF, 0xF0, 0x00, 0x00, 0x07, 0xFF,
    0x80, 0x00, 0x00, 0x3F, 0xFC, 0x00, 0x00, 0x01, 0xFF, 0xE0, 0x00, 0x00, 0x0F, 0xFF, 0x00, 0x00,
    0x00, 0x7F, 0xF8, 0x00, 0x00, 0x03, 0xFF, 0xC0, 0x00, 0x00, 0x1F, 0xFE, 0x00, 0x00, 0x00, 0xFF,
    0xF0, 0x00, 0x00, 0x07, 0xFF, 0x80, 0x00, 0x00, 0x3F, 0xFC, 0x00, 0x00, 0x01, 0xFF, 0xE0, 0x00,
    0x00, 0x0F, 0xFF, 0x00, 0x00, 0x00, 0x7F, 0xF8, 0x00, 0x00, 0x03, 0xFF, 0xCF, 0xFF, 0xC0, 0x1F,
    0xFE, 0x7F, 0xFE, 0x00, 0xFF, 0xFF, 0xFF, 0xFF, 0x07, 0xFF, 0xFF, 0xFF, 0xF8, 0x3F, 0xFF, 0xFF,
    0xFF, 0xC1, 0xFF, 0xFF, 0xFF, 0xFF, 0xCF, 0xFF, 0xFF, 0xFF, 0xFE, 0x7F, 0xFF, 0xFF, 0xFF, 0xF3,
    0xFF, 0xFF, 0xFF, 0xFF, 0x9F, 0xFF, 0x80, 0x3F, 0xFF, 0xFF, 0xFC, 0x01, 0xFF, 0xFF, 0xFF, 0x80,
    0x03, 0xFF, 0xFF, 0xFC, 0x00, 0x1F, 0xFF, 0xFF, 0xE0, 0x00, 0xFF, 0xFF, 0xFF, 0x00, 0x07, 0xFF,
    0xFF, 0xF8, 0x00, 0x3F, 0xFF, 0xFF, 0xC0, 0x01, 0xFF, 0xFF, 0xFE, 0x00, 0x0F, 0xFF, 0xFF, 0xF0,
    0x00, 0x7F, 0xFF, 0xFF, 0x80, 0x03, 0xFF, 0xFF, 0xFC, 0x00, 0x1F, 0xFF, 0xFF, 0xE0, 0x00, 0xFF,
    0xFF, 0xFF, 0x00, 0x07, 0xFF, 0xFF, 0xF8, 0x00, 0x3F, 0xFF, 0xFF, 0xC0, 0x01, 0xFF, 0xFF, 0xFE,
    0x00, 0x0F, 0xFF, 0xFF, 0xF0, 0x00, 0x7F, 0xFF, 0xFF, 0x80, 0x03, 0xFF, 0xFF, 0xFC, 0x00, 0x1F,
    0xFF, 0xFF, 0xE0, 0x00, 0xFF, 0xFF, 0xFF, 0x00, 0x07, 0xFF, 0xFF, 0xF8, 0x00, 0xFF, 0xFF, 0xFF,
    0xC0, 0x07, 0xFF, 0xFF, 0xFE, 0x00, 0x3F, 0xFF, 0xFF, 0xFF, 0xFF, 0xFF, 0xE7, 0xFF, 0xFF, 0xFF,
    0xFF, 0x3F, 0xFF, 0xFF, 0xFF, 0xF9, 0xFF, 0xFF, 0xFF, 0xFF, 0xCF, 0xFF, 0xFF, 0xFF, 0xFE, 0x7F,
    0xFF, 0xFF, 0xFF, 0x83, 0xFF, 0xFF, 0xFF, 0xC0, 0x1F, 0xFF, 0xFF, 0xFE, 0x00, 0xFF, 0xFF, 0xFF,
    0xF0, 0x00, 0x00, 0x7F, 0xFF, 0xF0, 0x00, 0x03, 0xFF, 0xFF, 0x80, 0x03, 0xFF, 0xFF, 0xFF, 0xC0,
    0x1F, 0xFF, 0xFF, 0xFE, 0x00, 0xFF, 0xFF, 0xFF, 0xF0, 0x1F, 0xFF, 0xFF, 0xFF, 0xE0, 0xFF, 0xFF,
    0xFF, 0xFF, 0x07, 0xFF, 0xFF, 0xFF, 0xF8, 0x3F, 0xFF, 0xFF, 0xFF, 0xC7, 0xFF, 0xE0, 0x1F, 0xFF,
    0xFF, 0xFF, 0x00, 0xFF, 0xFF, 0xFF, 0xF8, 0x03, 0xFF, 0xFF, 0xFF, 0x00, 0x07, 0xFF, 0xFF, 0xF8,
    0x00, 0x3F, 0xFF, 0xFF, 0xC0, 0x01, 0xFF, 0xFF, 0xFE, 0x00, 0x0F, 0xFF, 0xFF, 0xF0, 0x00, 0x00,
    0x07, 0xFF, 0x80, 0x00, 0x00, 0x3F, 0xFC, 0x00, 0x00, 0x01, 0xFF, 0xE0, 0x00, 0x00, 0x0F, 0xFF,
    0x00, 0x00, 0x00, 0x7F, 0xF8, 0x00, 0x00, 0x03, 0xFF, 0xC0, 0x00, 0x00, 0x1F, 0xFE, 0x00, 0x00,
    0x00, 0xFF, 0xF0, 0x00, 0x00, 0x07, 0xFF, 0x80, 0x00, 0x00, 0x3F, 0xFC, 0x00, 0x00, 0x01, 0xFF,
    0xE0, 0x00, 0xFF, 0xFF, 0xFF, 0x00, 0x07, 0xFF, 0xFF, 0xF8, 0x00, 0x3F, 0xFF, 0xFF, 0xC0, 0x01,
    0xFF, 0xFF, 0xFF, 0x80, 0x3F, 0xFF, 0xFF, 0xFC, 0x03, 0xFF, 0xFF, 0xFF, 0xE0, 0x1F, 0xFF, 0xCF,
    0xFF, 0xFF, 0xFF, 0xF0, 0x7F, 0xFF, 0xFF, 0xFF, 0x83, 0xFF, 0xFF, 0xFF, 0xFC, 0x1F, 0xFF, 0xFF,
    0xFF, 0xE0, 0xFF, 0xFF, 0xFF, 0xFF, 0x01, 0xFF, 0xFF, 0xFF, 0xE0, 0x00, 0x7F, 0xFF, 0xF0, 0x00,
    0x03, 0xFF, 0xFF, 0x80, 0x00, 0x1F, 0xFF, 0xFC, 0x00, 0x00, 0x00, 0x00, 0x7F, 0xF8, 0x00, 0x00,
    0x03, 0xFF, 0xC0, 0x00, 0x00, 0x1F, 0xFE, 0x00, 0x00, 0x00, 0xFF, 0xF0, 0x00, 0x00, 0x07, 0xFF,
    0x80, 0x00, 0x00, 0x3F, 0xFC, 0x00, 0x00, 0x01, 0xFF, 0xE0, 0x00, 0x00, 0x0F, 0xFF, 0x00, 0x00,
    0x00, 0x7F, 0xF8, 0x00, 0x00, 0x03, 0xFF, 0xC0, 0x00, 0x00, 0x1F, 0xFE, 0x00, 0x00, 0x00, 0xFF,
    0xF0, 0x00, 0x00, 0x07, 0xFF, 0x80, 0x00, 0x00, 0x3F, 0xFC, 0x01, 0xFF, 0xFF, 0xFF, 0xE0, 0x0F,
    0xFF, 0xFF, 0xFF, 0x00, 0x7F, 0xFF, 0xFF, 0xF8, 0x7F, 0xFF, 0xFF, 0xFF, 0xC3, 0xFF, 0xFF, 0xFF,
    0xFE, 0x7F, 0xFF, 0xFF, 0xFF, 0xF3, 0xFF, 0xFF, 0xFF, 0xFF, 0x9F, 0xFF, 0xFF, 0xFF, 0xFC, 0xFF,
    0xFF, 0xFF, 0xFF, 0xFF, 0xFF, 0x80, 0x0F, 0xFF, 0xFF, 0xFC, 0x00, 0x7F, 0xFF, 0xFF, 0xE0, 0x03,
    0xFF, 0xFF, 0xFC, 0x00, 0x1F, 0xFF, 0xFF, 0xE0, 0x00, 0xFF, 0xFF, 0xFF, 0x00, 0x07, 0xFF, 0xFF,
    0xF8, 0x00, 0x3F, 0xFF, 0xFF, 0xC0, 0x01, 0xFF, 0xFF, 0xFE, 0x00, 0x0F, 0xFF, 0xFF, 0xF0, 0x00,
    0x7F, 0xFF, 0xFF, 0x80, 0x03, 0xFF, 0xFF, 0xFC, 0x00, 0x1F, 0xFF, 0xFF, 0xE0, 0x00, 0xFF, 0xFF,
    0xFF, 0x00, 0x07, 0xFF, 0xFF, 0xF8, 0x00, 0x3F, 0xFF, 0xFF, 0xC0, 0x01, 0xFF, 0xFF, 0xFE, 0x00,
    0x0F, 0xFF, 0xFF, 0xF0, 0x00, 0x7F, 0xFF, 0xFF, 0x80, 0x03, 0xFF, 0xFF, 0xFC, 0x00, 0x1F, 0xFF,
    0xFF, 0xE0, 0x00, 0xFF, 0xFF, 0xFF, 0x00, 0x07, 0xFF, 0xFF, 0xF8, 0x00, 0x3F, 0xFF, 0xFF, 0xF0,
    0x0F, 0xFF, 0xFF, 0xFF, 0x80, 0x7F, 0xFF, 0x3F, 0xFF, 0xFF, 0xFF, 0xF9, 0xFF, 0xFF, 0xFF, 0xFF,
    0xCF, 0xFF, 0xFF, 0xFF, 0xFE, 0x7F, 0xFF, 0xFF, 0xFF, 0xF3, 0xFF, 0xFF, 0xFF, 0xFF, 0x87, 0xFF,
    0xFF, 0xFF, 0xFC, 0x3F, 0xFF, 0xFF, 0xFF, 0xE0, 0x0F, 0xFF, 0xCF, 0xFF, 0x00, 0x7F, 0xFE, 0x7F,
    0xF8, 0x00, 0x7F, 0xFF, 0xF0, 0x00, 0x03, 0xFF, 0xFF, 0x80, 0x03, 0xFF, 0xFF, 0xFF, 0xC0, 0x1F,
    0xFF, 0xFF, 0xFE, 0x00, 0xFF, 0xFF, 0xFF, 0xF0, 0x1F, 0xFF, 0xFF, 0xFF, 0xE0, 0xFF, 0xFF, 0xFF,
    0xFF, 0x07, 0xFF, 0xFF, 0xFF, 0xF8, 0x3F, 0xFF, 0xFF, 0xFF, 0xC7, 0xFF, 0xE0, 0x1F, 0xFF, 0xFF,
    0xFF, 0x00, 0xFF, 0xFF, 0xFF, 0xF8, 0x03, 0xFF, 0xFF, 0xFF, 0x00, 0x07, 0xFF, 0xFF, 0xF8, 0x00,
    0x3F, 0xFF, 0xFF, 0xC0, 0x01, 0xFF, 0xFF, 0xFE, 0x00, 0x0F, 0xFF, 0xFF, 0xF0, 0x00, 0x7F, 0xFF,
    0xFF, 0x80, 0x03, 0xFF, 0xFF, 0xFF, 0xFF, 0xFF, 0xFF, 0xFF, 0xFF, 0xFF, 0xFF, 0xFF, 0xFF, 0xFF,
    0xFF, 0xFF, 0xFF, 0xFF, 0xFF, 0xFF, 0xFF, 0xFF, 0xFF, 0xFF, 0xFF, 0xFF, 0xFF, 0xFF, 0xFF, 0xFF,
    0xFF, 0xFF, 0xFF, 0xFF, 0xFF, 0xFF, 0x80, 0x00, 0x00, 0x3F, 0xFC, 0x00, 0x00, 0x01, 0xFF, 0xE0,
    0x00, 0x00, 0x0F, 0xFF, 0x00, 0x00, 0x00, 0x7F, 0xF8, 0x00, 0x3F, 0xFF, 0xFF, 0xC0, 0x01, 0xFF,
    0xFF, 0xFF, 0x80, 0x3F, 0xFF, 0xFF, 0xFC, 0x03, 0xFF, 0xFF, 0xFF, 0xE0, 0x1F, 0xFF, 0xCF, 0xFF,
    0xFF, 0xFF, 0xF0, 0x7F, 0xFF, 0xFF, 0xFF, 0x83, 0xFF, 0xFF, 0xFF, 0xFC, 0x1F, 0xFF, 0xFF, 0xFF,
    0xE0, 0xFF, 0xFF, 0xFF, 0xFF, 0x01, 0xFF, 0xFF, 0xFF, 0xE0, 0x00, 0x7F, 0xFF, 0xF0, 0x00, 0x03,
    0xFF, 0xFF, 0x80, 0x00, 0x1F, 0xFF, 0xFC, 0x00, 0x00, 0x03, 0xFF, 0xC0, 0x00, 0xFF, 0xF0, 0x07,
    0xFF, 0xFC, 0x01, 0xFF, 0xFF, 0x01, 0xFF, 0xFF, 0xC0, 0x7F, 0xFF, 0xF0, 0x1F, 0xFF, 0xFC, 0x07,
    0xFF, 0xFF, 0x01, 0xFF, 0xFF, 0xC1, 0xFF, 0xF8, 0x00, 0x7F, 0xFE, 0x00, 0x1F, 0xFF, 0x80, 0x07,
    0xFF, 0x80, 0x01, 0xFF, 0xE0, 0x00, 0x7F, 0xF8, 0x00, 0x1F, 0xFE, 0x00, 0xFF, 0xFF, 0xFF, 0xFF,
    0xFF, 0xFF, 0xFF, 0xFF, 0xFF, 0xFF, 0xFF, 0xFF, 0xFF, 0xFF, 0xFF, 0xFF, 0xFF, 0xFF, 0xFF, 0xFF,
    0xFF, 0xFF, 0xFF, 0xFF, 0xFF, 0xFF, 0xFF, 0xFF, 0xFF, 0xC1, 0xFF, 0xE0, 0x00, 0x7F, 0xF8, 0x00,
    0x1F, 0xFE, 0x00, 0x07, 0xFF, 0x80, 0x01, 0xFF, 0xE0, 0x00, 0x7F, 0xF8, 0x00, 0x1F, 0xFE, 0x00,
    0x07, 0xFF, 0x80, 0x01, 0xFF, 0xE0, 0x00, 0x7F, 0xF8, 0x00, 0x1F, 0xFE, 0x00, 0x07, 0xFF, 0x80,
    0x01, 0xFF, 0xE0, 0x00, 0x7F, 0xF8, 0x00, 0x1F, 0xFE, 0x00, 0x07, 0xFF, 0x80, 0x01, 0xFF, 0xE0,
    0x00, 0x7F, 0xF8, 0x00, 0x1F, 0xFE, 0x00, 0x07, 0xFF, 0x80, 0x01, 0xFF, 0xE0, 0x00, 0x7F, 0xF8,
    0x00, 0x1F, 0xFE, 0x00, 0x07, 0xFF, 0x80, 0x01, 0xFF, 0xE0, 0x00, 0x7F, 0xF8, 0x00, 0x1F, 0xFE,
    0x00, 0x07, 0xFF, 0x80, 0x01, 0xFF, 0xE0, 0x00, 0x7F, 0xF8, 0x00, 0x1F, 0xFE, 0x00, 0x07, 0xFF,
    0x80, 0x00, 0x00, 0x7F, 0xFF, 0xFF, 0xF8, 0x03, 0xFF, 0xFF, 0xFF, 0xC0, 0x1F, 0xFF, 0xFF, 0xFE,
    0x1F, 0xFF, 0xFF, 0xFF, 0xF0, 0xFF, 0xFF, 0xFF, 0xFF, 0x9F, 0xFF, 0xFF, 0xFF, 0xFC, 0xFF, 0xFF,
    0xFF, 0xFF, 0xE7, 0xFF, 0xFF, 0xFF, 0xFF, 0x3F, 0xFF, 0xFF, 0xFF, 0xF9, 0xFF, 0xE0, 0x03, 0xFF,
    0xFF, 0xFF, 0x00, 0x1F, 0xFF, 0xFF, 0xF8, 0x00, 0xFF, 0xFF, 0xFF, 0x00, 0x07, 0xFF, 0xFF, 0xF8,
    0x00, 0x3F, 0xFF, 0xFF, 0xC0, 0x01, 0xFF, 0xFF, 0xFE, 0x00, 0x0F, 0xFF, 0xFF, 0xF0, 0x00, 0x7F,
    0xFF, 0xFF, 0x80, 0x03, 0xFF, 0xFF, 0xFC, 0x00, 0x1F, 0xFF, 0xFF, 0xE0, 0x00, 0xFF, 0xFF, 0xFF,
    0x00, 0x07, 0xFF, 0xFF, 0xF8, 0x00, 0x3F, 0xFF, 0xFF, 0xC0, 0x01, 0xFF, 0xFF, 0xFE, 0x00, 0x0F,
    0xFF, 0xFF, 0xF0, 0x00, 0x7F, 0xFF, 0xFF, 0x80, 0x03, 0xFF, 0xFF, 0xFC, 0x00, 0x1F, 0xFF, 0xFF,
    0xE0, 0x00, 0xFF, 0xFF, 0xFF, 0xC0, 0x3F, 0xFF, 0xFF, 0xFE, 0x01, 0xFF, 0xFC, 0xFF, 0xFF, 0xFF,
    0xFF, 0xE7, 0xFF, 0xFF, 0xFF, 0xFF, 0x3F, 0xFF, 0xFF, 0xFF, 0xF9, 0xFF, 0xFF, 0xFF, 0xFF, 0xC3,
    0xFF, 0xFF, 0xFF, 0xFE, 0x1F, 0xFF, 0xFF, 0xFF, 0xF0, 0xFF, 0xFF, 0xFF, 0xFF, 0x80, 0x3F, 0xFF,
    0x3F, 0xFC, 0x01, 0xFF, 0xF9, 0xFF, 0xE0, 0x00, 0x00, 0x0F, 0xFF, 0x00, 0x00, 0x00, 0x7F, 0xF8,
    0x00, 0x00, 0x03, 0xFF, 0xC0, 0x00, 0x00, 0x1F, 0xFF, 0xFF, 0xE0, 0x00, 0xFF, 0xFF, 0xFF, 0x00,
    0x07, 0xFF, 0xFF, 0xFE, 0x00, 0xFF, 0xFF, 0xFF, 0xF0, 0x0F, 0xFF, 0xFF, 0xFF, 0x80, 0x7F, 0xFF,
    0x3F, 0xFF, 0xFF, 0xFF, 0xC1, 0xFF, 0xFF, 0xFF, 0xFE, 0x0F, 0xFF, 0xFF, 0xFF, 0xF0, 0x7F, 0xFF,
    0xFF, 0xFF, 0x83, 0xFF, 0xFF, 0xFF, 0xFC, 0x07, 0xFF, 0xFF, 0xFF, 0x80, 0x3F, 0xFF, 0xFF, 0xFC,
    0x00, 0x0F, 0xFF, 0xFE, 0x00, 0x00, 0x7F, 0xFF, 0xF0, 0x00, 0xFF, 0xF0, 0x00, 0x00, 0x07, 0xFF,
    0x80, 0x00, 0x00, 0x3F, 0xFC, 0x00, 0x00, 0x01, 0xFF, 0xE0, 0x00, 0x00, 0x0F, 0xFF, 0x00, 0x00,
    0x00, 0x7F, 0xF8, 0x00, 0x00, 0x03, 0xFF, 0xC0, 0x00, 0x00, 0x1F, 0xFE, 0x00, 0x00, 0x00, 0xFF,
    0xF0, 0x00, 0x00, 0x07, 0xFF, 0x80, 0x00, 0x00, 0x3F, 0xFC, 0x00, 0x00, 0x01, 0xFF, 0xE0, 0x00,
    0x00, 0x0F, 0xFF, 0x00, 0x00, 0x00, 0x7F, 0xF8, 0x00, 0x00, 0x03, 0xFF, 0xCF, 0xFF, 0xC0, 0x1F,
    0xFE, 0x7F, 0xFE, 0x00, 0xFF, 0xFF, 0xFF, 0xFF, 0x07, 0xFF, 0xFF, 0xFF, 0xF8, 0x3F, 0xFF, 0xFF,
    0xFF, 0xF1, 0xFF, 0xFF, 0xFF, 0xFF, 0xCF, 0xFF, 0xFF, 0xFF, 0xFE, 0x7F, 0xFF, 0xFF, 0xFF, 0xF3,
    0xFF, 0xFF, 0xFF, 0xFF, 0x9F, 0xFF, 0x80, 0x3F, 0xFF, 0xFF, 0xFC, 0x01, 0xFF, 0xFF, 0xFF, 0x80,
    0x03, 0xFF, 0xFF, 0xFC, 0x00, 0x1F, 0xFF, 0xFF, 0xE0, 0x00, 0xFF, 0xFF, 0xFF, 0x00, 0x07, 0xFF,
    0xFF, 0xF8, 0x00, 0x3F, 0xFF, 0xFF, 0xC0, 0x01, 0xFF, 0xFF, 0xFE, 0x00, 0x0F, 0xFF, 0xFF, 0xF0,
    0x00, 0x7F, 0xFF, 0xFF, 0x80, 0x03, 0xFF, 0xFF, 0xFC, 0x00, 0x1F, 0xFF, 0xFF, 0xE0, 0x00, 0xFF,
    0xFF, 0xFF, 0x00, 0x07, 0xFF, 0xFF, 0xF8, 0x00, 0x3F, 0xFF, 0xFF, 0xC0, 0x01, 0xFF, 0xFF, 0xFE,
    0x00, 0x0F, 0xFF, 0xFF, 0xF0, 0x00, 0x7F, 0xFF, 0xFF, 0x80, 0x03, 0xFF, 0xFF, 0xFC, 0x00, 0x1F,
    0xFF, 0xFF, 0xE0, 0x00, 0xFF, 0xFF, 0xFF, 0x00, 0x07, 0xFF, 0xFF, 0xF8, 0x00, 0x3F, 0xFF, 0xFF,
    0xC0, 0x01, 0xFF, 0xFF, 0xFE, 0x00, 0x0F, 0xFF, 0xFF, 0xF0, 0x00, 0x7F, 0xFF, 0xFF, 0x80, 0x03,
    0xFF, 0xFF, 0xFC, 0x00, 0x1F, 0xFF, 0xFF, 0xE0, 0x00, 0xFF, 0xFF, 0xFF, 0x00, 0x07, 0xFF, 0xFF,
    0xF8, 0x00, 0x3F, 0xFF, 0xFF, 0xC0, 0x01, 0xFF, 0xFF, 0xFE, 0x00, 0x0F, 0xFF, 0xFF, 0xF0, 0x00,
    0x7F, 0xF8, 0xFF, 0xFF, 0xFF, 0xFF, 0xFF, 0xFF, 0xFF, 0xFF, 0xFF, 0xFF, 0xFF, 0xFF, 0xFF, 0xF0,
    0x00, 0x00, 0x00, 0x00, 0x00, 0x00, 0x00, 0x00, 0x00, 0x00, 0xFF, 0xFF, 0xFF, 0xFF, 0xFF, 0xFF,
    0xFF, 0xFF, 0xFF, 0xFF, 0xFF, 0xFF, 0xFF, 0xFF, 0xFF, 0xFF, 0xFF, 0xFF, 0xFF, 0xFF, 0xFF, 0xFF,
    0xFF, 0xFF, 0xFF, 0xFF, 0xFF, 0xFF, 0xFF, 0xFF, 0xFF, 0xFF, 0xFF, 0xFF, 0xFF, 0xFF, 0xFF, 0xFF,
    0xFF, 0xFF, 0xFF, 0xFF, 0xFF, 0xFF, 0xFF, 0xFF, 0xFF, 0xFF, 0xFF, 0xFF, 0xFF, 0xFF, 0xFF, 0xFF,
    0xFF, 0xFF, 0xFF, 0xFF, 0xFF, 0xFF, 0xFF, 0xF0, 0x03, 0xFF, 0xC0, 0xFF, 0xF0, 0x3F, 0xFC, 0x0F,
    0xFF, 0x03, 0xFF, 0xC0, 0xFF, 0xF0, 0x3F, 0xFC, 0x0F, 0xFF, 0x03, 0xFF, 0xC0, 0x00, 0x00, 0x00,
    0x00, 0x00, 0x00, 0x00, 0x00, 0x00, 0x00, 0x00, 0x00, 0x00, 0x00, 0x00, 0x00, 0x00, 0x00, 0xFF,
    0xF0, 0x3F, 0xFC, 0x0F, 0xFF, 0x03, 0xFF, 0xC0, 0xFF, 0xF0, 0x3F, 0xFC, 0x0F, 0xFF, 0x03, 0xFF,
    0xC0, 0xFF, 0xF0, 0x3F, 0xFC, 0x0F, 0xFF, 0x03, 0xFF, 0xC0, 0xFF, 0xF0, 0x3F, 0xFC, 0x0F, 0xFF,
    0x03, 0xFF, 0xC0, 0xFF, 0xF0, 0x3F, 0xFC, 0x0F, 0xFF, 0x03, 0xFF, 0xC0, 0xFF, 0xF0, 0x3F, 0xFC,
    0x0F, 0xFF, 0x03, 0xFF, 0xC0, 0xFF, 0xF0, 0x3F, 0xFC, 0x0F, 0xFF, 0x03, 0xFF, 0xC0, 0xFF, 0xF0,
    0x3F, 0xFC, 0x0F, 0xFF, 0x03, 0xFF, 0xC0, 0xFF, 0xF0, 0x3F, 0xFC, 0x0F, 0xFF, 0x03, 0xFF, 0xC0,
    0xFF, 0xF0, 0x3F, 0xFC, 0x0F, 0xFF, 0x03, 0xFF, 0xC0, 0xFF, 0xF0, 0x3F, 0xFC, 0x3F, 0xFF, 0x0F,
    0xFF, 0xC3, 0xFF, 0xFF, 0xFF, 0xF3, 0xFF, 0xFC, 0xFF, 0xFF, 0x3F, 0xFF, 0xCF, 0xFF, 0xF3, 0xFF,
    0xF0, 0xFF, 0xFC, 0x3F, 0xE0, 0x0F, 0xF8, 0x00, 0xFF, 0xF0, 0x00, 0x00, 0xFF, 0xF0, 0x00, 0x00,
    0xFF, 0xF0, 0x00, 0x00, 0xFF, 0xF0, 0x00, 0x00, 0xFF, 0xF0, 0x00, 0x00, 0xFF, 0xF0, 0x00, 0x00,
    0xFF, 0xF0, 0x00, 0x00, 0xFF, 0xF0, 0x00, 0x00, 0xFF, 0xF0, 0x00, 0x00, 0xFF, 0xF0, 0x00, 0x00,
    0xFF, 0xF0, 0x00, 0x00, 0xFF, 0xF0, 0x00, 0x00, 0xFF, 0xF0, 0x00, 0x00, 0xFF, 0xF0, 0x00, 0x00,
    0xFF, 0xF0, 0x0F, 0xFF, 0xFF, 0xF0, 0x0F, 0xFF, 0xFF, 0xF0, 0x0F, 0xFF, 0xFF, 0xF0, 0x0F, 0xFF,
    0xFF, 0xF0, 0x0F, 0xFF, 0xFF, 0xF0, 0x0F, 0xFF, 0xFF, 0xF0, 0x0F, 0xFF, 0xFF, 0xF0, 0x0F, 0xFF,
    0xFF, 0xF0, 0x0F, 0xFF, 0xFF, 0xF0, 0x3F, 0xFF, 0xFF, 0xF0, 0x3F, 0xFF, 0xFF, 0xF0, 0xFF, 0xFC,
    0xFF, 0xF0, 0xFF, 0xFC, 0xFF, 0xF0, 0xFF, 0xFC, 0xFF, 0xFF, 0xFF, 0xF0, 0xFF, 0xFF, 0xFF, 0xF0,
    0xFF, 0xFF, 0xFF, 0xE0, 0xFF, 0xFF, 0xFF, 0xC0, 0xFF, 0xFF, 0xFF, 0x80, 0xFF, 0xFF, 0xFE, 0x00,
    0xFF, 0xFF, 0xFF, 0x80, 0xFF, 0xFF, 0xFF, 0xC0, 0xFF, 0xFF, 0xFF, 0xE0, 0xFF, 0xFF, 0xFF, 0xF0,
    0xFF, 0xFF, 0xFF, 0xF0, 0xFF, 0xF0, 0xFF, 0xFC, 0xFF, 0xF0, 0xFF, 0xFC, 0xFF, 0xF0, 0x3F, 0xFF,
    0xFF, 0xF0, 0x3F, 0xFF, 0xFF, 0xF0, 0x0F, 0xFF, 0xFF, 0xF0, 0x0F, 0xFF, 0xFF, 0xF0, 0x0F, 0xFF,
    0xFF, 0xF0, 0x0F, 0xFF, 0xFF, 0xF0, 0x0F, 0xFF, 0xFF, 0xF0, 0x0F, 0xFF, 0xFF, 0xF0, 0x0F, 0xFF,
    0xFF, 0xF0, 0x0F, 0xFF, 0xFF, 0xF0, 0x0F, 0xFF, 0xFF, 0xF0, 0x0F, 0xFF, 0xFF, 0xF0, 0x0F, 0xFF,
    0xFF, 0xF0, 0x0F, 0xFF, 0xFF, 0xF0, 0x0F, 0xFF, 0xFF, 0xF0, 0x0F, 0xFF, 0xFF, 0xFF, 0xFF, 0xFF,
    0xFF, 0xFF, 0xFF, 0xFF, 0xFF, 0xFF, 0xFF, 0xFF, 0xFF, 0xFF, 0xFF, 0xFF, 0xFF, 0xFF, 0xFF, 0xFF,
    0xFF, 0xFF, 0xFF, 0xFF, 0xFF, 0xFF, 0xFF, 0xFF, 0xFF, 0xFF, 0xFF, 0xFF, 0xFF, 0xFF, 0xFF, 0xFF,
    0xFF, 0xFF, 0xFF, 0xFF, 0xFF, 0xFF, 0xFF, 0xFF, 0xFF, 0xFF, 0xFF, 0xFF, 0xFF, 0xFF, 0xFF, 0xFF,
    0xFF, 0xFF, 0xFF, 0xFF, 0xFF, 0xFF, 0xFF, 0xFF, 0xFF, 0xFF, 0xFF, 0xFF, 0xFF, 0xFF, 0xFF, 0xFF,
    0xFF, 0xFF, 0xFF, 0xFF, 0xFF, 0xFF, 0xFF, 0xFF, 0xFF, 0xFF, 0xFF, 0xFF, 0xFF, 0xFF, 0xFF, 0xFF,
    0xFF, 0xF0, 0xFF, 0xF3, 0xFF, 0xC0, 0xFF, 0xF0, 0x07, 0xFF, 0x9F, 0xFE, 0x07, 0xFF, 0x80, 0x3F,
    0xFF, 0xFF, 0xFD, 0xFF, 0xFF, 0xC1, 0xFF, 0xFF, 0xFF, 0xEF, 0xFF, 0xFE, 0x0F, 0xFF, 0xFF, 0xFF,
    0x7F, 0xFF, 0xF0, 0x7F, 0xFF, 0xFF, 0xFF, 0xFF, 0xFF, 0xE3, 0xFF, 0xFF, 0xFF, 0xFF, 0xFF, 0xFF,
    0x1F, 0xFF, 0xFF, 0xFF, 0xFF, 0xFF, 0xF8, 0xFF, 0xFF, 0xFF, 0xFF, 0xFF, 0xFF, 0xC7, 0xFF, 0xE1,
    0xFF, 0xFF, 0x1F, 0xFF, 0xBF, 0xFF, 0x0F, 0xFF, 0xF8, 0xFF, 0xFD, 0xFF, 0xE0, 0x1F, 0xFE, 0x01,
    0xFF, 0xEF, 0xFF, 0x00, 0xFF, 0xF0, 0x0F, 0xFF, 0x7F, 0xF8, 0x07, 0xFF, 0x80, 0x7F, 0xFB, 0xFF,
    0xC0, 0x3F, 0xFC, 0x03, 0xFF, 0xDF, 0xFE, 0x01, 0xFF, 0xE0, 0x1F, 0xFE, 0xFF, 0xF0, 0x0F, 0xFF,
    0x00, 0xFF, 0xF7, 0xFF, 0x80, 0x7F, 0xF8, 0x07, 0xFF, 0xBF, 0xFC, 0x03, 0xFF, 0xC0, 0x3F, 0xFD,
    0xFF, 0xE0, 0x1F, 0xFE, 0x01, 0xFF, 0xEF, 0xFF, 0x00, 0xFF, 0xF0, 0x0F, 0xFF, 0x7F, 0xF8, 0x07,
    0xFF, 0x80, 0x7F, 0xFB, 0xFF, 0xC0, 0x3F, 0xFC, 0x03, 0xFF, 0xDF, 0xFE, 0x01, 0xFF, 0xE0, 0x1F,
    0xFE, 0xFF, 0xF0, 0x0F, 0xFF, 0x00, 0xFF, 0xF7, 0xFF, 0x80, 0x7F, 0xF8, 0x07, 0xFF, 0xBF, 0xFC,
    0x03, 0xFF, 0xC0, 0x3F, 0xFD, 0xFF, 0xE0, 0x1F, 0xFE, 0x01, 0xFF, 0xEF, 0xFF, 0x00, 0xFF, 0xF0,
    0x0F, 0xFF, 0x7F, 0xF8, 0x07, 0xFF, 0x80, 0x7F, 0xFB, 0xFF, 0xC0, 0x3F, 0xFC, 0x03, 0xFF, 0xDF,
    0xFE, 0x01, 0xFF, 0xE0, 0x1F, 0xFE, 0xFF, 0xF0, 0x0F, 0xFF, 0x00, 0xFF, 0xF7, 0xFF, 0x80, 0x7F,
    0xF8, 0x07, 0xFF, 0xBF, 0xFC, 0x03, 0xFF, 0xC0, 0x3F, 0xFD, 0xFF, 0xE0, 0x1F, 0xFE, 0x01, 0xFF,
    0xEF, 0xFF, 0x00, 0xFF, 0xF0, 0x0F, 0xFF, 0x7F, 0xF8, 0x07, 0xFF, 0x80, 0x7F, 0xFB, 0xFF, 0xC0,
    0x3F, 0xFC, 0x03, 0xFF, 0xDF, 0xFE, 0x01, 0xFF, 0xE0, 0x1F, 0xFE, 0xFF, 0xF0, 0x0F, 0xFF, 0x00,
    0xFF, 0xF7, 0xFF, 0x80, 0x7F, 0xF8, 0x07, 0xFF, 0xBF, 0xFC, 0x03, 0xFF, 0xC0, 0x3F, 0xFC, 0xFF,
    0xF3, 0xFF, 0xF0, 0x07, 0xFF, 0x9F, 0xFF, 0x80, 0x3F, 0xFF, 0xFF, 0xFF, 0xC1, 0xFF, 0xFF, 0xFF,
    0xFE, 0x0F, 0xFF, 0xFF, 0xFF, 0xFC, 0x7F, 0xFF, 0xFF, 0xFF, 0xF3, 0xFF, 0xFF, 0xFF, 0xFF, 0x9F,
    0xFF, 0xFF, 0xFF, 0xFC, 0xFF, 0xFF, 0xFF, 0xFF, 0xE7, 0xFF, 0xE0, 0x0F, 0xFF, 0xFF, 0xFF, 0x00,
    0x7F, 0xFF, 0xFF, 0xE0, 0x00, 0xFF, 0xFF, 0xFF, 0x00, 0x07, 0xFF, 0xFF, 0xF8, 0x00, 0x3F, 0xFF,
    0xFF, 0xC0, 0x01, 0xFF, 0xFF, 0xFE, 0x00, 0x0F, 0xFF, 0xFF, 0xF0, 0x00, 0x7F, 0xFF, 0xFF, 0x80,
    0x03, 0xFF, 0xFF, 0xFC, 0x00, 0x1F, 0xFF, 0xFF, 0xE0, 0x00, 0xFF, 0xFF, 0xFF, 0x00, 0x07, 0xFF,
    0xFF, 0xF8, 0x00, 0x3F, 0xFF, 0xFF, 0xC0, 0x01, 0xFF, 0xFF, 0xFE, 0x00, 0x0F, 0xFF, 0xFF, 0xF0,
    0x00, 0x7F, 0xFF, 0xFF, 0x80, 0x03, 0xFF, 0xFF, 0xFC, 0x00, 0x1F, 0xFF, 0xFF, 0xE0, 0x00, 0xFF,
    0xFF, 0xFF, 0x00, 0x07, 0xFF, 0xFF, 0xF8, 0x00, 0x3F, 0xFF, 0xFF, 0xC0, 0x01, 0xFF, 0xFF, 0xFE,
    0x00, 0x0F, 0xFF, 0xFF, 0xF0, 0x00, 0x7F, 0xFF, 0xFF, 0x80, 0x03, 0xFF, 0xFF, 0xFC, 0x00, 0x1F,
    0xFF, 0xFF, 0xE0, 0x00, 0xFF, 0xFF, 0xFF, 0x00, 0x07, 0xFF, 0xFF, 0xF8, 0x00, 0x3F, 0xFF, 0xFF,
    0xC0, 0x01, 0xFF, 0xFF, 0xFE, 0x00, 0x0F, 0xFF, 0xFF, 0xF0, 0x00, 0x7F, 0xFF, 0xFF, 0x80, 0x03,
    0xFF, 0xFF, 0xFC, 0x00, 0x1F, 0xFE, 0x00, 0x7F, 0xFF, 0xF0, 0x00, 0x03, 0xFF, 0xFF, 0x80, 0x03,
    0xFF, 0xFF, 0xFF, 0xC0, 0x1F, 0xFF, 0xFF, 0xFE, 0x00, 0xFF, 0xFF, 0xFF, 0xF0, 0x1F, 0xFF, 0xFF,
    0xFF, 0xE0, 0xFF, 0xFF, 0xFF, 0xFF, 0x07, 0xFF, 0xFF, 0xFF, 0xF8, 0x3F, 0xFF, 0xFF, 0xFF, 0xC7,
    0xFF, 0xE0, 0x1F, 0xFF, 0xFF, 0xFF, 0x00, 0xFF, 0xFF, 0xFF, 0xF8, 0x03, 0xFF, 0xFF, 0xFF, 0x00,
    0x07, 0xFF, 0xFF, 0xF8, 0x00, 0x3F, 0xFF, 0xFF, 0xC0, 0x01, 0xFF, 0xFF, 0xFE, 0x00, 0x0F, 0xFF,
    0xFF, 0xF0, 0x00, 0x7F, 0xFF, 0xFF, 0x80, 0x03, 0xFF, 0xFF, 0xFC, 0x00, 0x1F, 0xFF, 0xFF, 0xE0,
    0x00, 0xFF, 0xFF, 0xFF, 0x00, 0x07, 0xFF, 0xFF, 0xF8, 0x00, 0x3F, 0xFF, 0xFF, 0xC0, 0x01, 0xFF,
    0xFF, 0xFE, 0x00, 0x0F, 0xFF, 0xFF, 0xF0, 0x00, 0x7F, 0xFF, 0xFF, 0x80, 0x03, 0xFF, 0xFF, 0xFC,
    0x00, 0x1F, 0xFF, 0xFF, 0xE0, 0x00, 0xFF, 0xFF, 0xFF, 0x00, 0x07, 0xFF, 0xFF, 0xF8, 0x00, 0x3F,
    0xFF, 0xFF, 0xC0, 0x01, 0xFF, 0xFF, 0xFF, 0x80, 0x3F, 0xFF, 0xFF, 0xFC, 0x03, 0xFF, 0xFF, 0xFF,
    0xE0, 0x1F, 0xFF, 0xCF, 0xFF, 0xFF, 0xFF, 0xF0, 0x7F, 0xFF, 0xFF, 0xFF, 0x83, 0xFF, 0xFF, 0xFF,
    0xFC, 0x1F, 0xFF, 0xFF, 0xFF, 0xE0, 0xFF, 0xFF, 0xFF, 0xFF, 0x01, 0xFF, 0xFF, 0xFF, 0xE0, 0x00,
    0x7F, 0xFF, 0xF0, 0x00, 0x03, 0xFF, 0xFF, 0x80, 0x00, 0x1F, 0xFF, 0xFC, 0x00, 0xFF, 0xF3, 0xFF,
    0xF0, 0x07, 0xFF, 0x9F, 0xFF, 0x80, 0x3F, 0xFC, 0xFF, 0xFC, 0x01, 0xFF, 0xFF, 0xFF, 0xFE, 0x0F,
    0xFF, 0xFF, 0xFF, 0xF0, 0x7F, 0xFF, 0xFF, 0xFF, 0xF3, 0xFF, 0xFF, 0xFF, 0xFF, 0x9F, 0xFF, 0xFF,
    0xFF, 0xFC, 0xFF, 0xFF, 0xFF, 0xFF, 0xE7, 0xFF, 0xE0, 0x0F, 0xFF, 0xFF, 0xFF, 0x00, 0x7F, 0xFF,
    0xFF, 0xF8, 0x03, 0xFF, 0xFF, 0xFF, 0x00, 0x07, 0xFF, 0xFF, 0xF8, 0x00, 0x3F, 0xFF, 0xFF, 0xC0,
    0x01, 0xFF, 0xFF, 0xFE, 0x00, 0x0F, 0xFF, 0xFF, 0xF0, 0x00, 0x7F, 0xFF, 0xFF, 0x80, 0x03, 0xFF,
    0xFF, 0xFC, 0x00, 0x1F, 0xFF, 0xFF, 0xE0, 0x00, 0xFF, 0xFF, 0xFF, 0x00, 0x07, 0xFF, 0xFF, 0xF8,
    0x00, 0x3F, 0xFF, 0xFF, 0xC0, 0x01, 0xFF, 0xFF, 0xFE, 0x00, 0x0F, 0xFF, 0xFF, 0xF0, 0x00, 0x7F,
    0xFF, 0xFF, 0x80, 0x03, 0xFF, 0xFF, 0xFC, 0x00, 0x1F, 0xFF, 0xFF, 0xE0, 0x00, 0xFF, 0xFF, 0xFF,
    0x00, 0x07, 0xFF, 0xFF, 0xF8, 0x00, 0x3F, 0xFF, 0xFF, 0xC0, 0x01, 0xFF, 0xFF, 0xFE, 0x00, 0x3F,
    0xFF, 0xFF, 0xF0, 0x01, 0xFF, 0xFF, 0xFF, 0x80, 0x0F, 0xFF, 0xFF, 0xFF, 0xFF, 0xFF, 0xF9, 0xFF,
    0xFF, 0xFF, 0xFF, 0xCF, 0xFF, 0xFF, 0xFF, 0xFE, 0x7F, 0xFF, 0xFF, 0xFF, 0xF3, 0xFF, 0xFF, 0xFF,
    0xFF, 0x9F, 0xFF, 0xFF, 0xFF, 0xE0, 0xFF, 0xFF, 0xFF, 0xFF, 0x07, 0xFF, 0xFF, 0xFF, 0x80, 0x3F,
    0xFF, 0xFF, 0xFC, 0x01, 0xFF, 0xE0, 0x00, 0x00, 0x0F, 0xFF, 0x00, 0x00, 0x00, 0x7F, 0xF8, 0x00,
    0x00, 0x03, 0xFF, 0xC0, 0x00, 0x00, 0x1F, 0xFE, 0x00, 0x00, 0x00, 0xFF, 0xF0, 0x00, 0x00, 0x07,
    0xFF, 0x80, 0x00, 0x00, 0x3F, 0xFC, 0x00, 0x00, 0x01, 0xFF, 0xE0, 0x00, 0x00, 0x0F, 0xFF, 0x00,
    0x00, 0x00, 0x7F, 0xF8, 0x00, 0x00, 0x03, 0xFF, 0xC0, 0x00, 0x00, 0x1F, 0xFE, 0x00, 0x00, 0x00,
    0xFF, 0xF0, 0x00, 0x00, 0x00, 0x00, 0x7F, 0xFF, 0xFF, 0xF8, 0x03, 0xFF, 0xFF, 0xFF, 0xC0, 0x1F,
    0xFF, 0xFF, 0xFE, 0x1F, 0xFF, 0xFF, 0xFF, 0xF0, 0xFF, 0xFF, 0xFF, 0xFF, 0x9F, 0xFF, 0xFF, 0xFF,
    0xFC, 0xFF, 0xFF, 0xFF, 0xFF, 0xE7, 0xFF, 0xFF, 0xFF, 0xFF, 0x3F, 0xFF, 0xFF, 0xFF, 0xFF, 0xFF,
    0xE0, 0x03, 0xFF, 0xFF, 0xFF, 0x00, 0x1F, 0xFF, 0xFF, 0xF8, 0x00, 0xFF, 0xFF, 0xFF, 0x00, 0x07,
    0xFF, 0xFF, 0xF8, 0x00, 0x3F, 0xFF, 0xFF, 0xC0, 0x01, 0xFF, 0xFF, 0xFE, 0x00, 0x0F, 0xFF, 0xFF,
    0xF0, 0x00, 0x7F, 0xFF, 0xFF, 0x80, 0x03, 0xFF, 0xFF, 0xFC, 0x00, 0x1F, 0xFF, 0xFF, 0xE0, 0x00,
    0xFF, 0xFF, 0xFF, 0x00, 0x07, 0xFF, 0xFF, 0xF8, 0x00, 0x3F, 0xFF, 0xFF, 0xC0, 0x01, 0xFF, 0xFF,
    0xFE, 0x00, 0x0F, 0xFF, 0xFF, 0xF0, 0x00, 0x7F, 0xFF, 0xFF, 0x80, 0x03, 0xFF, 0xFF, 0xFC, 0x00,
    0x1F, 0xFF, 0xFF, 0xE0, 0x00, 0xFF, 0xFF, 0xFF, 0x00, 0x07, 0xFF, 0xFF, 0xF8, 0x00, 0x3F, 0xFF,
    0xFF, 0xC0, 0x01, 0xFF, 0xFF, 0xFE, 0x00, 0x0F, 0xFF, 0xFF, 0xFC, 0x03, 0xFF, 0xFF, 0xFF, 0xE0,
    0x1F, 0xFF, 0xCF, 0xFF, 0xFF, 0xFF, 0xFE, 0x7F, 0xFF, 0xFF, 0xFF, 0xF3, 0xFF, 0xFF, 0xFF, 0xFF,
    0x9F, 0xFF, 0xFF, 0xFF, 0xFC, 0xFF, 0xFF, 0xFF, 0xFF, 0xE1, 0xFF, 0xFF, 0xFF, 0xFF, 0x0F, 0xFF,
    0xFF, 0xFF, 0xF8, 0x03, 0xFF, 0xF3, 0xFF, 0xC0, 0x1F, 0xFF, 0x9F, 0xFE, 0x00, 0x00, 0x00, 0xFF,
    0xF0, 0x00, 0x00, 0x07, 0xFF, 0x80, 0x00, 0x00, 0x3F, 0xFC, 0x00, 0x00, 0x01, 0xFF, 0xE0, 0x00,
    0x00, 0x0F, 0xFF, 0x00, 0x00, 0x00, 0x7F, 0xF8, 0x00, 0x00, 0x03, 0xFF, 0xC0, 0x00, 0x00, 0x1F,
    0xFE, 0x00, 0x00, 0x00, 0xFF, 0xF0, 0x00, 0x00, 0x07, 0xFF, 0x80, 0x00, 0x00, 0x3F, 0xFC, 0x00,
    0x00, 0x01, 0xFF, 0xE0, 0x00, 0x00, 0x0F, 0xFF, 0x00, 0x00, 0x00, 0x7F, 0xF8, 0xFF, 0xF3, 0xFF,
    0xF0, 0xFF, 0xF3, 0xFF, 0xF0, 0xFF, 0xFF, 0xFF, 0xFC, 0xFF, 0xFF, 0xFF, 0xFC, 0xFF, 0xFF, 0xFF,
    0xFF, 0xFF, 0xFF, 0xFF, 0xFF, 0xFF, 0xFF, 0xFF, 0xFF, 0xFF, 0xFF, 0xFF, 0xFC, 0xFF, 0xFF, 0xFF,
    0xFC, 0xFF, 0xFC, 0x0F, 0xF0, 0xFF, 0xFC, 0x0F, 0xF0, 0xFF, 0xF0, 0x01, 0xC0, 0xFF, 0xF0, 0x01,
    0xC0, 0xFF, 0xF0, 0x01, 0x80, 0xFF, 0xF0, 0x00, 0x00, 0xFF, 0xF0, 0x00, 0x00, 0xFF, 0xF0, 0x00,
    0x00, 0xFF, 0xF0, 0x00, 0x00, 0xFF, 0xF0, 0x00, 0x00, 0xFF, 0xF0, 0x00, 0x00, 0xFF, 0xF0, 0x00,
    0x00, 0xFF, 0xF0, 0x00, 0x00, 0xFF, 0xF0, 0x00, 0x00, 0xFF, 0xF0, 0x00, 0x00, 0xFF, 0xF0, 0x00,
    0x00, 0xFF, 0xF0, 0x00, 0x00, 0xFF, 0xF0, 0x00, 0x00, 0xFF, 0xF0, 0x00, 0x00, 0xFF, 0xF0, 0x00,
    0x00, 0xFF, 0xF0, 0x00, 0x00, 0xFF, 0xF0, 0x00, 0x00, 0xFF, 0xF0, 0x00, 0x00, 0xFF, 0xF0, 0x00,
    0x00, 0xFF, 0xF0, 0x00, 0x00, 0xFF, 0xF0, 0x00, 0x00, 0xFF, 0xF0, 0x00, 0x00, 0xFF, 0xF0, 0x00,
    0x00, 0xFF, 0xF0, 0x00, 0x00, 0xFF, 0xF0, 0x00, 0x00, 0xFF, 0xF0, 0x00, 0x00, 0xFF, 0xF0, 0x00,
    0x00, 0xFF, 0xF0, 0x00, 0x00, 0xFF, 0xF0, 0x00, 0x00, 0x00, 0x7F, 0xFF, 0xF0, 0x00, 0x03, 0xFF,
    0xFF, 0x80, 0x03, 0xFF, 0xFF, 0xFF, 0xC0, 0x1F, 0xFF, 0xFF, 0xFE, 0x03, 0xFF, 0xFF, 0xFF, 0xFC,
    0x1F, 0xFF, 0xFF, 0xFF, 0xE0, 0xFF, 0xFF, 0xFF, 0xFF, 0x07, 0xFF, 0xFF, 0xFF, 0xF8, 0x3F, 0xFF,
    0xFF, 0xFF, 0xC7, 0xFF, 0xE0, 0x1F, 0xFE, 0x3F, 0xFF, 0x00, 0xFF, 0xF1, 0xFF, 0xE0, 0x00, 0x00,
    0x0F, 0xFF, 0x00, 0x00, 0x00, 0x7F, 0xFE, 0x00, 0x00, 0x03, 0xFF, 0xF0, 0x00, 0x00, 0x1F, 0xFF,
    0x80, 0x00, 0x00, 0x3F, 0xFF, 0xFF, 0xF0, 0x01, 0xFF, 0xFF, 0xFF, 0x80, 0x0F, 0xFF, 0xFF, 0xFF,
    0xC0, 0x7F, 0xFF, 0xFF, 0xFE, 0x00, 0xFF, 0xFF, 0xFF, 0xFC, 0x07, 0xFF, 0xFF, 0xFF, 0xE0, 0x01,
    0xFF, 0xFF, 0xFF, 0x00, 0x0F, 0xFF, 0xFF, 0xF8, 0x00, 0x7F, 0xFF, 0xFF, 0xC0, 0x00, 0x00, 0x1F,
    0xFF, 0xC0, 0x00, 0x00, 0xFF, 0xFE, 0x00, 0x00, 0x03, 0xFF, 0xF0, 0x00, 0x00, 0x07, 0xFF, 0xFF,
    0xF8, 0x00, 0x3F, 0xFF, 0xFF, 0xC0, 0x01, 0xFF, 0xFF, 0xFF, 0x80, 0x3F, 0xFF, 0xFF, 0xFC, 0x03,
    0xFF, 0xFF, 0xFF, 0xE0, 0x1F, 0xFF, 0xCF, 0xFF, 0xFF, 0xFF, 0xF0, 0x7F, 0xFF, 0xFF, 0xFF, 0x83,
    0xFF, 0xFF, 0xFF, 0xFC, 0x1F, 0xFF, 0xFF, 0xFF, 0xE0, 0x3F, 0xFF, 0xFF, 0xFC, 0x01, 0xFF, 0xFF,
    0xFF, 0xE0, 0x0F, 0xFF, 0xFF, 0xFF, 0x00, 0x03, 0xFF, 0xFF, 0x80, 0x00, 0x1F, 0xFF, 0xFC, 0x00,
    0x00, 0x07, 0x00, 0x00, 0x03, 0x80, 0x00, 0x07, 0xC0, 0x00, 0x03, 0xE0, 0x00, 0x01, 0xF0, 0x00,
    0x03, 0xF8, 0x00, 0x01, 0xFC, 0x00, 0x07, 0xFE, 0x00, 0x03, 0xFF, 0x00, 0x01, 0xFF, 0x80, 0x03,
    0xFF, 0xC0, 0x01, 0xFF, 0xE0, 0x00, 0xFF, 0xF0, 0x00, 0x7F, 0xF8, 0x03, 0xFF, 0xFF, 0xFF, 0xFF,
    0xFF, 0xFF, 0xFF, 0xFF, 0xFF, 0xFF, 0xFF, 0xFF, 0xFF, 0xFF, 0xFF, 0xFF, 0xFF, 0xFF, 0xFF, 0xFF,
    0xFF, 0xFF, 0xFF, 0xFF, 0xFF, 0xFF, 0xFF, 0xFE, 0x1F, 0xFE, 0x00, 0x0F, 0xFF, 0x00, 0x07, 0xFF,
    0x80, 0x03, 0xFF, 0xC0, 0x01, 0xFF, 0xE0, 0x00, 0xFF, 0xF0, 0x00, 0x7F, 0xF8, 0x00, 0x3F, 0xFC,
    0x00, 0x1F, 0xFE, 0x00, 0x0F, 0xFF, 0x00, 0x07, 0xFF, 0x80, 0x03, 0xFF, 0xC0, 0x01, 0xFF, 0xE0,
    0x00, 0xFF, 0xF0, 0x00, 0x7F, 0xF8, 0x00, 0x3F, 0xFC, 0x00, 0x1F, 0xFE, 0x00, 0x0F, 0xFF, 0x00,
    0x07, 0xFF, 0x80, 0x03, 0xFF, 0xC0, 0x01, 0xFF, 0xF8, 0x00, 0xFF, 0xFC, 0x00, 0x7F, 0xFE, 0x00,
    0x0F, 0xFF, 0xFE, 0x07, 0xFF, 0xFF, 0x03, 0xFF, 0xFF, 0x81, 0xFF, 0xFF, 0xC0, 0x1F, 0xFF, 0xE0,
    0x0F, 0xFF, 0xF0, 0x07, 0xFF, 0xF8, 0x00, 0x3F, 0xFC, 0x00, 0x1F, 0xFE, 0xFF, 0xF0, 0x00, 0x7F,
    0xFF, 0xFF, 0x80, 0x03, 0xFF, 0xFF, 0xFC, 0x00, 0x1F, 0xFF, 0xFF, 0xE0, 0x00, 0xFF, 0xFF, 0xFF,
    0x00, 0x07, 0xFF, 0xFF, 0xF8, 0x00, 0x3F, 0xFF, 0xFF, 0xC0, 0x01, 0xFF, 0xFF, 0xFE, 0x00, 0x0F,
    0xFF, 0xFF, 0xF0, 0x00, 0x7F, 0xFF, 0xFF, 0x80, 0x03, 0xFF, 0xFF, 0xFC, 0x00, 0x1F, 0xFF, 0xFF,
    0xE0, 0x00, 0xFF, 0xFF, 0xFF, 0x00, 0x07, 0xFF, 0xFF, 0xF8, 0x00, 0x3F, 0xFF, 0xFF, 0xC0, 0x01,
    0xFF, 0xFF, 0xFE, 0x00, 0x0F, 0xFF, 0xFF, 0xF0, 0x00, 0x7F, 0xFF, 0xFF, 0x80, 0x03, 0xFF, 0xFF,
    0xFC, 0x00, 0x1F, 0xFF, 0xFF, 0xE0, 0x00, 0xFF, 0xFF, 0xFF, 0x00, 0x07, 0xFF, 0xFF, 0xF8, 0x00,
    0x3F, 0xFF, 0xFF, 0xC0, 0x01, 0xFF, 0xFF, 0xFE, 0x00, 0x0F, 0xFF, 0xFF, 0xF0, 0x00, 0x7F, 0xFF,
    0xFF, 0x80, 0x03, 0xFF, 0xFF, 0xFC, 0x00, 0x1F, 0xFF, 0xFF, 0xE0, 0x00, 0xFF, 0xFF, 0xFF, 0x00,
    0x07, 0xFF, 0xFF, 0xF8, 0x00, 0x3F, 0xFF, 0xFF, 0xC0, 0x01, 0xFF, 0xFF, 0xFE, 0x00, 0x0F, 0xFF,
    0xFF, 0xFC, 0x03, 0xFF, 0xFF, 0xFF, 0xE0, 0x1F, 0xFF, 0xCF, 0xFF, 0xFF, 0xFF, 0xFE, 0x7F, 0xFF,
    0xFF, 0xFF, 0xF3, 0xFF, 0xFF, 0xFF, 0xFF, 0x9F, 0xFF, 0xFF, 0xFF, 0xFC, 0xFF, 0xFF, 0xFF, 0xFF,
    0xE1, 0xFF, 0xFF, 0xFF, 0xFF, 0x0F, 0xFF, 0xFF, 0xFF, 0xF8, 0x03, 0xFF, 0xF3, 0xFF, 0xC0, 0x1F,
    0xFF, 0x9F, 0xFE, 0xFF, 0xF0, 0x00, 0x7F, 0xFF, 0xFF, 0x80, 0x03, 0xFF, 0xFF, 0xFC, 0x00, 0x1F,
    0xFF, 0xFF, 0xE0, 0x00, 0xFF, 0xFF, 0xFF, 0x00, 0x07, 0xFF, 0xFF, 0xF8, 0x00, 0x3F, 0xFF, 0xFF,
    0xC0, 0x01, 0xFF, 0xFF, 0xFE, 0x00, 0x0F, 0xFF, 0xFF, 0xF0, 0x00, 0x7F, 0xFF, 0xFF, 0x80, 0x03,
    0xFF, 0xFF, 0xFC, 0x00, 0x1F, 0xFF, 0xFF, 0xE0, 0x00, 0xFF, 0xFF, 0xFF, 0x00, 0x07, 0xFF, 0xFF,
    0xF8, 0x00, 0x3F, 0xFF, 0xFF, 0xC0, 0x01, 0xFF, 0xFF, 0xFE, 0x00, 0x0F, 0xFF, 0xFF, 0xF0, 0x00,
    0x7F, 0xFF, 0xFF, 0x80, 0x03, 0xFF, 0xFF, 0xFC, 0x00, 0x1F, 0xFF, 0xFF, 0xE0, 0x00, 0xFF, 0xFF,
    0xFF, 0x00, 0x07, 0xFF, 0xFF, 0xF8, 0x00, 0x3F, 0xFF, 0xFF, 0xC0, 0x01, 0xFF, 0xFF, 0xFE, 0x00,
    0x0F, 0xFF, 0xFF, 0xF0, 0x00, 0x7F, 0xFF, 0xFF, 0x80, 0x03, 0xFF, 0xFF, 0xFC, 0x00, 0x1F, 0xFF,
    0xFF, 0xF8, 0x03, 0xFF, 0xFF, 0xFF, 0xC0, 0x1F, 0xFF, 0x9F, 0xFF, 0x83, 0xFF, 0xF0, 0xFF, 0xFE,
    0x3F, 0xFF, 0x83, 0xFF, 0xF1, 0xFF, 0xF8, 0x07, 0xFF, 0xFF, 0xFF, 0x00, 0x3F, 0xFF, 0xFF, 0xF8,
    0x01, 0xFF, 0xFF, 0xFF, 0xC0, 0x03, 0xFF, 0xFF, 0xF8, 0x00, 0x1F, 0xFF, 0xFF, 0xC0, 0x00, 0x3F,
    0xFF, 0xF8, 0x00, 0x01, 0xFF, 0xFF, 0xC0, 0x00, 0x03, 0xFF, 0xF8, 0x00, 0x00, 0x1F, 0xFF, 0xC0,
    0x00, 0x00, 0x1F, 0xF0, 0x00, 0x00, 0x00, 0xFF, 0x80, 0x00, 0xFF, 0xF0, 0x01, 0xFF, 0xE0, 0x07,
    0xFF, 0xFF, 0xF8, 0x00, 0xFF, 0xF0, 0x03, 0xFF, 0xFF, 0xFC, 0x00, 0x7F, 0xF8, 0x01, 0xFF, 0xFF,
    0xFE, 0x00, 0x3F, 0xFC, 0x00, 0xFF, 0xFF, 0xFF, 0x00, 0x1F, 0xFE, 0x00, 0x7F, 0xFF, 0xFF, 0x80,
    0x0F, 0xFF, 0x00, 0x3F, 0xFF, 0xFF, 0xC0, 0x07, 0xFF, 0x80, 0x1F, 0xFF, 0xFF, 0xE0, 0x03, 0xFF,
    0xC0, 0x0F, 0xFF, 0xFF, 0xF0, 0x01, 0xFF, 0xE0, 0x07, 0xFF, 0xFF, 0xF8, 0x00, 0xFF, 0xF0, 0x03,
    0xFF, 0xFF, 0xFC, 0x00, 0x7F, 0xF8, 0x01, 0xFF, 0xFF, 0xFE, 0x00, 0x3F, 0xFC, 0x00, 0xFF, 0xFF,
    0xFF, 0x00, 0x1F, 0xFE, 0x00, 0x7F, 0xFF, 0xFF, 0x80, 0x0F, 0xFF, 0x00, 0x3F, 0xFF, 0xFF, 0xC0,
    0x07, 0xFF, 0x80, 0x1F, 0xFF, 0xFF, 0xE0, 0x03, 0xFF, 0xC0, 0x0F, 0xFF, 0xFF, 0xF0, 0x01, 0xFF,
    0xE0, 0x07, 0xFF, 0xFF, 0xF8, 0x00, 0xFF, 0xF0, 0x03, 0xFF, 0xFF, 0xFC, 0x00, 0x7F, 0xF8, 0x01,
    0xFF, 0xFF, 0xFE, 0x00, 0x3F, 0xFC, 0x00, 0xFF, 0xFF, 0xFF, 0x00, 0x1F, 0xFE, 0x00, 0x7F, 0xFF,
    0xFF, 0x80, 0x0F, 0xFF, 0x00, 0x3F, 0xFF, 0xFF, 0xC0, 0x07, 0xFF, 0x80, 0x1F, 0xFF, 0xFF, 0xE0,
    0x03, 0xFF, 0xC0, 0x0F, 0xFF, 0xFF, 0xF0, 0x01, 0xFF, 0xE0, 0x07, 0xFF, 0xFF, 0xF8, 0x00, 0xFF,
    0xF0, 0x03, 0xFF, 0xFF, 0xFC, 0x00, 0x7F, 0xF8, 0x01, 0xFF, 0xFF, 0xFF, 0x81, 0xFF, 0xFF, 0x03,
    0xFF, 0xFF, 0xFF, 0xC0, 0xFF, 0xFF, 0x81, 0xFF, 0xF9, 0xFF, 0xF9, 0xFF, 0xFF, 0xF3, 0xFF, 0xF0,
    0xFF, 0xFE, 0xFF, 0xFF, 0xFB, 0xFF, 0xF8, 0x3F, 0xFF, 0x7F, 0xFF, 0xFD, 0xFF, 0xF8, 0x07, 0xFF,
    0xFF, 0xFF, 0xFF, 0xFF, 0xF0, 0x03, 0xFF, 0xFF, 0xFF, 0xFF, 0xFF, 0xF8, 0x00, 0x7F, 0xFF, 0xFD,
    0xFF, 0xFF, 0xF0, 0x00, 0x3F, 0xFF, 0xFE, 0xFF, 0xFF, 0xF8, 0x00, 0x1F, 0xFF, 0xFE, 0x3F, 0xFF,
    0xFC, 0x00, 0x03, 0xFF, 0xFE, 0x07, 0xFF, 0xF8, 0x00, 0x01, 0xFF, 0xFE, 0x03, 0xFF, 0xFC, 0x00,
    0x00, 0x3F, 0xFC, 0x00, 0x7F, 0xF8, 0x00, 0x00, 0x1F, 0xFE, 0x00, 0x3F, 0xFC, 0x00, 0x00, 0x01,
    0xFC, 0x00, 0x07, 0xF8, 0x00, 0x00, 0x00, 0xFE, 0x00, 0x03, 0xFC, 0x00, 0x00, 0xFF, 0xF0, 0x00,
    0x7F, 0xFF, 0xFF, 0x80, 0x03, 0xFF, 0xFF, 0xFC, 0x00, 0x1F, 0xFF, 0xFF, 0xE0, 0x00, 0xFF, 0xFF,
    0xFF, 0x00, 0x07, 0xFF, 0xFF, 0xF8, 0x00, 0x3F, 0xFF, 0xFF, 0xC0, 0x01, 0xFF, 0xFF, 0xFE, 0x00,
    0x0F, 0xFF, 0xFF, 0xF0, 0x00, 0x7F, 0xFF, 0xFF, 0x80, 0x03, 0xFF, 0xFF, 0xFC, 0x00, 0x1F, 0xFF,
    0xFF, 0xF8, 0x03, 0xFF, 0xFF, 0xFF, 0xC0, 0x1F, 0xFF, 0xFF, 0xFE, 0x00, 0xFF, 0xFC, 0xFF, 0xFE,
    0x3F, 0xFF, 0x87, 0xFF, 0xF1, 0xFF, 0xFC, 0x07, 0xFF, 0xFF, 0xFF, 0x00, 0x3F, 0xFF, 0xFF, 0xF8,
    0x01, 0xFF, 0xFF, 0xFF, 0xC0, 0x03, 0xFF, 0xFF, 0xF8, 0x00, 0x1F, 0xFF, 0xFF, 0xC0, 0x00, 0x3F,
    0xFF, 0xF8, 0x00, 0x07, 0xFF, 0xFF, 0xF0, 0x00, 0x3F, 0xFF, 0xFF, 0x80, 0x07, 0xFF, 0xFF, 0xFF,
    0x00, 0x3F, 0xFF, 0xFF, 0xF8, 0x01, 0xFF, 0xFF, 0xFF, 0xC0, 0x7F, 0xFF, 0x1F, 0xFF, 0xC3, 0xFF,
    0xF8, 0xFF, 0xFE, 0x7F, 0xFE, 0x00, 0xFF, 0xFF, 0xFF, 0xF0, 0x07, 0xFF, 0xFF, 0xFE, 0x00, 0x0F,
    0xFF, 0xFF, 0xF0, 0x00, 0x7F, 0xFF, 0xFF, 0x80, 0x03, 0xFF, 0xFF, 0xFC, 0x00, 0x1F, 0xFF, 0xFF,
    0xE0, 0x00, 0xFF, 0xFF, 0xFF, 0x00, 0x07, 0xFF, 0xFF, 0xF8, 0x00, 0x3F, 0xFF, 0xFF, 0xC0, 0x01,
    0xFF, 0xFF, 0xFE, 0x00, 0x0F, 0xFF, 0xFF, 0xF0, 0x00, 0x7F, 0xFF, 0xFF, 0x80, 0x03, 0xFF, 0xFF,
    0xFC, 0x00, 0x1F, 0xFE, 0xFF, 0xF0, 0x00, 0x7F, 0xFF, 0xFF, 0x80, 0x03, 0xFF, 0xFF, 0xFC, 0x00,
    0x1F, 0xFF, 0xFF, 0xE0, 0x00, 0xFF, 0xFF, 0xFF, 0x00, 0x07, 0xFF, 0xFF, 0xF8, 0x00, 0x3F, 0xFF,
    0xFF, 0xC0, 0x01, 0xFF, 0xFF, 0xFE, 0x00, 0x0F, 0xFF, 0xFF, 0xF0, 0x00, 0x7F, 0xFF, 0xFF, 0x80,
    0x03, 0xFF, 0xFF, 0xFC, 0x00, 0x1F, 0xFF, 0xFF, 0xE0, 0x00, 0xFF, 0xFF, 0xFF, 0x00, 0x07, 0xFF,
    0xFF, 0xF8, 0x00, 0x3F, 0xFF, 0xFF, 0xC0, 0x01, 0xFF, 0xFF, 0xFE, 0x00, 0x0F, 0xFF, 0xFF, 0xF0,
    0x00, 0x7F, 0xFF, 0xFF, 0x80, 0x03, 0xFF, 0xFF, 0xFC, 0x00, 0x1F, 0xFF, 0xFF, 0xE0, 0x00, 0xFF,
    0xFF, 0xFF, 0x00, 0x07, 0xFF, 0xFF, 0xF8, 0x00, 0x3F, 0xFF, 0xFF, 0xC0, 0x01, 0xFF, 0xFF, 0xFE,
    0x00, 0x0F, 0xFF, 0xFF, 0xF0, 0x00, 0x7F, 0xFF, 0xFF, 0x80, 0x03, 0xFF, 0xFF, 0xFC, 0x00, 0x1F,
    0xFF, 0xFF, 0xE0, 0x00, 0xFF, 0xFF, 0xFF, 0xC0, 0x1F, 0xFF, 0x9F, 0xFF, 0xC7, 0xFF, 0xF0, 0xFF,
    0xFE, 0x3F, 0xFF, 0x83, 0xFF, 0xF1, 0xFF, 0xF8, 0x07, 0xFF, 0xFF, 0xFF, 0x00, 0x3F, 0xFF, 0xFF,
    0xF8, 0x01, 0xFF, 0xFF, 0xFF, 0xC0, 0x03, 0xFF, 0xFF, 0xF8, 0x00, 0x1F, 0xFF, 0xFF, 0xC0, 0x00,
    0x3F, 0xFF, 0xF8, 0x00, 0x01, 0xFF, 0xFF, 0xC0, 0x00, 0x03, 0xFF, 0xF8, 0x00, 0x00, 0x1F, 0xFF,
    0xC0, 0x00, 0x03, 0xFF, 0xF0, 0x00, 0x00, 0x1F, 0xFF, 0x80, 0x00, 0x03, 0xFF, 0xF0, 0x00, 0x00,
    0x1F, 0xFF, 0x80, 0x00, 0x03, 0xFF, 0xFC, 0x00, 0x00, 0x1F, 0xFF, 0x80, 0x00, 0x00, 0xFF, 0xFC,
    0x00, 0x00, 0x3F, 0xFF, 0x80, 0x00, 0x01, 0xFF, 0xE0, 0x00, 0x00, 0x0F, 0xFF, 0x00, 0x00, 0x00,
    0x7F, 0xF8, 0x00, 0x00, 0x03, 0xFF, 0xC0, 0x00, 0x00, 0x1F, 0xF8, 0x00, 0x00, 0x00, 0xFF, 0xC0,
    0x00, 0x00, 0x07, 0xF8, 0x00, 0x00, 0x00, 0x3F, 0xC0, 0x00, 0x00, 0x00, 0xFF, 0xFF, 0xFF, 0xFF,
    0xFF, 0xFF, 0xFF, 0xFF, 0xFF, 0xFF, 0xFF, 0xFF, 0xFF, 0xFF, 0xFF, 0xFF, 0xFF, 0xFF, 0xFF, 0xFF,
    0xFF, 0xFF, 0xFF, 0xFF, 0xFF, 0xFF, 0xFF, 0xFF, 0xFF, 0xFF, 0xFF, 0xFF, 0xFF, 0xFF, 0xFF, 0xFF,
    0xFF, 0xFF, 0xFF, 0xFF, 0xFF, 0xF8, 0x00, 0x00, 0x0F, 0xFF, 0xC0, 0x00, 0x00, 0x7F, 0xFE, 0x00,
    0x00, 0x1F, 0xFF, 0xC0, 0x00, 0x00, 0xFF, 0xFE, 0x00, 0x00, 0x1F, 0xFF, 0x80, 0x00, 0x00, 0xFF,
    0xFC, 0x00, 0x00, 0x07, 0xFF, 0xE0, 0x00, 0x00, 0xFF, 0xFC, 0x00, 0x00, 0x07, 0xFF, 0xE0, 0x00,
    0x00, 0xFF, 0xFC, 0x00, 0x00, 0x07, 0xFF, 0xE0, 0x00, 0x01, 0xFF, 0xFF, 0x00, 0x00, 0x0F, 0xFF,
    0xE0, 0x00, 0x01, 0xFF, 0xFE, 0x00, 0x00, 0x0F, 0xFF, 0xC0, 0x00, 0x00, 0x7F, 0xFE, 0x00, 0x00,
    0x0F, 0xFF, 0xC0, 0x00, 0x00, 0x7F, 0xFE, 0x00, 0x00, 0x0F, 0xFF, 0xC0, 0x00, 0x00, 0x7F, 0xFE,
    0x00, 0x00, 0x1F, 0xFF, 0xF0, 0x00, 0x00, 0xFF, 0xFE, 0x00, 0x00, 0x1F, 0xFF, 0xF0, 0x00, 0x00,
    0xFF, 0xFC, 0x00, 0x00, 0x07, 0xFF, 0xE0, 0x00, 0x00, 0x3F, 0xFF, 0xFF, 0xFF, 0xFF, 0xFF, 0xFF,
    0xFF, 0xFF, 0xFF, 0xFF, 0xFF, 0xFF, 0xFF, 0xFF, 0xFF, 0xFF, 0xFF, 0xFF, 0xFF, 0xFF, 0xFF, 0xFF,
    0xFF, 0xFF, 0xFF, 0xFF, 0xFF, 0xFF, 0xFF, 0xFF, 0xFF, 0xFF, 0xFF, 0xFF, 0xFF, 0xFF, 0xFF, 0xFF,
    0xFF, 0xFF, 0xFE, 0x00, 0x7F, 0xF8, 0x03, 0xFF, 0xC0, 0x7F, 0xFC, 0x03, 0xFF, 0xC0, 0x1F, 0xFE,
    0x03, 0xFF, 0xC0, 0x1F, 0xFE, 0x00, 0xFF, 0xF0, 0x07, 0xFF, 0x80, 0x3F, 0xFC, 0x01, 0xFF, 0xE0,
    0x0F, 0xFF, 0x00, 0x7F, 0xF8, 0x03, 0xFF, 0xC0, 0x1F, 0xFE, 0x00, 0xFF, 0xF0, 0x07, 0xFF, 0x80,
    0x3F, 0xFC, 0x01, 0xFF, 0xE0, 0x0F, 0xFF, 0x00, 0x7F, 0xF8, 0x03, 0xFF, 0xC0, 0x1F, 0xFE, 0x00,
    0xFF, 0xF0, 0x07, 0xFF, 0x80, 0x0F, 0xFC, 0x00, 0x7F, 0xE0, 0x03, 0xF8, 0x00, 0x1F, 0xC0, 0x03,
    0xF8, 0x00, 0x1F, 0xC0, 0x1F, 0xF8, 0x00, 0xFF, 0xC0, 0x07, 0xFE, 0x00, 0x3F, 0xF0, 0x01, 0xFF,
    0x80, 0x00, 0x7F, 0x00, 0x03, 0xF8, 0x00, 0x07, 0xF0, 0x00, 0x3F, 0x80, 0x01, 0xFF, 0x00, 0x0F,
    0xFC, 0x00, 0x7F, 0xE0, 0x0F, 0xFF, 0x00, 0x7F, 0xF8, 0x03, 0xFF, 0xC0, 0x1F, 0xFE, 0x00, 0xFF,
    0xF0, 0x07, 0xFF, 0x80, 0x3F, 0xFC, 0x01, 0xFF, 0xE0, 0x0F, 0xFF, 0x00, 0x7F, 0xF8, 0x03, 0xFF,
    0xC0, 0x1F, 0xFE, 0x00, 0xFF, 0xF0, 0x07, 0xFF, 0x80, 0x3F, 0xFC, 0x01, 0xFF, 0xE0, 0x0F, 0xFF,
    0x00, 0x7F, 0xF8, 0x03, 0xFF, 0xC0, 0x1F, 0xFE, 0x00, 0x3F, 0xFC, 0x01, 0xFF, 0xE0, 0x0F, 0xFF,
    0xC0, 0x1F, 0xFE, 0x00, 0xFF, 0xF0, 0xFF, 0xFF, 0xFF, 0xFF, 0xFF, 0xFF, 0xFF, 0xFF, 0xFF, 0xFF,
    0xFF, 0xFF, 0xFF, 0xFF, 0xFF, 0xFF, 0xFF, 0xFF, 0xFF, 0xFF, 0xFF, 0xFF, 0xFF, 0xFF, 0xFF, 0xFF,
    0xFF, 0xFF, 0xFF, 0xFF, 0xFF, 0xFF, 0xFF, 0xFF, 0xFF, 0xFF, 0xFF, 0xFF, 0xFF, 0xFF, 0xFF, 0xFF,
    0xFF, 0xFF, 0xFF, 0xFF, 0xFF, 0xFF, 0xFF, 0xFF, 0xFF, 0xFF, 0xFF, 0xFF, 0xFF, 0xFF, 0xFF, 0xFF,
    0xFF, 0xFF, 0xFF, 0xFF, 0xFF, 0xFF, 0xFF, 0xFF, 0xFF, 0xFF, 0xFF, 0xFF, 0xFF, 0xFF, 0xFF, 0xFF,
    0xFF, 0xFF, 0xFF, 0xFF, 0xFF, 0xFF, 0xFF, 0xFF, 0xFF, 0xFF, 0xFF, 0xFF, 0xFF, 0xFF, 0xFF, 0xFF,
    0xFF, 0xFF, 0xFF, 0xFF, 0xFF, 0xFF, 0xFF, 0xFF, 0xFF, 0xFF, 0xFF, 0xFF, 0xFF, 0xF0, 0x07, 0xFF,
    0x80, 0x3F, 0xFF, 0x00, 0x7F, 0xF8, 0x03, 0xFF, 0xC0, 0x03, 0xFF, 0xC0, 0x1F, 0xFE, 0x00, 0xFF,
    0xF0, 0x07, 0xFF, 0x80, 0x3F, 0xFC, 0x01, 0xFF, 0xE0, 0x0F, 0xFF, 0x00, 0x7F, 0xF8, 0x03, 0xFF,
    0xC0, 0x1F, 0xFE, 0x00, 0xFF, 0xF0, 0x07, 0xFF, 0x80, 0x3F, 0xFC, 0x01, 0xFF, 0xE0, 0x0F, 0xFF,
    0x00, 0x7F, 0xF8, 0x03, 0xFF, 0xC0, 0x1F, 0xFE, 0x00, 0xFF, 0xF0, 0x07, 0xFF, 0x80, 0x3F, 0xE0,
    0x01, 0xFF, 0x00, 0x0F, 0xF8, 0x00, 0x1F, 0xC0, 0x00, 0xFE, 0x00, 0x01, 0xFE, 0x00, 0x0F, 0xF0,
    0x00, 0x1F, 0xF8, 0x00, 0xFF, 0xC0, 0x07, 0xFE, 0x00, 0x3F, 0xF0, 0x07, 0xFF, 0x80, 0x3F, 0xC0,
    0x01, 0xFE, 0x00, 0x3F, 0x80, 0x01, 0xFC, 0x00, 0x3F, 0xE0, 0x01, 0xFF, 0x00, 0x0F, 0xF8, 0x00,
    0x7F, 0xF8, 0x03, 0xFF, 0xC0, 0x1F, 0xFE, 0x00, 0xFF, 0xF0, 0x07, 0xFF, 0x80, 0x3F, 0xFC, 0x01,
    0xFF, 0xE0, 0x0F, 0xFF, 0x00, 0x7F, 0xF8, 0x03, 0xFF, 0xC0, 0x1F, 0xFE, 0x00, 0xFF, 0xF0, 0x07,
    0xFF, 0x80, 0x3F, 0xFC, 0x01, 0xFF, 0xE0, 0x0F, 0xFF, 0x00, 0x7F, 0xF8, 0x03, 0xFF, 0xC0, 0x1F,
    0xFE, 0x00, 0xFF, 0xF0, 0x3F, 0xFC, 0x01, 0xFF, 0xE0, 0x3F, 0xFF, 0x01, 0xFF, 0xE0, 0x0F, 0xFF,
    0x00, 0x00, 0x00, 0x03, 0xF8, 0x00, 0x0F, 0x80, 0x00, 0x03, 0xF8, 0x00, 0x0F, 0x80, 0x00, 0x7F,
    0xFF, 0xC0, 0x3F, 0xE0, 0x00, 0x7F, 0xFF, 0xC0, 0x3F, 0xF0, 0x00, 0x7F, 0xFF, 0xC0, 0x3F, 0xF0,
    0x01, 0xFF, 0xFF, 0xF0, 0xFF, 0xFC, 0x01, 0xFF, 0xFF, 0xF0, 0xFF, 0xFC, 0x07, 0xFF, 0xFF, 0xFF,
    0xFF, 0xFF, 0x07, 0xFF, 0xFF, 0xFF, 0xFF, 0xFF, 0x3F, 0xFF, 0xFF, 0xFF, 0xFF, 0xFC, 0x3F, 0xFF,
    0xFF, 0xFF, 0xFF, 0xFC, 0x3F, 0xFF, 0xFF, 0xFF, 0xFF, 0xFC, 0x3F, 0xFF, 0xFF, 0xFF, 0xFF, 0xFC,
    0x3F, 0xFF, 0xFF, 0xFF, 0xFF, 0xFC, 0xFF, 0xFF, 0xFF, 0xFF, 0xFF, 0xF0, 0xFF, 0xFF, 0xFF, 0xFF,
    0xFF, 0xF0, 0x7F, 0xFF, 0xFF, 0xFF, 0xFF, 0xE0, 0x3F, 0xFF, 0x8F, 0xFF, 0xFF, 0x80, 0x07, 0xFC,
    0x01, 0xFF, 0xFE, 0x00, 0x07, 0xFC, 0x01, 0xFF, 0xFE, 0x00, 0x07, 0xFC, 0x01, 0xFF, 0xFE, 0x00,
    0x01, 0xF0, 0x00, 0x1F, 0xE0, 0x00, 0x01, 0xF0, 0x00, 0x1F, 0xE0, 0x00,
};

static const EpdGlyph toybox_44Glyphs[] = {
    { 0, 0, 358, 0, 0, 0, 0 }, // U+0020
    { 12, 57, 322, 4, 57, 86, 0 }, // !
    { 28, 20, 572, 4, 57, 70, 86 }, // "
    { 53, 55, 966, 4, 55, 365, 156 }, // #
    { 39, 68, 751, 4, 61, 332, 521 }, // $
    { 57, 57, 1037, 4, 57, 407, 853 }, // %
    { 53, 57, 966, 4, 57, 378, 1260 }, // &
    { 12, 20, 322, 4, 57, 30, 1638 }, // '
    { 23, 69, 501, 4, 57, 199, 1668 }, // (
    { 23, 69, 501, 4, 57, 199, 1867 }, // )
    { 26, 27, 537, 4, 57, 88, 2066 }, // *
    { 37, 36, 715, 4, 45, 167, 2154 }, // +
    { 12, 20, 322, 4, 11, 30, 2321 }, // ,
    { 35, 11, 680, 4, 34, 49, 2351 }, // -
    { 12, 11, 322, 4, 11, 17, 2400 }, // .
    { 26, 68, 537, 4, 57, 221, 2417 }, // /
    { 35, 57, 680, 4, 57, 250, 2638 }, // 0
    { 21, 57, 465, 4, 57, 150, 2888 }, // 1
    { 37, 57, 715, 4, 57, 264, 3038 }, // 2
    { 37, 57, 715, 4, 57, 264, 3302 }, // 3
    { 35, 57, 680, 4, 57, 250, 3566 }, // 4
    { 37, 57, 715, 4, 57, 264, 3816 }, // 5
    { 37, 57, 715, 4, 57, 264, 4080 }, // 6
    { 35, 57, 680, 4, 57, 250, 4344 }, // 7
    { 37, 57, 715, 4, 57, 264, 4594 }, // 8
    { 37, 57, 715, 4, 57, 264, 4858 }, // 9
    { 12, 45, 322, 4, 45, 68, 5122 }, // :
    { 12, 54, 322, 4, 45, 81, 5190 }, // ;
    { 37, 41, 715, 4, 48, 190, 5271 }, // <
    { 37, 25, 715, 4, 36, 116, 5461 }, // =
    { 37, 41, 715, 4, 48, 190, 5577 }, // >
    { 35, 57, 680, 4, 57, 250, 5767 }, // ?
    { 62, 62, 1109, 4, 59, 481, 6017 }, // @
    { 37, 57, 715, 4, 57, 264, 6498 }, // A
    { 37, 57, 715, 4, 57, 264, 6762 }, // B
    { 39, 57, 751, 4, 57, 278, 7026 }, // C
    { 37, 57, 715, 4, 57, 264, 7304 }, // D
    { 37, 57, 715, 4, 57, 264, 7568 }, // E
    { 37, 57, 644, 4, 57, 264, 7832 }, // F
    { 39, 57, 751, 4, 57, 278, 8096 }, // G
    { 39, 57, 751, 4, 57, 278, 8374 }, // H
    { 12, 57, 322, 4, 57, 86, 8652 }, // I
    { 35, 57, 680, 4, 57, 250, 8738 }, // J
    { 35, 57, 680, 4, 57, 250, 8988 }, // K
    { 30, 57, 608, 4, 57, 214, 9238 }, // L
    { 55, 57, 1002, 4, 57, 392, 9452 }, // M
    { 44, 57, 823, 4, 57, 314, 9844 }, // N
    { 39, 57, 751, 4, 57, 278, 10158 }, // O
    { 37, 57, 715, 4, 57, 264, 10436 }, // P
    { 39, 66, 751, 4, 57, 322, 10700 }, // Q
    { 37, 57, 715, 4, 57, 264, 11022 }, // R
    { 39, 57, 751, 4, 57, 278, 11286 }, // S
    { 35, 57, 680, 4, 57, 250, 11564 }, // T
    { 39, 57, 751, 4, 57, 278, 11814 }, // U
    { 37, 57, 715, 4, 57, 264, 12092 }, // V
    { 57, 57, 1037, 4, 57, 407, 12356 }, // W
    { 37, 57, 715, 4, 57, 264, 12763 }, // X
    { 39, 57, 751, 4, 57, 278, 13027 }, // Y
    { 41, 57, 787, 4, 57, 293, 13305 }, // Z
    { 21, 68, 465, 4, 57, 179, 13598 }, // [
    { 26, 68, 537, 4, 57, 221, 13777 }, // <backslash>
    { 21, 68, 465, 4, 57, 179, 13998 }, // ]
    { 41, 23, 787, 4, 57, 118, 14177 }, // ^
    { 37, 11, 715, 4, 0, 51, 14295 }, // _
    { 14, 14, 286, 2, 62, 25, 14346 }, // `
    { 37, 43, 680, 2, 43, 199, 14371 }, // a
    { 37, 57, 680, 4, 57, 264, 14570 }, // b
    { 37, 43, 644, 2, 43, 199, 14834 }, // c
    { 37, 57, 680, 2, 57, 264, 15033 }, // d
    { 37, 43, 644, 2, 43, 199, 15297 }, // e
    { 26, 57, 501, 4, 57, 186, 15496 }, // f
    { 37, 57, 680, 2, 43, 264, 15682 }, // g
    { 37, 57, 680, 4, 57, 264, 15946 }, // h
    { 12, 57, 322, 4, 57, 86, 16210 }, // i
    { 18, 71, 358, 0, 57, 160, 16296 }, // j
    { 32, 57, 644, 4, 57, 228, 16456 }, // k
    { 12, 57, 322, 4, 57, 86, 16684 }, // l
    { 53, 43, 930, 4, 43, 285, 16770 }, // m
    { 37, 43, 680, 4, 43, 199, 17055 }, // n
    { 37, 43, 644, 2, 43, 199, 17254 }, // o
    { 37, 57, 680, 4, 43, 264, 17453 }, // p
    { 37, 57, 680, 2, 43, 264, 17717 }, // q
    { 32, 43, 572, 4, 43, 172, 17981 }, // r
    { 37, 43, 644, 2, 43, 199, 18153 }, // s
    { 25, 55, 429, 0, 55, 172, 18352 }, // t
    { 37, 43, 680, 2, 43, 199, 18524 }, // u
    { 37, 43, 715, 4, 43, 199, 18723 }, // v
    { 57, 43, 1037, 4, 43, 307, 18922 }, // w
    { 37, 43, 715, 4, 43, 199, 19229 }, // x
    { 37, 57, 715, 4, 43, 264, 19428 }, // y
    { 37, 43, 715, 4, 43, 199, 19692 }, // z
    { 21, 68, 465, 4, 57, 179, 19891 }, // {
    { 12, 68, 394, 6, 57, 102, 20070 }, // |
    { 21, 69, 465, 4, 57, 182, 20172 }, // }
    { 48, 23, 894, 4, 37, 138, 20354 }, // ~
};

static const EpdUnicodeInterval toybox_44Intervals[] = {
    { 0x20, 0x7E, 0x0 },
};

static const EpdFontData toybox_44 = {
    toybox_44Bitmaps,
    toybox_44Glyphs,
    toybox_44Intervals,
    1,
    92,
    74,
    -19,
    false,
    nullptr,
    0,
    nullptr,
    nullptr,
    nullptr,
    nullptr,  // kernLeftCodepoints: this cut has no kerning data at all
    nullptr,  // kernLeftClassIds
    nullptr,  // kernRightCodepoints
    nullptr,  // kernRightClassIds
    nullptr,
    nullptr,  // kernRowOffsets: this cut has no kerning data at all
    nullptr,  // kernSparseCols
    nullptr,  // kernSparseValues
    0,
    0,
    0,
    0,
    nullptr,
    0,
};
